Survey,Date,Reef,Method,Drop/Transect,Depth,Habitat,Species,MaxN,T_ID,Soak time
Oct_21,1/11/2021,Ashmore,BRUV,D1,38,lagoon,Balistoides viridescens,1,Oct_21_44501_Ashmore_BRUV_D1,1:00:00
Oct_21,1/11/2021,Ashmore,BRUV,D1,38,lagoon,Carangoides ferdau,2,Oct_21_44501_Ashmore_BRUV_D1,1:00:00
Oct_21,1/11/2021,Ashmore,BRUV,D1,38,lagoon,Scomberoides lysan,1,Oct_21_44501_Ashmore_BRUV_D1,1:00:00
Oct_21,1/11/2021,Ashmore,BRUV,D1,38,lagoon,Carcharhinus amblyrhynchos,,Oct_21_44501_Ashmore_BRUV_D1,1:00:00
Oct_21,1/11/2021,Ashmore,BRUV,D1,38,lagoon,Chaetodon auriga,2,Oct_21_44501_Ashmore_BRUV_D1,1:00:00
Oct_21,1/11/2021,Ashmore,BRUV,D1,38,lagoon,Neotrygon kuhlii,1,Oct_21_44501_Ashmore_BRUV_D1,1:00:00
Oct_21,1/11/2021,Ashmore,BRUV,D1,38,lagoon,Cheilinus undulatus,1,Oct_21_44501_Ashmore_BRUV_D1,1:00:00
Oct_21,1/11/2021,Ashmore,BRUV,D1,38,lagoon,Lethrinus nebulosus,1,Oct_21_44501_Ashmore_BRUV_D1,1:00:00
Oct_21,1/11/2021,Ashmore,BRUV,D1,38,lagoon,Lutjanus bohar,1,Oct_21_44501_Ashmore_BRUV_D1,1:00:00
Oct_21,1/11/2021,Ashmore,BRUV,D1,38,lagoon,Plectropomus leopardus,1,Oct_21_44501_Ashmore_BRUV_D1,1:00:00
Oct_21,1/11/2021,Ashmore,BRUV,D1,38,lagoon,Sphyraena barracuda,1,Oct_21_44501_Ashmore_BRUV_D1,1:00:00
Oct_21,1/11/2021,Ashmore,BRUV,D3,42,lagoon,Carangoides fulvoguttatus,1,Oct_21_44501_Ashmore_BRUV_D3,1:00:00
Oct_21,1/11/2021,Ashmore,BRUV,D3,42,lagoon,Caranx ignobilis,1,Oct_21_44501_Ashmore_BRUV_D3,1:00:00
Oct_21,1/11/2021,Ashmore,BRUV,D3,42,lagoon,Gnathanodon speciosus,1,Oct_21_44501_Ashmore_BRUV_D3,1:00:00
Oct_21,1/11/2021,Ashmore,BRUV,D3,42,lagoon,Carcharhinus albimarginatus,1,Oct_21_44501_Ashmore_BRUV_D3,1:00:00
Oct_21,1/11/2021,Ashmore,BRUV,D3,42,lagoon,Carcharhinus amblyrhynchos,1,Oct_21_44501_Ashmore_BRUV_D3,1:00:00
Oct_21,1/11/2021,Ashmore,BRUV,D3,42,lagoon,Gymnocranius euanus,1,Oct_21_44501_Ashmore_BRUV_D3,1:00:00
Oct_21,1/11/2021,Ashmore,BRUV,D4,28,lagoon,Pseudobalistes flavimarginatus,1,Oct_21_44501_Ashmore_BRUV_D4,1:00:00
Oct_21,1/11/2021,Ashmore,BRUV,D4,28,lagoon,Carcharhinus amblyrhynchos,1,Oct_21_44501_Ashmore_BRUV_D4,1:00:00
Oct_21,1/11/2021,Ashmore,BRUV,D4,28,lagoon,Chaetodon kleinii,1,Oct_21_44501_Ashmore_BRUV_D4,1:00:00
Oct_21,1/11/2021,Ashmore,BRUV,D4,28,lagoon,Cheilinus undulatus,1,Oct_21_44501_Ashmore_BRUV_D4,1:00:00
Oct_21,1/11/2021,Ashmore,BRUV,D4,28,lagoon,Lethrinus semicinctus,5,Oct_21_44501_Ashmore_BRUV_D4,1:00:00
Oct_21,1/11/2021,Ashmore,BRUV,D4,28,lagoon,Lutjanus rivulatus,1,Oct_21_44501_Ashmore_BRUV_D4,1:00:00
Oct_21,1/11/2021,Ashmore,BRUV,D4,28,lagoon,Parupeneus heptacanthus,4,Oct_21_44501_Ashmore_BRUV_D4,1:00:00
Oct_21,1/11/2021,Ashmore,BRUV,D4,28,lagoon,Parupeneus pleurostigma,4,Oct_21_44501_Ashmore_BRUV_D4,1:00:00
Oct_21,1/11/2021,Ashmore,BRUV,D4,28,lagoon,Chrysiptera flavipinnis,1,Oct_21_44501_Ashmore_BRUV_D4,1:00:00
Oct_21,1/11/2021,Ashmore,BRUV,D4,28,lagoon,Pomacentrus amboinensis,3,Oct_21_44501_Ashmore_BRUV_D4,1:00:00
Oct_21,1/11/2021,Ashmore,BRUV,D4,28,lagoon,Pomacentrus nagasakiensis,2,Oct_21_44501_Ashmore_BRUV_D4,1:00:00
Oct_21,1/11/2021,Ashmore,BRUV,D4,28,lagoon,Pomacentrus pavo,5,Oct_21_44501_Ashmore_BRUV_D4,1:00:00
Oct_21,1/11/2021,Ashmore,BRUV,D4,28,lagoon,Plectropomus leopardus,2,Oct_21_44501_Ashmore_BRUV_D4,1:00:00
Oct_21,1/11/2021,Ashmore,BRUV,D5,32,lagoon,Pseudobalistes flavimarginatus,1,Oct_21_44501_Ashmore_BRUV_D5,1:00:00
Oct_21,1/11/2021,Ashmore,BRUV,D5,32,lagoon,Carangoides ferdau,1,Oct_21_44501_Ashmore_BRUV_D5,1:00:00
Oct_21,1/11/2021,Ashmore,BRUV,D5,32,lagoon,Gymnocranius grandoculis,1,Oct_21_44501_Ashmore_BRUV_D5,1:00:00
Oct_21,1/11/2021,Ashmore,BRUV,D5,32,lagoon,Lethrinus olivaceus,1,Oct_21_44501_Ashmore_BRUV_D5,1:00:00
Oct_21,1/11/2021,Ashmore,BRUV,D5,32,lagoon,Lutjanus bohar,1,Oct_21_44501_Ashmore_BRUV_D5,1:00:00
Oct_21,2/11/2021,Ashmore,BRUV,D10,27,lagoon,Acanthurus blochii,3,Oct_21_44502_Ashmore_BRUV_D10,1:00:00
Oct_21,2/11/2021,Ashmore,BRUV,D10,27,lagoon,Ctenochaetus striatus,1,Oct_21_44502_Ashmore_BRUV_D10,1:00:00
Oct_21,2/11/2021,Ashmore,BRUV,D10,27,lagoon,Naso lituratus,2,Oct_21_44502_Ashmore_BRUV_D10,1:00:00
Oct_21,2/11/2021,Ashmore,BRUV,D10,27,lagoon,Carcharhinus amblyrhynchos,1,Oct_21_44502_Ashmore_BRUV_D10,1:00:00
Oct_21,2/11/2021,Ashmore,BRUV,D10,27,lagoon,Chaetodon lineolatus,1,Oct_21_44502_Ashmore_BRUV_D10,1:00:00
Oct_21,2/11/2021,Ashmore,BRUV,D10,27,lagoon,Labroides dimidiatus,1,Oct_21_44502_Ashmore_BRUV_D10,1:00:00
Oct_21,2/11/2021,Ashmore,BRUV,D10,27,lagoon,Oxycheilinus unifasciatus,1,Oct_21_44502_Ashmore_BRUV_D10,1:00:00
Oct_21,2/11/2021,Ashmore,BRUV,D10,27,lagoon,Thalassoma lunare,1,Oct_21_44502_Ashmore_BRUV_D10,1:00:00
Oct_21,2/11/2021,Ashmore,BRUV,D10,27,lagoon,Lethrinus erythracanthus,1,Oct_21_44502_Ashmore_BRUV_D10,1:00:00
Oct_21,2/11/2021,Ashmore,BRUV,D10,27,lagoon,Pentapodus aureofasciatus,1,Oct_21_44502_Ashmore_BRUV_D10,1:00:00
Oct_21,2/11/2021,Ashmore,BRUV,D10,27,lagoon,Centropyge bicolor,1,Oct_21_44502_Ashmore_BRUV_D10,1:00:00
Oct_21,2/11/2021,Ashmore,BRUV,D10,27,lagoon,Centropyge bispinosa,1,Oct_21_44502_Ashmore_BRUV_D10,1:00:00
Oct_21,2/11/2021,Ashmore,BRUV,D10,27,lagoon,Pygoplites diacanthus,1,Oct_21_44502_Ashmore_BRUV_D10,1:00:00
Oct_21,2/11/2021,Ashmore,BRUV,D10,27,lagoon,Chromis retrofasciata,4,Oct_21_44502_Ashmore_BRUV_D10,1:00:00
Oct_21,2/11/2021,Ashmore,BRUV,D10,27,lagoon,Pomachromis richardsoni,1,Oct_21_44502_Ashmore_BRUV_D10,1:00:00
Oct_21,2/11/2021,Ashmore,BRUV,D10,27,lagoon,Scarus chameleon,1,Oct_21_44502_Ashmore_BRUV_D10,1:00:00
Oct_21,2/11/2021,Ashmore,BRUV,D10,27,lagoon,Scarus schlegeli,1,Oct_21_44502_Ashmore_BRUV_D10,1:00:00
Oct_21,2/11/2021,Ashmore,BRUV,D10,27,lagoon,Plectropomus laevis,1,Oct_21_44502_Ashmore_BRUV_D10,1:00:00
Oct_21,2/11/2021,Ashmore,BRUV,D10,27,lagoon,Plectropomus leopardus,2,Oct_21_44502_Ashmore_BRUV_D10,1:00:00
Oct_21,2/11/2021,Ashmore,BRUV,D9,37,lagoon,Acanthurus dussumieri,1,Oct_21_44502_Ashmore_BRUV_D9,1:00:00
Oct_21,2/11/2021,Ashmore,BRUV,D9,37,lagoon,Pseudobalistes flavimarginatus,1,Oct_21_44502_Ashmore_BRUV_D9,1:00:00
Oct_21,2/11/2021,Ashmore,BRUV,D9,37,lagoon,Carangoides ferdau,13,Oct_21_44502_Ashmore_BRUV_D9,1:00:00
Oct_21,2/11/2021,Ashmore,BRUV,D9,37,lagoon,Elagatis bipinnulata,50,Oct_21_44502_Ashmore_BRUV_D9,1:00:00
Oct_21,2/11/2021,Ashmore,BRUV,D9,37,lagoon,Carcharhinus albimarginatus,1,Oct_21_44502_Ashmore_BRUV_D9,1:00:00
Oct_21,2/11/2021,Ashmore,BRUV,D9,37,lagoon,Carcharhinus amblyrhynchos,1,Oct_21_44502_Ashmore_BRUV_D9,1:00:00
Oct_21,3/11/2021,Ashmore,BRUV,D11,32,lagoon,Acanthurus pyroferus,2,Oct_21_44503_Ashmore_BRUV_D11,1:00:00
Oct_21,3/11/2021,Ashmore,BRUV,D11,32,lagoon,Naso lituratus,1,Oct_21_44503_Ashmore_BRUV_D11,1:00:00
Oct_21,3/11/2021,Ashmore,BRUV,D11,32,lagoon,Balistapus undulatus,1,Oct_21_44503_Ashmore_BRUV_D11,1:00:00
Oct_21,3/11/2021,Ashmore,BRUV,D11,32,lagoon,Pseudobalistes flavimarginatus,1,Oct_21_44503_Ashmore_BRUV_D11,1:00:00
Oct_21,3/11/2021,Ashmore,BRUV,D11,32,lagoon,Chaetodon auriga,2,Oct_21_44503_Ashmore_BRUV_D11,1:00:00
Oct_21,3/11/2021,Ashmore,BRUV,D11,32,lagoon,Epinephelus polyphekadion,1,Oct_21_44503_Ashmore_BRUV_D11,1:00:00
Oct_21,3/11/2021,Ashmore,BRUV,D11,32,lagoon,Bodianus mesothorax,1,Oct_21_44503_Ashmore_BRUV_D11,1:00:00
Oct_21,3/11/2021,Ashmore,BRUV,D11,32,lagoon,Cheilinus fasciatus,1,Oct_21_44503_Ashmore_BRUV_D11,1:00:00
Oct_21,3/11/2021,Ashmore,BRUV,D11,32,lagoon,Cheilinus undulatus,1,Oct_21_44503_Ashmore_BRUV_D11,1:00:00
Oct_21,3/11/2021,Ashmore,BRUV,D11,32,lagoon,Lethrinus erythracanthus,1,Oct_21_44503_Ashmore_BRUV_D11,1:00:00
Oct_21,3/11/2021,Ashmore,BRUV,D11,32,lagoon,Lutjanus bohar,1,Oct_21_44503_Ashmore_BRUV_D11,1:00:00
Oct_21,3/11/2021,Ashmore,BRUV,D11,32,lagoon,Parupeneus multifasciatus,2,Oct_21_44503_Ashmore_BRUV_D11,1:00:00
Oct_21,3/11/2021,Ashmore,BRUV,D11,32,lagoon,Pentapodus aureofasciatus,1,Oct_21_44503_Ashmore_BRUV_D11,1:00:00
Oct_21,3/11/2021,Ashmore,BRUV,D11,32,lagoon,Scolopsis bilineata,1,Oct_21_44503_Ashmore_BRUV_D11,1:00:00
Oct_21,3/11/2021,Ashmore,BRUV,D11,32,lagoon,Plectropomus leopardus,3,Oct_21_44503_Ashmore_BRUV_D11,1:00:00
Oct_21,3/11/2021,Ashmore,BRUV,D13,42,lagoon,Carangoides ferdau,9,Oct_21_44503_Ashmore_BRUV_D13,1:00:00
Oct_21,3/11/2021,Ashmore,BRUV,D13,42,lagoon,Carcharhinus albimarginatus,1,Oct_21_44503_Ashmore_BRUV_D13,1:00:00
Oct_21,3/11/2021,Ashmore,BRUV,D13,42,lagoon,Lutjanus bohar,1,Oct_21_44503_Ashmore_BRUV_D13,1:00:00
Oct_21,3/11/2021,Ashmore,BRUV,D13,42,lagoon,Paramonacanthus curtorhynchos,4,Oct_21_44503_Ashmore_BRUV_D13,1:00:00
Oct_21,3/11/2021,Ashmore,BRUV,D14,45,lagoon,Caranx ignobilis,1,Oct_21_44503_Ashmore_BRUV_D14,1:00:00
Oct_21,3/11/2021,Ashmore,BRUV,D14,45,lagoon,Elagatis bipinnulata,1,Oct_21_44503_Ashmore_BRUV_D14,1:00:00
Oct_21,3/11/2021,Ashmore,BRUV,D14,45,lagoon,Cheilinus undulatus,1,Oct_21_44503_Ashmore_BRUV_D14,1:00:00
Oct_21,3/11/2021,Ashmore,BRUV,D14,45,lagoon,Labroides dimidiatus,1,Oct_21_44503_Ashmore_BRUV_D14,1:00:00
Oct_21,3/11/2021,Ashmore,BRUV,D14,45,lagoon,Lethrinus olivaceus,2,Oct_21_44503_Ashmore_BRUV_D14,1:00:00
Oct_21,3/11/2021,Ashmore,BRUV,D14,45,lagoon,Lutjanus bohar,1,Oct_21_44503_Ashmore_BRUV_D14,1:00:00
Oct_21,4/11/2021,Ashmore,BRUV,D16,32,lagoon,Acanthurus xanthopterus,1,Oct_21_44504_Ashmore_BRUV_D16,1:00:00
Oct_21,4/11/2021,Ashmore,BRUV,D16,32,lagoon,Pseudobalistes flavimarginatus,2,Oct_21_44504_Ashmore_BRUV_D16,1:00:00
Oct_21,4/11/2021,Ashmore,BRUV,D16,32,lagoon,Carangoides ferdau,1,Oct_21_44504_Ashmore_BRUV_D16,1:00:00
Oct_21,4/11/2021,Ashmore,BRUV,D16,32,lagoon,Carcharhinus albimarginatus,1,Oct_21_44504_Ashmore_BRUV_D16,1:00:00
Oct_21,4/11/2021,Ashmore,BRUV,D16,32,lagoon,Carcharhinus amblyrhynchos,2,Oct_21_44504_Ashmore_BRUV_D16,1:00:00
Oct_21,4/11/2021,Ashmore,BRUV,D16,32,lagoon,Negaprion acutidens,1,Oct_21_44504_Ashmore_BRUV_D16,1:00:00
Oct_21,4/11/2021,Ashmore,BRUV,D16,32,lagoon,Triaenodon obesus,1,Oct_21_44504_Ashmore_BRUV_D16,1:00:00
Oct_21,4/11/2021,Ashmore,BRUV,D16,32,lagoon,Heniochus diphreutes,1,Oct_21_44504_Ashmore_BRUV_D16,1:00:00
Oct_21,4/11/2021,Ashmore,BRUV,D16,32,lagoon,Conger Heteroconger hassi,5,Oct_21_44504_Ashmore_BRUV_D16,1:00:00
Oct_21,4/11/2021,Ashmore,BRUV,D16,32,lagoon,Cheilinus undulatus,1,Oct_21_44504_Ashmore_BRUV_D16,1:00:00
Oct_21,4/11/2021,Ashmore,BRUV,D16,32,lagoon,Lethrinus rubrioperculatus,1,Oct_21_44504_Ashmore_BRUV_D16,1:00:00
Oct_21,4/11/2021,Ashmore,BRUV,D16,32,lagoon,Parupeneus barberinus,1,Oct_21_44504_Ashmore_BRUV_D16,1:00:00
Oct_21,4/11/2021,Ashmore,BRUV,D17,38,lagoon,Pseudobalistes flavimarginatus,1,Oct_21_44504_Ashmore_BRUV_D17,1:00:00
Oct_21,4/11/2021,Ashmore,BRUV,D17,38,lagoon,Carangoides ferdau,10,Oct_21_44504_Ashmore_BRUV_D17,1:00:00
Oct_21,4/11/2021,Ashmore,BRUV,D17,38,lagoon,Carcharhinus albimarginatus,1,Oct_21_44504_Ashmore_BRUV_D17,1:00:00
Oct_21,4/11/2021,Ashmore,BRUV,D17,38,lagoon,Carcharhinus amblyrhynchos,3,Oct_21_44504_Ashmore_BRUV_D17,1:00:00
Oct_21,4/11/2021,Ashmore,BRUV,D17,38,lagoon,Gymnocranius grandoculis,1,Oct_21_44504_Ashmore_BRUV_D17,1:00:00
Oct_21,5/11/2021,Ashmore,BRUV,D19,26,lagoon,Acanthurus blochii,1,Oct_21_44505_Ashmore_BRUV_D19,1:00:00
Oct_21,5/11/2021,Ashmore,BRUV,D19,26,lagoon,Pseudobalistes flavimarginatus,1,Oct_21_44505_Ashmore_BRUV_D19,1:00:00
Oct_21,5/11/2021,Ashmore,BRUV,D19,26,lagoon,Carcharhinus amblyrhynchos,1,Oct_21_44505_Ashmore_BRUV_D19,1:00:00
Oct_21,5/11/2021,Ashmore,BRUV,D19,26,lagoon,Thalassoma lunare,1,Oct_21_44505_Ashmore_BRUV_D19,1:00:00
Oct_21,5/11/2021,Ashmore,BRUV,D19,26,lagoon,Gymnocranius superciliosus,1,Oct_21_44505_Ashmore_BRUV_D19,1:00:00
Oct_21,5/11/2021,Ashmore,BRUV,D19,26,lagoon,Lethrinus semicinctus,2,Oct_21_44505_Ashmore_BRUV_D19,1:00:00
Oct_21,5/11/2021,Ashmore,BRUV,D19,26,lagoon,Scolopsis affinis,1,Oct_21_44505_Ashmore_BRUV_D19,1:00:00
Oct_21,5/11/2021,Ashmore,BRUV,D19,26,lagoon,Plectropomus laevis,1,Oct_21_44505_Ashmore_BRUV_D19,1:00:00
Oct_21,5/11/2021,Ashmore,BRUV,D20,23,lagoon,Acanthurus pyroferus,2,Oct_21_44505_Ashmore_BRUV_D20,1:00:00
Oct_21,5/11/2021,Ashmore,BRUV,D20,23,lagoon,Acanthurus thompsoni,1,Oct_21_44505_Ashmore_BRUV_D20,1:00:00
Oct_21,5/11/2021,Ashmore,BRUV,D20,23,lagoon,Naso lituratus,1,Oct_21_44505_Ashmore_BRUV_D20,1:00:00
Oct_21,5/11/2021,Ashmore,BRUV,D20,23,lagoon,Zebrasoma veliferum,2,Oct_21_44505_Ashmore_BRUV_D20,1:00:00
Oct_21,5/11/2021,Ashmore,BRUV,D20,23,lagoon,Balistapus undulatus,1,Oct_21_44505_Ashmore_BRUV_D20,1:00:00
Oct_21,5/11/2021,Ashmore,BRUV,D20,23,lagoon,Balistoides viridescens,1,Oct_21_44505_Ashmore_BRUV_D20,1:00:00
Oct_21,5/11/2021,Ashmore,BRUV,D20,23,lagoon,Pseudobalistes flavimarginatus,1,Oct_21_44505_Ashmore_BRUV_D20,1:00:00
Oct_21,5/11/2021,Ashmore,BRUV,D20,23,lagoon,Triaenodon obesus,1,Oct_21_44505_Ashmore_BRUV_D20,1:00:00
Oct_21,5/11/2021,Ashmore,BRUV,D20,23,lagoon,Chaetodon auriga,1,Oct_21_44505_Ashmore_BRUV_D20,1:00:00
Oct_21,5/11/2021,Ashmore,BRUV,D20,23,lagoon,Chaetodon bennetti,1,Oct_21_44505_Ashmore_BRUV_D20,1:00:00
Oct_21,5/11/2021,Ashmore,BRUV,D20,23,lagoon,Forcipiger flavissimus,2,Oct_21_44505_Ashmore_BRUV_D20,1:00:00
Oct_21,5/11/2021,Ashmore,BRUV,D20,23,lagoon,Cheilinus fasciatus,2,Oct_21_44505_Ashmore_BRUV_D20,1:00:00
Oct_21,5/11/2021,Ashmore,BRUV,D20,23,lagoon,Labroides dimidiatus,1,Oct_21_44505_Ashmore_BRUV_D20,1:00:00
Oct_21,5/11/2021,Ashmore,BRUV,D20,23,lagoon,Oxycheilinus digrammus,1,Oct_21_44505_Ashmore_BRUV_D20,1:00:00
Oct_21,5/11/2021,Ashmore,BRUV,D20,23,lagoon,Lethrinus semicinctus,4,Oct_21_44505_Ashmore_BRUV_D20,1:00:00
Oct_21,5/11/2021,Ashmore,BRUV,D20,23,lagoon,Monotaxis grandoculis,2,Oct_21_44505_Ashmore_BRUV_D20,1:00:00
Oct_21,5/11/2021,Ashmore,BRUV,D20,23,lagoon,Lutjanus bohar,1,Oct_21_44505_Ashmore_BRUV_D20,1:00:00
Oct_21,5/11/2021,Ashmore,BRUV,D20,23,lagoon,Lutjanus rivulatus,1,Oct_21_44505_Ashmore_BRUV_D20,1:00:00
Oct_21,5/11/2021,Ashmore,BRUV,D20,23,lagoon,Mulloidichthys flavolineatus,2,Oct_21_44505_Ashmore_BRUV_D20,1:00:00
Oct_21,5/11/2021,Ashmore,BRUV,D20,23,lagoon,Parupeneus cyclostomus,1,Oct_21_44505_Ashmore_BRUV_D20,1:00:00
Oct_21,5/11/2021,Ashmore,BRUV,D20,23,lagoon,Parupeneus heptacanthus,1,Oct_21_44505_Ashmore_BRUV_D20,1:00:00
Oct_21,5/11/2021,Ashmore,BRUV,D20,23,lagoon,Parupeneus multifasciatus,1,Oct_21_44505_Ashmore_BRUV_D20,1:00:00
Oct_21,5/11/2021,Ashmore,BRUV,D20,23,lagoon,Parupeneus pleurostigma,1,Oct_21_44505_Ashmore_BRUV_D20,1:00:00
Oct_21,5/11/2021,Ashmore,BRUV,D20,23,lagoon,Pentapodus aureofasciatus,4,Oct_21_44505_Ashmore_BRUV_D20,1:00:00
Oct_21,5/11/2021,Ashmore,BRUV,D20,23,lagoon,Scolopsis affinis,1,Oct_21_44505_Ashmore_BRUV_D20,1:00:00
Oct_21,5/11/2021,Ashmore,BRUV,D20,23,lagoon,Scolopsis bilineata,1,Oct_21_44505_Ashmore_BRUV_D20,1:00:00
Oct_21,5/11/2021,Ashmore,BRUV,D20,23,lagoon,Parapercis hexophthalma,2,Oct_21_44505_Ashmore_BRUV_D20,1:00:00
Oct_21,5/11/2021,Ashmore,BRUV,D20,23,lagoon,Pygoplites diacanthus,1,Oct_21_44505_Ashmore_BRUV_D20,1:00:00
Oct_21,5/11/2021,Ashmore,BRUV,D20,23,lagoon,Scarus schlegeli,2,Oct_21_44505_Ashmore_BRUV_D20,1:00:00
Oct_21,5/11/2021,Ashmore,BRUV,D20,23,lagoon,Plectropomus leopardus,2,Oct_21_44505_Ashmore_BRUV_D20,1:00:00
Oct_21,5/11/2021,Ashmore,BRUV,D20,23,lagoon,Siganus vulpinus,1,Oct_21_44505_Ashmore_BRUV_D20,1:00:00
Oct_21,5/11/2021,Ashmore,BRUV,D21,17,lagoon,Naso brevirostris,2,Oct_21_44505_Ashmore_BRUV_D21,1:00:00
Oct_21,5/11/2021,Ashmore,BRUV,D21,17,lagoon,Zebrasoma veliferum,3,Oct_21_44505_Ashmore_BRUV_D21,1:00:00
Oct_21,5/11/2021,Ashmore,BRUV,D21,17,lagoon,Balistoides viridescens,1,Oct_21_44505_Ashmore_BRUV_D21,1:00:00
Oct_21,5/11/2021,Ashmore,BRUV,D21,17,lagoon,Pseudobalistes flavimarginatus,1,Oct_21_44505_Ashmore_BRUV_D21,1:00:00
Oct_21,5/11/2021,Ashmore,BRUV,D21,17,lagoon,Carcharhinus amblyrhynchos,2,Oct_21_44505_Ashmore_BRUV_D21,1:00:00
Oct_21,5/11/2021,Ashmore,BRUV,D21,17,lagoon,Epinephelus polyphekadion,1,Oct_21_44505_Ashmore_BRUV_D21,1:00:00
Oct_21,5/11/2021,Ashmore,BRUV,D21,17,lagoon,Cheilinus undulatus,1,Oct_21_44505_Ashmore_BRUV_D21,1:00:00
Oct_21,5/11/2021,Ashmore,BRUV,D21,17,lagoon,Thalassoma lunare,6,Oct_21_44505_Ashmore_BRUV_D21,1:00:00
Oct_21,5/11/2021,Ashmore,BRUV,D21,17,lagoon,Lethrinus nebulosus,1,Oct_21_44505_Ashmore_BRUV_D21,1:00:00
Oct_21,5/11/2021,Ashmore,BRUV,D21,17,lagoon,Lethrinus semicinctus,2,Oct_21_44505_Ashmore_BRUV_D21,1:00:00
Oct_21,5/11/2021,Ashmore,BRUV,D21,17,lagoon,Monotaxis grandoculis,1,Oct_21_44505_Ashmore_BRUV_D21,1:00:00
Oct_21,5/11/2021,Ashmore,BRUV,D21,17,lagoon,Lutjanus bohar,4,Oct_21_44505_Ashmore_BRUV_D21,1:00:00
Oct_21,5/11/2021,Ashmore,BRUV,D21,17,lagoon,Parupeneus multifasciatus,3,Oct_21_44505_Ashmore_BRUV_D21,1:00:00
Oct_21,5/11/2021,Ashmore,BRUV,D21,17,lagoon,Scarus altipinnis,1,Oct_21_44505_Ashmore_BRUV_D21,1:00:00
Oct_21,5/11/2021,Ashmore,BRUV,D21,17,lagoon,Plectropomus leopardus,1,Oct_21_44505_Ashmore_BRUV_D21,1:00:00
Oct_21,5/11/2021,Ashmore,BRUV,D22,25,lagoon,Acanthurus blochii,7,Oct_21_44505_Ashmore_BRUV_D22,1:00:00
Oct_21,5/11/2021,Ashmore,BRUV,D22,25,lagoon,Balistoides viridescens,1,Oct_21_44505_Ashmore_BRUV_D22,1:00:00
Oct_21,5/11/2021,Ashmore,BRUV,D22,25,lagoon,Chaetodon auriga,2,Oct_21_44505_Ashmore_BRUV_D22,1:00:00
Oct_21,5/11/2021,Ashmore,BRUV,D22,25,lagoon,Gymnocranius euanus,1,Oct_21_44505_Ashmore_BRUV_D22,1:00:00
Oct_21,5/11/2021,Ashmore,BRUV,D22,25,lagoon,Lethrinus semicinctus,2,Oct_21_44505_Ashmore_BRUV_D22,1:00:00
Oct_21,5/11/2021,Ashmore,BRUV,D22,25,lagoon,Lutjanus bohar,1,Oct_21_44505_Ashmore_BRUV_D22,1:00:00
Oct_21,5/11/2021,Ashmore,BRUV,D22,25,lagoon,Lutjanus rivulatus,1,Oct_21_44505_Ashmore_BRUV_D22,1:00:00
Oct_21,5/11/2021,Ashmore,BRUV,D22,25,lagoon,Mulloidichthys flavolineatus,8,Oct_21_44505_Ashmore_BRUV_D22,1:00:00
Oct_21,5/11/2021,Ashmore,BRUV,D22,25,lagoon,Pentapodus aureofasciatus,1,Oct_21_44505_Ashmore_BRUV_D22,1:00:00
Oct_21,5/11/2021,Ashmore,BRUV,D22,25,lagoon,Scarus flavipinnis,1,Oct_21_44505_Ashmore_BRUV_D22,1:00:00
Oct_21,5/11/2021,Ashmore,BRUV,D22,25,lagoon,Plectropomus leopardus,1,Oct_21_44505_Ashmore_BRUV_D22,1:00:00
Oct_21,5/11/2021,Ashmore,BRUV,D23,30,lagoon,Naso vlamingii,1,Oct_21_44505_Ashmore_BRUV_D23,1:00:00
Oct_21,5/11/2021,Ashmore,BRUV,D23,30,lagoon,Pseudobalistes flavimarginatus,1,Oct_21_44505_Ashmore_BRUV_D23,1:00:00
Oct_21,5/11/2021,Ashmore,BRUV,D23,30,lagoon,Elagatis bipinnulata,86,Oct_21_44505_Ashmore_BRUV_D23,1:00:00
Oct_21,5/11/2021,Ashmore,BRUV,D23,30,lagoon,Gnathanodon speciosus,1,Oct_21_44505_Ashmore_BRUV_D23,1:00:00
Oct_21,5/11/2021,Ashmore,BRUV,D23,30,lagoon,Carcharhinus amblyrhynchos,1,Oct_21_44505_Ashmore_BRUV_D23,1:00:00
Oct_21,5/11/2021,Ashmore,BRUV,D23,30,lagoon,Chaetodon auriga,2,Oct_21_44505_Ashmore_BRUV_D23,1:00:00
Oct_21,5/11/2021,Ashmore,BRUV,D23,30,lagoon,Gymnocranius euanus,1,Oct_21_44505_Ashmore_BRUV_D23,1:00:00
Oct_21,5/11/2021,Ashmore,BRUV,D23,30,lagoon,Lethrinus nebulosus,1,Oct_21_44505_Ashmore_BRUV_D23,1:00:00
Oct_21,5/11/2021,Ashmore,BRUV,D23,30,lagoon,Lethrinus semicinctus,2,Oct_21_44505_Ashmore_BRUV_D23,1:00:00
Oct_21,5/11/2021,Ashmore,BRUV,D23,30,lagoon,Aprion virescens,1,Oct_21_44505_Ashmore_BRUV_D23,1:00:00
Oct_21,5/11/2021,Ashmore,BRUV,D23,30,lagoon,Lutjanus bohar,1,Oct_21_44505_Ashmore_BRUV_D23,1:00:00
Oct_21,5/11/2021,Ashmore,BRUV,D23,30,lagoon,Lutjanus rivulatus,1,Oct_21_44505_Ashmore_BRUV_D23,1:00:00
Oct_21,5/11/2021,Ashmore,BRUV,D23,30,lagoon,Pentapodus aureofasciatus,1,Oct_21_44505_Ashmore_BRUV_D23,1:00:00
Oct_21,5/11/2021,Ashmore,BRUV,D23,30,lagoon,Gymnosarda unicolor,1,Oct_21_44505_Ashmore_BRUV_D23,1:00:00
Oct_21,5/11/2021,Ashmore,BRUV,D23,30,lagoon,Plectropomus laevis,1,Oct_21_44505_Ashmore_BRUV_D23,1:00:00
Oct_21,5/11/2021,Ashmore,BRUV,D23,30,lagoon,Plectropomus leopardus,1,Oct_21_44505_Ashmore_BRUV_D23,1:00:00
Feb_21,13/2/2021,Chilcott,BRUV,D1,35,outer_reef,Acanthurus blochii,4,Feb_21_44240_Chilcott_BRUV_D1,1:00:00
Feb_21,13/2/2021,Chilcott,BRUV,D1,35,outer_reef,Acanthurus olivaceus,9,Feb_21_44240_Chilcott_BRUV_D1,1:00:00
Feb_21,13/2/2021,Chilcott,BRUV,D1,35,outer_reef,Naso brevirostris,4,Feb_21_44240_Chilcott_BRUV_D1,1:00:00
Feb_21,13/2/2021,Chilcott,BRUV,D1,35,outer_reef,Naso caesius,21,Feb_21_44240_Chilcott_BRUV_D1,1:00:00
Feb_21,13/2/2021,Chilcott,BRUV,D1,35,outer_reef,Balistoides conspicillum,1,Feb_21_44240_Chilcott_BRUV_D1,1:00:00
Feb_21,13/2/2021,Chilcott,BRUV,D1,35,outer_reef,Carangoides fulvoguttatus,1,Feb_21_44240_Chilcott_BRUV_D1,1:00:00
Feb_21,13/2/2021,Chilcott,BRUV,D1,35,outer_reef,Caranx melampygus,1,Feb_21_44240_Chilcott_BRUV_D1,1:00:00
Feb_21,13/2/2021,Chilcott,BRUV,D1,35,outer_reef,Elagatis bipinnulata,1,Feb_21_44240_Chilcott_BRUV_D1,1:00:00
Feb_21,13/2/2021,Chilcott,BRUV,D1,35,outer_reef,Carcharhinus amblyrhynchos,6,Feb_21_44240_Chilcott_BRUV_D1,1:00:00
Feb_21,13/2/2021,Chilcott,BRUV,D1,35,outer_reef,Triaenodon obesus,1,Feb_21_44240_Chilcott_BRUV_D1,1:00:00
Feb_21,13/2/2021,Chilcott,BRUV,D1,35,outer_reef,Chaetodon mertensii,1,Feb_21_44240_Chilcott_BRUV_D1,1:00:00
Feb_21,13/2/2021,Chilcott,BRUV,D1,35,outer_reef,Gymnocranius euanus,4,Feb_21_44240_Chilcott_BRUV_D1,1:00:00
Feb_21,13/2/2021,Chilcott,BRUV,D1,35,outer_reef,Lethrinus miniatus,4,Feb_21_44240_Chilcott_BRUV_D1,1:00:00
Feb_21,13/2/2021,Chilcott,BRUV,D1,35,outer_reef,Lethrinus semicinctus,20,Feb_21_44240_Chilcott_BRUV_D1,1:00:00
Feb_21,13/2/2021,Chilcott,BRUV,D1,35,outer_reef,Aprion virescens,1,Feb_21_44240_Chilcott_BRUV_D1,1:00:00
Feb_21,13/2/2021,Chilcott,BRUV,D1,35,outer_reef,Lutjanus bohar,3,Feb_21_44240_Chilcott_BRUV_D1,1:00:00
Feb_21,13/2/2021,Chilcott,BRUV,D1,35,outer_reef,Lutjanus sebae,1,Feb_21_44240_Chilcott_BRUV_D1,1:00:00
Feb_21,13/2/2021,Chilcott,BRUV,D1,35,outer_reef,Pomacanthus imperator,1,Feb_21_44240_Chilcott_BRUV_D1,1:00:00
Feb_21,13/2/2021,Chilcott,BRUV,D1,35,outer_reef,Variola louti,3,Feb_21_44240_Chilcott_BRUV_D1,1:00:00
Feb_21,13/2/2021,Chilcott,BRUV,D1,35,outer_reef,Siganus argenteus,4,Feb_21_44240_Chilcott_BRUV_D1,1:00:00
Feb_21,13/2/2021,Chilcott,BRUV,D2,44,outer_reef,Naso brachycentron,2,Feb_21_44240_Chilcott_BRUV_D2,1:00:00
Feb_21,13/2/2021,Chilcott,BRUV,D2,44,outer_reef,Balistoides viridescens,1,Feb_21_44240_Chilcott_BRUV_D2,1:00:00
Feb_21,13/2/2021,Chilcott,BRUV,D2,44,outer_reef,Carangoides orthogrammus,1,Feb_21_44240_Chilcott_BRUV_D2,1:00:00
Feb_21,13/2/2021,Chilcott,BRUV,D2,44,outer_reef,Caranx ignobilis,1,Feb_21_44240_Chilcott_BRUV_D2,1:00:00
Feb_21,13/2/2021,Chilcott,BRUV,D2,44,outer_reef,Caranx melampygus,1,Feb_21_44240_Chilcott_BRUV_D2,1:00:00
Feb_21,13/2/2021,Chilcott,BRUV,D2,44,outer_reef,Carcharhinus albimarginatus,1,Feb_21_44240_Chilcott_BRUV_D2,1:00:00
Feb_21,13/2/2021,Chilcott,BRUV,D2,44,outer_reef,Carcharhinus amblyrhynchos,3,Feb_21_44240_Chilcott_BRUV_D2,1:00:00
Feb_21,13/2/2021,Chilcott,BRUV,D2,44,outer_reef,Triaenodon obesus,1,Feb_21_44240_Chilcott_BRUV_D2,1:00:00
Feb_21,13/2/2021,Chilcott,BRUV,D2,44,outer_reef,Cheilinus undulatus,1,Feb_21_44240_Chilcott_BRUV_D2,1:00:00
Feb_21,13/2/2021,Chilcott,BRUV,D2,44,outer_reef,Choerodon jordani,1,Feb_21_44240_Chilcott_BRUV_D2,1:00:00
Feb_21,13/2/2021,Chilcott,BRUV,D2,44,outer_reef,Hologymnosus longipes,6,Feb_21_44240_Chilcott_BRUV_D2,1:00:00
Feb_21,13/2/2021,Chilcott,BRUV,D2,44,outer_reef,Gymnocranius euanus,4,Feb_21_44240_Chilcott_BRUV_D2,1:00:00
Feb_21,13/2/2021,Chilcott,BRUV,D2,44,outer_reef,Lethrinus miniatus,2,Feb_21_44240_Chilcott_BRUV_D2,1:00:00
Feb_21,13/2/2021,Chilcott,BRUV,D2,44,outer_reef,Lethrinus olivaceus,1,Feb_21_44240_Chilcott_BRUV_D2,1:00:00
Feb_21,13/2/2021,Chilcott,BRUV,D2,44,outer_reef,Lethrinus rubrioperculatus,4,Feb_21_44240_Chilcott_BRUV_D2,1:00:00
Feb_21,13/2/2021,Chilcott,BRUV,D2,44,outer_reef,Lethrinus semicinctus,11,Feb_21_44240_Chilcott_BRUV_D2,1:00:00
Feb_21,13/2/2021,Chilcott,BRUV,D2,44,outer_reef,Lutjanus bohar,3,Feb_21_44240_Chilcott_BRUV_D2,1:00:00
Feb_21,13/2/2021,Chilcott,BRUV,D2,44,outer_reef,Plectropomus leopardus,2,Feb_21_44240_Chilcott_BRUV_D2,1:00:00
Feb_21,13/2/2021,Chilcott,BRUV,D2,44,outer_reef,Siganus argenteus,7,Feb_21_44240_Chilcott_BRUV_D2,1:00:00
Feb_21,13/2/2021,Chilcott,BRUV,D3,50,outer_reef,Abalistes filamentosus,1,Feb_21_44240_Chilcott_BRUV_D3,1:00:00
Feb_21,13/2/2021,Chilcott,BRUV,D3,50,outer_reef,Decapterus macarellus,2,Feb_21_44240_Chilcott_BRUV_D3,1:00:00
Feb_21,13/2/2021,Chilcott,BRUV,D3,50,outer_reef,Carcharhinus albimarginatus,1,Feb_21_44240_Chilcott_BRUV_D3,1:00:00
Feb_21,13/2/2021,Chilcott,BRUV,D3,50,outer_reef,Choerodon jordani,1,Feb_21_44240_Chilcott_BRUV_D3,1:00:00
Feb_21,13/2/2021,Chilcott,BRUV,D3,50,outer_reef,Oxycheilinus nigromarginatus,3,Feb_21_44240_Chilcott_BRUV_D3,1:00:00
Feb_21,13/2/2021,Chilcott,BRUV,D3,50,outer_reef,Pseudojuloides cerasinus,1,Feb_21_44240_Chilcott_BRUV_D3,1:00:00
Feb_21,13/2/2021,Chilcott,BRUV,D3,50,outer_reef,Gymnocranius euanus,5,Feb_21_44240_Chilcott_BRUV_D3,1:00:00
Feb_21,13/2/2021,Chilcott,BRUV,D3,50,outer_reef,Lethrinus miniatus,2,Feb_21_44240_Chilcott_BRUV_D3,1:00:00
Feb_21,13/2/2021,Chilcott,BRUV,D3,50,outer_reef,Lethrinus rubrioperculatus,16,Feb_21_44240_Chilcott_BRUV_D3,1:00:00
Feb_21,13/2/2021,Chilcott,BRUV,D3,50,outer_reef,Aprion virescens,1,Feb_21_44240_Chilcott_BRUV_D3,1:00:00
Feb_21,13/2/2021,Chilcott,BRUV,D3,50,outer_reef,Mulloidichthys pfluegeri,2,Feb_21_44240_Chilcott_BRUV_D3,1:00:00
Feb_21,13/2/2021,Chilcott,BRUV,D4,49,outer_reef,Naso annulatus,1,Feb_21_44240_Chilcott_BRUV_D4,1:00:00
Feb_21,13/2/2021,Chilcott,BRUV,D4,49,outer_reef,Pseudobalistes flavimarginatus,1,Feb_21_44240_Chilcott_BRUV_D4,1:00:00
Feb_21,13/2/2021,Chilcott,BRUV,D4,49,outer_reef,Carcharhinus albimarginatus,1,Feb_21_44240_Chilcott_BRUV_D4,1:00:00
Feb_21,13/2/2021,Chilcott,BRUV,D4,49,outer_reef,Triaenodon obesus,1,Feb_21_44240_Chilcott_BRUV_D4,1:00:00
Feb_21,13/2/2021,Chilcott,BRUV,D4,49,outer_reef,Hologymnosus longipes,2,Feb_21_44240_Chilcott_BRUV_D4,1:00:00
Feb_21,13/2/2021,Chilcott,BRUV,D4,49,outer_reef,Gymnocranius euanus,10,Feb_21_44240_Chilcott_BRUV_D4,1:00:00
Feb_21,13/2/2021,Chilcott,BRUV,D4,49,outer_reef,Lethrinus miniatus,3,Feb_21_44240_Chilcott_BRUV_D4,1:00:00
Feb_21,13/2/2021,Chilcott,BRUV,D4,49,outer_reef,Lethrinus rubrioperculatus,11,Feb_21_44240_Chilcott_BRUV_D4,1:00:00
Feb_21,13/2/2021,Chilcott,BRUV,D4,49,outer_reef,Lethrinus semicinctus,3,Feb_21_44240_Chilcott_BRUV_D4,1:00:00
Feb_21,13/2/2021,Chilcott,BRUV,D4,49,outer_reef,Aprion virescens,1,Feb_21_44240_Chilcott_BRUV_D4,1:00:00
Feb_21,13/2/2021,Chilcott,BRUV,D4,49,outer_reef,Mulloidichthys pfluegeri,1,Feb_21_44240_Chilcott_BRUV_D4,1:00:00
Feb_21,13/2/2021,Chilcott,BRUV,D4,49,outer_reef,Siganus argenteus,5,Feb_21_44240_Chilcott_BRUV_D4,1:00:00
Feb_21,13/2/2021,Chilcott,BRUV,D5,34,outer_reef,Acanthurus nigrofuscus,3,Feb_21_44240_Chilcott_BRUV_D5,1:00:00
Feb_21,13/2/2021,Chilcott,BRUV,D5,34,outer_reef,Ctenochaetus striatus,2,Feb_21_44240_Chilcott_BRUV_D5,1:00:00
Feb_21,13/2/2021,Chilcott,BRUV,D5,34,outer_reef,Balistoides conspicillum,1,Feb_21_44240_Chilcott_BRUV_D5,1:00:00
Feb_21,13/2/2021,Chilcott,BRUV,D5,34,outer_reef,Pseudobalistes flavimarginatus,1,Feb_21_44240_Chilcott_BRUV_D5,1:00:00
Feb_21,13/2/2021,Chilcott,BRUV,D5,34,outer_reef,Caranx melampygus,1,Feb_21_44240_Chilcott_BRUV_D5,1:00:00
Feb_21,13/2/2021,Chilcott,BRUV,D5,34,outer_reef,Selar crumenophthalmus,62,Feb_21_44240_Chilcott_BRUV_D5,1:00:00
Feb_21,13/2/2021,Chilcott,BRUV,D5,34,outer_reef,Chaetodon kleinii,2,Feb_21_44240_Chilcott_BRUV_D5,1:00:00
Feb_21,13/2/2021,Chilcott,BRUV,D5,34,outer_reef,Chaetodon mertensii,2,Feb_21_44240_Chilcott_BRUV_D5,1:00:00
Feb_21,13/2/2021,Chilcott,BRUV,D5,34,outer_reef,Chaetodon pelewensis,2,Feb_21_44240_Chilcott_BRUV_D5,1:00:00
Feb_21,13/2/2021,Chilcott,BRUV,D5,34,outer_reef,Chaetodon unimaculatus,1,Feb_21_44240_Chilcott_BRUV_D5,1:00:00
Feb_21,13/2/2021,Chilcott,BRUV,D5,34,outer_reef,Choerodon jordani,1,Feb_21_44240_Chilcott_BRUV_D5,1:00:00
Feb_21,13/2/2021,Chilcott,BRUV,D5,34,outer_reef,Cirrhilabrus lineatus,5,Feb_21_44240_Chilcott_BRUV_D5,1:00:00
Feb_21,13/2/2021,Chilcott,BRUV,D5,34,outer_reef,Labroides dimidiatus,1,Feb_21_44240_Chilcott_BRUV_D5,1:00:00
Feb_21,13/2/2021,Chilcott,BRUV,D5,34,outer_reef,Labropsis australis,2,Feb_21_44240_Chilcott_BRUV_D5,1:00:00
Feb_21,13/2/2021,Chilcott,BRUV,D5,34,outer_reef,Oxycheilinus nigromarginatus,2,Feb_21_44240_Chilcott_BRUV_D5,1:00:00
Feb_21,13/2/2021,Chilcott,BRUV,D5,34,outer_reef,Pseudocheilinus evanidus,1,Feb_21_44240_Chilcott_BRUV_D5,1:00:00
Feb_21,13/2/2021,Chilcott,BRUV,D5,34,outer_reef,Pseudojuloides cerasinus,1,Feb_21_44240_Chilcott_BRUV_D5,1:00:00
Feb_21,13/2/2021,Chilcott,BRUV,D5,34,outer_reef,Pteragogus cryptus,1,Feb_21_44240_Chilcott_BRUV_D5,1:00:00
Feb_21,13/2/2021,Chilcott,BRUV,D5,34,outer_reef,Gymnocranius euanus,1,Feb_21_44240_Chilcott_BRUV_D5,1:00:00
Feb_21,13/2/2021,Chilcott,BRUV,D5,34,outer_reef,Lethrinus semicinctus,5,Feb_21_44240_Chilcott_BRUV_D5,1:00:00
Feb_21,13/2/2021,Chilcott,BRUV,D5,34,outer_reef,Aprion virescens,1,Feb_21_44240_Chilcott_BRUV_D5,1:00:00
Feb_21,13/2/2021,Chilcott,BRUV,D5,34,outer_reef,Lutjanus bohar,2,Feb_21_44240_Chilcott_BRUV_D5,1:00:00
Feb_21,13/2/2021,Chilcott,BRUV,D5,34,outer_reef,Pervagor alternans,2,Feb_21_44240_Chilcott_BRUV_D5,1:00:00
Feb_21,13/2/2021,Chilcott,BRUV,D5,34,outer_reef,Parupeneus multifasciatus,2,Feb_21_44240_Chilcott_BRUV_D5,1:00:00
Feb_21,13/2/2021,Chilcott,BRUV,D5,34,outer_reef,Parupeneus pleurostigma,1,Feb_21_44240_Chilcott_BRUV_D5,1:00:00
Feb_21,13/2/2021,Chilcott,BRUV,D5,34,outer_reef,Pentapodus aureofasciatus,40,Feb_21_44240_Chilcott_BRUV_D5,1:00:00
Feb_21,13/2/2021,Chilcott,BRUV,D5,34,outer_reef,Centropyge bicolor,1,Feb_21_44240_Chilcott_BRUV_D5,1:00:00
Feb_21,13/2/2021,Chilcott,BRUV,D5,34,outer_reef,Centropyge bispinosa,3,Feb_21_44240_Chilcott_BRUV_D5,1:00:00
Feb_21,13/2/2021,Chilcott,BRUV,D5,34,outer_reef,Centropyge heraldi,2,Feb_21_44240_Chilcott_BRUV_D5,1:00:00
Feb_21,13/2/2021,Chilcott,BRUV,D5,34,outer_reef,Genicanthus watanabei,7,Feb_21_44240_Chilcott_BRUV_D5,1:00:00
Feb_21,13/2/2021,Chilcott,BRUV,D5,34,outer_reef,Pomacentrus vaiuli,3,Feb_21_44240_Chilcott_BRUV_D5,1:00:00
Feb_21,13/2/2021,Chilcott,BRUV,D5,34,outer_reef,Scarus longipinnis,2,Feb_21_44240_Chilcott_BRUV_D5,1:00:00
Feb_21,18/2/2021,Flinders,BRUV,D1,61,outer_reef,Carangoides ferdau,1,Feb_21_44245_Flinders_BRUV_D1,1:00:00
Feb_21,18/2/2021,Flinders,BRUV,D1,61,outer_reef,Carcharhinus albimarginatus,1,Feb_21_44245_Flinders_BRUV_D1,1:00:00
Feb_21,18/2/2021,Flinders,BRUV,D1,61,outer_reef,Lethrinus rubrioperculatus,2,Feb_21_44245_Flinders_BRUV_D1,1:00:00
Feb_21,18/2/2021,Flinders,BRUV,D1,61,outer_reef,Mulloidichthys pfluegeri,7,Feb_21_44245_Flinders_BRUV_D1,1:00:00
Feb_21,18/2/2021,Flinders,BRUV,D1,61,outer_reef,Gymnosarda unicolor,1,Feb_21_44245_Flinders_BRUV_D1,1:00:00
Feb_21,18/2/2021,Flinders,BRUV,D2,35,channel,Acanthurus dussumieri,2,Feb_21_44245_Flinders_BRUV_D2,1:00:00
Feb_21,18/2/2021,Flinders,BRUV,D2,35,channel,Ctenochaetus striatus,2,Feb_21_44245_Flinders_BRUV_D2,1:00:00
Feb_21,18/2/2021,Flinders,BRUV,D2,35,channel,Carcharhinus amblyrhynchos,1,Feb_21_44245_Flinders_BRUV_D2,1:00:00
Feb_21,18/2/2021,Flinders,BRUV,D2,35,channel,Chaetodon kleinii,2,Feb_21_44245_Flinders_BRUV_D2,1:00:00
Feb_21,18/2/2021,Flinders,BRUV,D2,35,channel,Anampses neoguinaicus,1,Feb_21_44245_Flinders_BRUV_D2,1:00:00
Feb_21,18/2/2021,Flinders,BRUV,D2,35,channel,Cheilinus undulatus,1,Feb_21_44245_Flinders_BRUV_D2,1:00:00
Feb_21,18/2/2021,Flinders,BRUV,D2,35,channel,Cirrhilabrus lineatus,3,Feb_21_44245_Flinders_BRUV_D2,1:00:00
Feb_21,18/2/2021,Flinders,BRUV,D2,35,channel,Cirrhilabrus punctatus,2,Feb_21_44245_Flinders_BRUV_D2,1:00:00
Feb_21,18/2/2021,Flinders,BRUV,D2,35,channel,Halichoeres biocellatus,2,Feb_21_44245_Flinders_BRUV_D2,1:00:00
Feb_21,18/2/2021,Flinders,BRUV,D2,35,channel,Labropsis australis,1,Feb_21_44245_Flinders_BRUV_D2,1:00:00
Feb_21,18/2/2021,Flinders,BRUV,D2,35,channel,Oxycheilinus nigromarginatus,2,Feb_21_44245_Flinders_BRUV_D2,1:00:00
Feb_21,18/2/2021,Flinders,BRUV,D2,35,channel,Oxycheilinus orientalis,1,Feb_21_44245_Flinders_BRUV_D2,1:00:00
Feb_21,18/2/2021,Flinders,BRUV,D2,35,channel,Oxycheilinus unifasciatus,1,Feb_21_44245_Flinders_BRUV_D2,1:00:00
Feb_21,18/2/2021,Flinders,BRUV,D2,35,channel,Pseudocheilinus evanidus,3,Feb_21_44245_Flinders_BRUV_D2,1:00:00
Feb_21,18/2/2021,Flinders,BRUV,D2,35,channel,Pseudocoris yamashiroi,8,Feb_21_44245_Flinders_BRUV_D2,1:00:00
Feb_21,18/2/2021,Flinders,BRUV,D2,35,channel,Gymnocranius euanus,4,Feb_21_44245_Flinders_BRUV_D2,1:00:00
Feb_21,18/2/2021,Flinders,BRUV,D2,35,channel,Lutjanus bohar,1,Feb_21_44245_Flinders_BRUV_D2,1:00:00
Feb_21,18/2/2021,Flinders,BRUV,D2,35,channel,Parupeneus multifasciatus,1,Feb_21_44245_Flinders_BRUV_D2,1:00:00
Feb_21,18/2/2021,Flinders,BRUV,D2,35,channel,Parupeneus pleurostigma,1,Feb_21_44245_Flinders_BRUV_D2,1:00:00
Feb_21,18/2/2021,Flinders,BRUV,D2,35,channel,Gymnothorax javanicus,1,Feb_21_44245_Flinders_BRUV_D2,1:00:00
Feb_21,18/2/2021,Flinders,BRUV,D2,35,channel,Centropyge bicolor,2,Feb_21_44245_Flinders_BRUV_D2,1:00:00
Feb_21,18/2/2021,Flinders,BRUV,D2,35,channel,Centropyge heraldi,1,Feb_21_44245_Flinders_BRUV_D2,1:00:00
Feb_21,18/2/2021,Flinders,BRUV,D2,35,channel,Genicanthus watanabei,2,Feb_21_44245_Flinders_BRUV_D2,1:00:00
Feb_21,18/2/2021,Flinders,BRUV,D2,35,channel,Acanthochromis polyacanthus,23,Feb_21_44245_Flinders_BRUV_D2,1:00:00
Feb_21,18/2/2021,Flinders,BRUV,D2,35,channel,Chromis lepidolepis,1,Feb_21_44245_Flinders_BRUV_D2,1:00:00
Feb_21,18/2/2021,Flinders,BRUV,D2,35,channel,Chromis ternatensis,4,Feb_21_44245_Flinders_BRUV_D2,1:00:00
Feb_21,18/2/2021,Flinders,BRUV,D2,35,channel,Dascyllus reticulatus,2,Feb_21_44245_Flinders_BRUV_D2,1:00:00
Feb_21,18/2/2021,Flinders,BRUV,D2,35,channel,Pomacentrus moluccensis,1,Feb_21_44245_Flinders_BRUV_D2,1:00:00
Feb_21,18/2/2021,Flinders,BRUV,D2,35,channel,Pomacentrus nagasakiensis,3,Feb_21_44245_Flinders_BRUV_D2,1:00:00
Feb_21,18/2/2021,Flinders,BRUV,D2,35,channel,Pomacentrus nigromarginatus,1,Feb_21_44245_Flinders_BRUV_D2,1:00:00
Feb_21,18/2/2021,Flinders,BRUV,D2,35,channel,Pomacentrus vaiuli,4,Feb_21_44245_Flinders_BRUV_D2,1:00:00
Feb_21,18/2/2021,Flinders,BRUV,D2,35,channel,Scarus longipinnis,6,Feb_21_44245_Flinders_BRUV_D2,1:00:00
Feb_21,18/2/2021,Flinders,BRUV,D2,35,channel,Cephalopholis spiloparaea,3,Feb_21_44245_Flinders_BRUV_D2,1:00:00
Feb_21,18/2/2021,Flinders,BRUV,D2,35,channel,Plectropomus laevis,1,Feb_21_44245_Flinders_BRUV_D2,1:00:00
Feb_21,16/2/2021,Flinders,BRUV,D1,43,inner_reef,Naso brevirostris,1,Feb_21_44243_Flinders_BRUV_D1,1:00:00
Feb_21,16/2/2021,Flinders,BRUV,D1,43,inner_reef,Naso tonganus,1,Feb_21_44243_Flinders_BRUV_D1,1:00:00
Feb_21,16/2/2021,Flinders,BRUV,D1,43,inner_reef,Balistoides viridescens,1,Feb_21_44243_Flinders_BRUV_D1,1:00:00
Feb_21,16/2/2021,Flinders,BRUV,D1,43,inner_reef,Pseudobalistes flavimarginatus,1,Feb_21_44243_Flinders_BRUV_D1,1:00:00
Feb_21,16/2/2021,Flinders,BRUV,D1,43,inner_reef,Sufflamen chrysopterum,1,Feb_21_44243_Flinders_BRUV_D1,1:00:00
Feb_21,16/2/2021,Flinders,BRUV,D1,43,inner_reef,Sufflamen fraenatum,1,Feb_21_44243_Flinders_BRUV_D1,1:00:00
Feb_21,16/2/2021,Flinders,BRUV,D1,43,inner_reef,Carcharhinus amblyrhynchos,3,Feb_21_44243_Flinders_BRUV_D1,1:00:00
Feb_21,16/2/2021,Flinders,BRUV,D1,43,inner_reef,Triaenodon obesus,1,Feb_21_44243_Flinders_BRUV_D1,1:00:00
Feb_21,16/2/2021,Flinders,BRUV,D1,43,inner_reef,Neotrygon kuhlii,1,Feb_21_44243_Flinders_BRUV_D1,1:00:00
Feb_21,16/2/2021,Flinders,BRUV,D1,43,inner_reef,Echeneis naucrates,2,Feb_21_44243_Flinders_BRUV_D1,1:00:00
Feb_21,16/2/2021,Flinders,BRUV,D1,43,inner_reef,Cirrhilabrus lineatus,7,Feb_21_44243_Flinders_BRUV_D1,1:00:00
Feb_21,16/2/2021,Flinders,BRUV,D1,43,inner_reef,Oxycheilinus nigromarginatus,1,Feb_21_44243_Flinders_BRUV_D1,1:00:00
Feb_21,16/2/2021,Flinders,BRUV,D1,43,inner_reef,Gymnocranius euanus,4,Feb_21_44243_Flinders_BRUV_D1,1:00:00
Feb_21,16/2/2021,Flinders,BRUV,D1,43,inner_reef,Lethrinus erythracanthus,1,Feb_21_44243_Flinders_BRUV_D1,1:00:00
Feb_21,16/2/2021,Flinders,BRUV,D1,43,inner_reef,Lutjanus bohar,3,Feb_21_44243_Flinders_BRUV_D1,1:00:00
Feb_21,16/2/2021,Flinders,BRUV,D1,43,inner_reef,Mulloidichthys pfluegeri,1,Feb_21_44243_Flinders_BRUV_D1,1:00:00
Feb_21,16/2/2021,Flinders,BRUV,D1,43,inner_reef,Parupeneus multifasciatus,3,Feb_21_44243_Flinders_BRUV_D1,1:00:00
Feb_21,16/2/2021,Flinders,BRUV,D1,43,inner_reef,Parupeneus pleurostigma,1,Feb_21_44243_Flinders_BRUV_D1,1:00:00
Feb_21,16/2/2021,Flinders,BRUV,D1,43,inner_reef,Pomacanthus imperator,1,Feb_21_44243_Flinders_BRUV_D1,1:00:00
Feb_21,16/2/2021,Flinders,BRUV,D1,43,inner_reef,Pomacentrus vaiuli,5,Feb_21_44243_Flinders_BRUV_D1,1:00:00
Feb_21,16/2/2021,Flinders,BRUV,D1,43,inner_reef,Gymnosarda unicolor,1,Feb_21_44243_Flinders_BRUV_D1,1:00:00
Feb_21,16/2/2021,Flinders,BRUV,D1,43,inner_reef,Plectropomus leopardus,2,Feb_21_44243_Flinders_BRUV_D1,1:00:00
Feb_21,16/2/2021,Flinders,BRUV,D2,36,inner_reef,Acanthurus dussumieri,2,Feb_21_44243_Flinders_BRUV_D2,1:00:00
Feb_21,16/2/2021,Flinders,BRUV,D2,36,inner_reef,Naso vlamingii,3,Feb_21_44243_Flinders_BRUV_D2,1:00:00
Feb_21,16/2/2021,Flinders,BRUV,D2,36,inner_reef,Sufflamen fraenatum,1,Feb_21_44243_Flinders_BRUV_D2,1:00:00
Feb_21,16/2/2021,Flinders,BRUV,D2,36,inner_reef,Carangoides oblongus,2,Feb_21_44243_Flinders_BRUV_D2,1:00:00
Feb_21,16/2/2021,Flinders,BRUV,D2,36,inner_reef,Caranx melampygus,1,Feb_21_44243_Flinders_BRUV_D2,1:00:00
Feb_21,16/2/2021,Flinders,BRUV,D2,36,inner_reef,Carcharhinus amblyrhynchos,1,Feb_21_44243_Flinders_BRUV_D2,1:00:00
Feb_21,16/2/2021,Flinders,BRUV,D2,36,inner_reef,Triaenodon obesus,2,Feb_21_44243_Flinders_BRUV_D2,1:00:00
Feb_21,16/2/2021,Flinders,BRUV,D2,36,inner_reef,Heniochus singularius,2,Feb_21_44243_Flinders_BRUV_D2,1:00:00
Feb_21,16/2/2021,Flinders,BRUV,D2,36,inner_reef,Cheilinus undulatus,1,Feb_21_44243_Flinders_BRUV_D2,1:00:00
Feb_21,16/2/2021,Flinders,BRUV,D2,36,inner_reef,Gymnocranius euanus,2,Feb_21_44243_Flinders_BRUV_D2,1:00:00
Feb_21,16/2/2021,Flinders,BRUV,D2,36,inner_reef,Lethrinus erythracanthus,2,Feb_21_44243_Flinders_BRUV_D2,1:00:00
Feb_21,16/2/2021,Flinders,BRUV,D2,36,inner_reef,Lethrinus olivaceus,1,Feb_21_44243_Flinders_BRUV_D2,1:00:00
Feb_21,16/2/2021,Flinders,BRUV,D2,36,inner_reef,Monotaxis grandoculis,1,Feb_21_44243_Flinders_BRUV_D2,1:00:00
Feb_21,16/2/2021,Flinders,BRUV,D2,36,inner_reef,Lutjanus bohar,3,Feb_21_44243_Flinders_BRUV_D2,1:00:00
Feb_21,16/2/2021,Flinders,BRUV,D2,36,inner_reef,Macolor niger,1,Feb_21_44243_Flinders_BRUV_D2,1:00:00
Feb_21,16/2/2021,Flinders,BRUV,D2,36,inner_reef,Plectropomus leopardus,1,Feb_21_44243_Flinders_BRUV_D2,1:00:00
Feb_21,16/2/2021,Flinders,BRUV,D2,36,inner_reef,Variola louti,1,Feb_21_44243_Flinders_BRUV_D2,1:00:00
Feb_21,16/2/2021,Flinders,BRUV,D2,36,inner_reef,Siganus argenteus,2,Feb_21_44243_Flinders_BRUV_D2,1:00:00
Feb_21,16/2/2021,Flinders,BRUV,D2,36,inner_reef,Siganus argenteus.woodlandi,4,Feb_21_44243_Flinders_BRUV_D2,1:00:00
Feb_21,16/2/2021,Flinders,BRUV,D2,36,inner_reef,Siganus woodlandi,2,Feb_21_44243_Flinders_BRUV_D2,1:00:00
Feb_21,16/2/2021,Flinders,BRUV,D3,47,inner_reef,Balistoides conspicillum,2,Feb_21_44243_Flinders_BRUV_D3,1:00:00
Feb_21,16/2/2021,Flinders,BRUV,D3,47,inner_reef,Sufflamen chrysopterum,2,Feb_21_44243_Flinders_BRUV_D3,1:00:00
Feb_21,16/2/2021,Flinders,BRUV,D3,47,inner_reef,Caranx melampygus,1,Feb_21_44243_Flinders_BRUV_D3,1:00:00
Feb_21,16/2/2021,Flinders,BRUV,D3,47,inner_reef,Carcharhinus amblyrhynchos,2,Feb_21_44243_Flinders_BRUV_D3,1:00:00
Feb_21,16/2/2021,Flinders,BRUV,D3,47,inner_reef,Echeneis naucrates,1,Feb_21_44243_Flinders_BRUV_D3,1:00:00
Feb_21,16/2/2021,Flinders,BRUV,D3,47,inner_reef,Choerodon jordani,3,Feb_21_44243_Flinders_BRUV_D3,1:00:00
Feb_21,16/2/2021,Flinders,BRUV,D3,47,inner_reef,Hologymnosus longipes,3,Feb_21_44243_Flinders_BRUV_D3,1:00:00
Feb_21,16/2/2021,Flinders,BRUV,D3,47,inner_reef,Oxycheilinus nigromarginatus,2,Feb_21_44243_Flinders_BRUV_D3,1:00:00
Feb_21,16/2/2021,Flinders,BRUV,D3,47,inner_reef,Gymnocranius euanus,3,Feb_21_44243_Flinders_BRUV_D3,1:00:00
Feb_21,16/2/2021,Flinders,BRUV,D3,47,inner_reef,Lethrinus rubrioperculatus,3,Feb_21_44243_Flinders_BRUV_D3,1:00:00
Feb_21,16/2/2021,Flinders,BRUV,D3,47,inner_reef,Lethrinus semicinctus,2,Feb_21_44243_Flinders_BRUV_D3,1:00:00
Feb_21,16/2/2021,Flinders,BRUV,D3,47,inner_reef,Aprion virescens,1,Feb_21_44243_Flinders_BRUV_D3,1:00:00
Feb_21,16/2/2021,Flinders,BRUV,D3,47,inner_reef,Malacanthus brevirostris,1,Feb_21_44243_Flinders_BRUV_D3,1:00:00
Feb_21,16/2/2021,Flinders,BRUV,D3,47,inner_reef,Parupeneus multifasciatus,3,Feb_21_44243_Flinders_BRUV_D3,1:00:00
Feb_21,16/2/2021,Flinders,BRUV,D3,47,inner_reef,Parupeneus pleurostigma,7,Feb_21_44243_Flinders_BRUV_D3,1:00:00
Feb_21,16/2/2021,Flinders,BRUV,D3,47,inner_reef,Pentapodus aureofasciatus,16,Feb_21_44243_Flinders_BRUV_D3,1:00:00
Feb_21,16/2/2021,Flinders,BRUV,D3,47,inner_reef,Scarus longipinnis,1,Feb_21_44243_Flinders_BRUV_D3,1:00:00
Feb_21,16/2/2021,Flinders,BRUV,D3,47,inner_reef,Plectropomus laevis,1,Feb_21_44243_Flinders_BRUV_D3,1:00:00
Feb_21,16/2/2021,Flinders,BRUV,D3,47,inner_reef,Plectropomus leopardus,1,Feb_21_44243_Flinders_BRUV_D3,1:00:00
Feb_21,16/2/2021,Flinders,BRUV,D3,47,inner_reef,Siganus argenteus.woodlandi,7,Feb_21_44243_Flinders_BRUV_D3,1:00:00
Feb_21,16/2/2021,Flinders,BRUV,D4,57,inner_reef,Balistoides conspicillum,1,Feb_21_44243_Flinders_BRUV_D4,1:00:00
Feb_21,16/2/2021,Flinders,BRUV,D4,57,inner_reef,Sufflamen fraenatum,1,Feb_21_44243_Flinders_BRUV_D4,1:00:00
Feb_21,16/2/2021,Flinders,BRUV,D4,57,inner_reef,Chaetodon mertensii,2,Feb_21_44243_Flinders_BRUV_D4,1:00:00
Feb_21,16/2/2021,Flinders,BRUV,D4,57,inner_reef,Choerodon jordani,2,Feb_21_44243_Flinders_BRUV_D4,1:00:00
Feb_21,16/2/2021,Flinders,BRUV,D4,57,inner_reef,Oxycheilinus nigromarginatus,3,Feb_21_44243_Flinders_BRUV_D4,1:00:00
Feb_21,16/2/2021,Flinders,BRUV,D4,57,inner_reef,Pseudojuloides cerasinus,1,Feb_21_44243_Flinders_BRUV_D4,1:00:00
Feb_21,16/2/2021,Flinders,BRUV,D4,57,inner_reef,Gymnocranius aureofasciatus,12,Feb_21_44243_Flinders_BRUV_D4,1:00:00
Feb_21,16/2/2021,Flinders,BRUV,D4,57,inner_reef,Gymnocranius euanus,2,Feb_21_44243_Flinders_BRUV_D4,1:00:00
Feb_21,16/2/2021,Flinders,BRUV,D4,57,inner_reef,Lethrinus rubrioperculatus,1,Feb_21_44243_Flinders_BRUV_D4,1:00:00
Feb_21,16/2/2021,Flinders,BRUV,D4,57,inner_reef,Lethrinus semicinctus,5,Feb_21_44243_Flinders_BRUV_D4,1:00:00
Feb_21,16/2/2021,Flinders,BRUV,D4,57,inner_reef,Parupeneus multifasciatus,2,Feb_21_44243_Flinders_BRUV_D4,1:00:00
Feb_21,16/2/2021,Flinders,BRUV,D4,57,inner_reef,Parupeneus pleurostigma,8,Feb_21_44243_Flinders_BRUV_D4,1:00:00
Feb_21,16/2/2021,Flinders,BRUV,D4,57,inner_reef,Pentapodus aureofasciatus,20,Feb_21_44243_Flinders_BRUV_D4,1:00:00
Feb_21,16/2/2021,Flinders,BRUV,D4,57,inner_reef,Scolopsis affinis,2,Feb_21_44243_Flinders_BRUV_D4,1:00:00
Feb_21,16/2/2021,Flinders,BRUV,D4,57,inner_reef,Plectropomus laevis,1,Feb_21_44243_Flinders_BRUV_D4,1:00:00
Feb_21,17/2/2021,Flinders,BRUV,D2,44,lagoon,Acanthurus dussumieri,7,Feb_21_44244_Flinders_BRUV_D2,1:00:00
Feb_21,17/2/2021,Flinders,BRUV,D2,44,lagoon,Naso brevirostris,2,Feb_21_44244_Flinders_BRUV_D2,1:00:00
Feb_21,17/2/2021,Flinders,BRUV,D2,44,lagoon,Naso lituratus,1,Feb_21_44244_Flinders_BRUV_D2,1:00:00
Feb_21,17/2/2021,Flinders,BRUV,D2,44,lagoon,Balistapus undulatus,1,Feb_21_44244_Flinders_BRUV_D2,1:00:00
Feb_21,17/2/2021,Flinders,BRUV,D2,44,lagoon,Sufflamen fraenatum,1,Feb_21_44244_Flinders_BRUV_D2,1:00:00
Feb_21,17/2/2021,Flinders,BRUV,D2,44,lagoon,Pterocaesio marri,5,Feb_21_44244_Flinders_BRUV_D2,1:00:00
Feb_21,17/2/2021,Flinders,BRUV,D2,44,lagoon,Carcharhinus albimarginatus,1,Feb_21_44244_Flinders_BRUV_D2,1:00:00
Feb_21,17/2/2021,Flinders,BRUV,D2,44,lagoon,Carcharhinus amblyrhynchos,3,Feb_21_44244_Flinders_BRUV_D2,1:00:00
Feb_21,17/2/2021,Flinders,BRUV,D2,44,lagoon,Triaenodon obesus,2,Feb_21_44244_Flinders_BRUV_D2,1:00:00
Feb_21,17/2/2021,Flinders,BRUV,D2,44,lagoon,Chaetodon auriga,2,Feb_21_44244_Flinders_BRUV_D2,1:00:00
Feb_21,17/2/2021,Flinders,BRUV,D2,44,lagoon,Chaetodon lineolatus,2,Feb_21_44244_Flinders_BRUV_D2,1:00:00
Feb_21,17/2/2021,Flinders,BRUV,D2,44,lagoon,Chaetodon mertensii,2,Feb_21_44244_Flinders_BRUV_D2,1:00:00
Feb_21,17/2/2021,Flinders,BRUV,D2,44,lagoon,Heniochus acuminatus,2,Feb_21_44244_Flinders_BRUV_D2,1:00:00
Feb_21,17/2/2021,Flinders,BRUV,D2,44,lagoon,Gymnocranius euanus,3,Feb_21_44244_Flinders_BRUV_D2,1:00:00
Feb_21,17/2/2021,Flinders,BRUV,D2,44,lagoon,Lethrinus erythracanthus,1,Feb_21_44244_Flinders_BRUV_D2,1:00:00
Feb_21,17/2/2021,Flinders,BRUV,D2,44,lagoon,Lethrinus rubrioperculatus,1,Feb_21_44244_Flinders_BRUV_D2,1:00:00
Feb_21,17/2/2021,Flinders,BRUV,D2,44,lagoon,Monotaxis grandoculis,1,Feb_21_44244_Flinders_BRUV_D2,1:00:00
Feb_21,17/2/2021,Flinders,BRUV,D2,44,lagoon,Aprion virescens,1,Feb_21_44244_Flinders_BRUV_D2,1:00:00
Feb_21,17/2/2021,Flinders,BRUV,D2,44,lagoon,Lutjanus bohar,3,Feb_21_44244_Flinders_BRUV_D2,1:00:00
Feb_21,17/2/2021,Flinders,BRUV,D2,44,lagoon,Macolor macularis,1,Feb_21_44244_Flinders_BRUV_D2,1:00:00
Feb_21,17/2/2021,Flinders,BRUV,D2,44,lagoon,Parupeneus pleurostigma,1,Feb_21_44244_Flinders_BRUV_D2,1:00:00
Feb_21,17/2/2021,Flinders,BRUV,D2,44,lagoon,Pomacanthus imperator,1,Feb_21_44244_Flinders_BRUV_D2,1:00:00
Feb_21,17/2/2021,Flinders,BRUV,D2,44,lagoon,Plectropomus laevis,1,Feb_21_44244_Flinders_BRUV_D2,1:00:00
Feb_21,17/2/2021,Flinders,BRUV,D2,44,lagoon,Variola louti,1,Feb_21_44244_Flinders_BRUV_D2,1:00:00
Feb_21,17/2/2021,Flinders,BRUV,D3,55,lagoon,Acanthurus dussumieri,1,Feb_21_44244_Flinders_BRUV_D3,1:00:00
Feb_21,17/2/2021,Flinders,BRUV,D3,55,lagoon,Acanthurus nigricauda,4,Feb_21_44244_Flinders_BRUV_D3,1:00:00
Feb_21,17/2/2021,Flinders,BRUV,D3,55,lagoon,Pseudobalistes flavimarginatus,1,Feb_21_44244_Flinders_BRUV_D3,1:00:00
Feb_21,17/2/2021,Flinders,BRUV,D3,55,lagoon,Caranx melampygus,1,Feb_21_44244_Flinders_BRUV_D3,1:00:00
Feb_21,17/2/2021,Flinders,BRUV,D3,55,lagoon,Carcharhinus amblyrhynchos,2,Feb_21_44244_Flinders_BRUV_D3,1:00:00
Feb_21,17/2/2021,Flinders,BRUV,D3,55,lagoon,Gymnocranius euanus,4,Feb_21_44244_Flinders_BRUV_D3,1:00:00
Feb_21,17/2/2021,Flinders,BRUV,D3,55,lagoon,Lethrinus olivaceus,1,Feb_21_44244_Flinders_BRUV_D3,1:00:00
Feb_21,17/2/2021,Flinders,BRUV,D3,55,lagoon,Lethrinus semicinctus,2,Feb_21_44244_Flinders_BRUV_D3,1:00:00
Feb_21,17/2/2021,Flinders,BRUV,D3,55,lagoon,Lutjanus bohar,4,Feb_21_44244_Flinders_BRUV_D3,1:00:00
Feb_21,17/2/2021,Flinders,BRUV,D3,55,lagoon,Parupeneus multifasciatus,1,Feb_21_44244_Flinders_BRUV_D3,1:00:00
Feb_21,17/2/2021,Flinders,BRUV,D3,55,lagoon,Parupeneus pleurostigma,1,Feb_21_44244_Flinders_BRUV_D3,1:00:00
Feb_21,17/2/2021,Flinders,BRUV,D3,55,lagoon,Acanthochromis polyacanthus,2,Feb_21_44244_Flinders_BRUV_D3,1:00:00
Feb_21,17/2/2021,Flinders,BRUV,D3,55,lagoon,Scarus flavipinnis,3,Feb_21_44244_Flinders_BRUV_D3,1:00:00
Feb_21,17/2/2021,Flinders,BRUV,D3,55,lagoon,Plectropomus laevis,1,Feb_21_44244_Flinders_BRUV_D3,1:00:00
Feb_21,17/2/2021,Flinders,BRUV,D3,55,lagoon,Variola louti,1,Feb_21_44244_Flinders_BRUV_D3,1:00:00
Feb_21,17/2/2021,Flinders,BRUV,D3,55,lagoon,Sphyraena qenie,3,Feb_21_44244_Flinders_BRUV_D3,1:00:00
Feb_21,17/2/2021,Flinders,BRUV,D5,59,lagoon,Acanthurus dussumieri,3,Feb_21_44244_Flinders_BRUV_D5,1:00:00
Feb_21,17/2/2021,Flinders,BRUV,D5,59,lagoon,Acanthurus pyroferus,1,Feb_21_44244_Flinders_BRUV_D5,1:00:00
Feb_21,17/2/2021,Flinders,BRUV,D5,59,lagoon,Naso brevirostris,1,Feb_21_44244_Flinders_BRUV_D5,1:00:00
Feb_21,17/2/2021,Flinders,BRUV,D5,59,lagoon,Naso lituratus,1,Feb_21_44244_Flinders_BRUV_D5,1:00:00
Feb_21,17/2/2021,Flinders,BRUV,D5,59,lagoon,Naso vlamingii,3,Feb_21_44244_Flinders_BRUV_D5,1:00:00
Feb_21,17/2/2021,Flinders,BRUV,D5,59,lagoon,Balistoides conspicillum,1,Feb_21_44244_Flinders_BRUV_D5,1:00:00
Feb_21,17/2/2021,Flinders,BRUV,D5,59,lagoon,Caranx ignobilis,1,Feb_21_44244_Flinders_BRUV_D5,1:00:00
Feb_21,17/2/2021,Flinders,BRUV,D5,59,lagoon,Carcharhinus albimarginatus,1,Feb_21_44244_Flinders_BRUV_D5,1:00:00
Feb_21,17/2/2021,Flinders,BRUV,D5,59,lagoon,Chaetodon auriga,2,Feb_21_44244_Flinders_BRUV_D5,1:00:00
Feb_21,17/2/2021,Flinders,BRUV,D5,59,lagoon,Heniochus diphreutes,1,Feb_21_44244_Flinders_BRUV_D5,1:00:00
Feb_21,17/2/2021,Flinders,BRUV,D5,59,lagoon,Gymnocranius euanus,4,Feb_21_44244_Flinders_BRUV_D5,1:00:00
Feb_21,17/2/2021,Flinders,BRUV,D5,59,lagoon,Gymnocranius microdon,1,Feb_21_44244_Flinders_BRUV_D5,1:00:00
Feb_21,17/2/2021,Flinders,BRUV,D5,59,lagoon,Lethrinus olivaceus,1,Feb_21_44244_Flinders_BRUV_D5,1:00:00
Feb_21,17/2/2021,Flinders,BRUV,D5,59,lagoon,Monotaxis grandoculis,1,Feb_21_44244_Flinders_BRUV_D5,1:00:00
Feb_21,17/2/2021,Flinders,BRUV,D5,59,lagoon,Aprion virescens,1,Feb_21_44244_Flinders_BRUV_D5,1:00:00
Feb_21,17/2/2021,Flinders,BRUV,D5,59,lagoon,Lutjanus bohar,2,Feb_21_44244_Flinders_BRUV_D5,1:00:00
Feb_21,17/2/2021,Flinders,BRUV,D5,59,lagoon,Macolor macularis,1,Feb_21_44244_Flinders_BRUV_D5,1:00:00
Feb_21,17/2/2021,Flinders,BRUV,D5,59,lagoon,Parupeneus barberinus,1,Feb_21_44244_Flinders_BRUV_D5,1:00:00
Feb_21,17/2/2021,Flinders,BRUV,D5,59,lagoon,Pentapodus aureofasciatus,3,Feb_21_44244_Flinders_BRUV_D5,1:00:00
Feb_21,17/2/2021,Flinders,BRUV,D5,59,lagoon,Genicanthus melanospilos,1,Feb_21_44244_Flinders_BRUV_D5,1:00:00
Feb_21,17/2/2021,Flinders,BRUV,D5,59,lagoon,Plectropomus laevis,1,Feb_21_44244_Flinders_BRUV_D5,1:00:00
Feb_21,17/2/2021,Flinders,BRUV,D5,59,lagoon,Plectropomus leopardus,2,Feb_21_44244_Flinders_BRUV_D5,1:00:00
Feb_21,15/2/2021,Herald,BRUV,D1,42,outer_reef,Naso hexacanthus,10,Feb_21_44242_Herald_BRUV_D1,1:00:00
Feb_21,15/2/2021,Herald,BRUV,D1,42,outer_reef,Balistoides viridescens,1,Feb_21_44242_Herald_BRUV_D1,1:00:00
Feb_21,15/2/2021,Herald,BRUV,D1,42,outer_reef,Odonus niger,11,Feb_21_44242_Herald_BRUV_D1,1:00:00
Feb_21,15/2/2021,Herald,BRUV,D1,42,outer_reef,Pseudobalistes flavimarginatus,1,Feb_21_44242_Herald_BRUV_D1,1:00:00
Feb_21,15/2/2021,Herald,BRUV,D1,42,outer_reef,Sufflamen fraenatum,1,Feb_21_44242_Herald_BRUV_D1,1:00:00
Feb_21,15/2/2021,Herald,BRUV,D1,42,outer_reef,Caranx melampygus,1,Feb_21_44242_Herald_BRUV_D1,1:00:00
Feb_21,15/2/2021,Herald,BRUV,D1,42,outer_reef,Carcharhinus albimarginatus,1,Feb_21_44242_Herald_BRUV_D1,1:00:00
Feb_21,15/2/2021,Herald,BRUV,D1,42,outer_reef,Carcharhinus amblyrhynchos,1,Feb_21_44242_Herald_BRUV_D1,1:00:00
Feb_21,15/2/2021,Herald,BRUV,D1,42,outer_reef,Cheilinus undulatus,1,Feb_21_44242_Herald_BRUV_D1,1:00:00
Feb_21,15/2/2021,Herald,BRUV,D1,42,outer_reef,Choerodon jordani,1,Feb_21_44242_Herald_BRUV_D1,1:00:00
Feb_21,15/2/2021,Herald,BRUV,D1,42,outer_reef,Halichoeres hartzfeldii,3,Feb_21_44242_Herald_BRUV_D1,1:00:00
Feb_21,15/2/2021,Herald,BRUV,D1,42,outer_reef,Hologymnosus longipes,4,Feb_21_44242_Herald_BRUV_D1,1:00:00
Feb_21,15/2/2021,Herald,BRUV,D1,42,outer_reef,Gymnocranius euanus,4,Feb_21_44242_Herald_BRUV_D1,1:00:00
Feb_21,15/2/2021,Herald,BRUV,D1,42,outer_reef,Lethrinus olivaceus,1,Feb_21_44242_Herald_BRUV_D1,1:00:00
Feb_21,15/2/2021,Herald,BRUV,D1,42,outer_reef,Lethrinus rubrioperculatus,4,Feb_21_44242_Herald_BRUV_D1,1:00:00
Feb_21,15/2/2021,Herald,BRUV,D1,42,outer_reef,Aprion virescens,1,Feb_21_44242_Herald_BRUV_D1,1:00:00
Feb_21,15/2/2021,Herald,BRUV,D1,42,outer_reef,Lutjanus bohar,3,Feb_21_44242_Herald_BRUV_D1,1:00:00
Feb_21,15/2/2021,Herald,BRUV,D1,42,outer_reef,Malacanthus brevirostris,1,Feb_21_44242_Herald_BRUV_D1,1:00:00
Feb_21,15/2/2021,Herald,BRUV,D1,42,outer_reef,Sphyraena barracuda,1,Feb_21_44242_Herald_BRUV_D1,1:00:00
Feb_21,15/2/2021,Herald,BRUV,D2,52,outer_reef,Naso tonganus,1,Feb_21_44242_Herald_BRUV_D2,1:00:00
Feb_21,15/2/2021,Herald,BRUV,D2,52,outer_reef,Abalistes stellatus,2,Feb_21_44242_Herald_BRUV_D2,1:00:00
Feb_21,15/2/2021,Herald,BRUV,D2,52,outer_reef,Carangoides orthogrammus,1,Feb_21_44242_Herald_BRUV_D2,1:00:00
Feb_21,15/2/2021,Herald,BRUV,D2,52,outer_reef,Carcharhinus amblyrhynchos,1,Feb_21_44242_Herald_BRUV_D2,1:00:00
Feb_21,15/2/2021,Herald,BRUV,D2,52,outer_reef,Iniistius pavo,1,Feb_21_44242_Herald_BRUV_D2,1:00:00
Feb_21,15/2/2021,Herald,BRUV,D2,52,outer_reef,Gymnocranius euanus,5,Feb_21_44242_Herald_BRUV_D2,1:00:00
Feb_21,15/2/2021,Herald,BRUV,D2,52,outer_reef,Gymnocranius grandoculis,1,Feb_21_44242_Herald_BRUV_D2,1:00:00
Feb_21,15/2/2021,Herald,BRUV,D2,52,outer_reef,Lethrinus olivaceus,1,Feb_21_44242_Herald_BRUV_D2,1:00:00
Feb_21,15/2/2021,Herald,BRUV,D2,52,outer_reef,Lethrinus rubrioperculatus,3,Feb_21_44242_Herald_BRUV_D2,1:00:00
Feb_21,15/2/2021,Herald,BRUV,D2,52,outer_reef,Lutjanus bohar,1,Feb_21_44242_Herald_BRUV_D2,1:00:00
Feb_21,15/2/2021,Herald,BRUV,D2,52,outer_reef,Mulloidichthys pfluegeri,4,Feb_21_44242_Herald_BRUV_D2,1:00:00
Feb_21,15/2/2021,Herald,BRUV,D3,71,outer_reef,Acanthurus dussumieri,1,Feb_21_44242_Herald_BRUV_D3,1:00:00
Feb_21,15/2/2021,Herald,BRUV,D3,71,outer_reef,Acanthurus mata,7,Feb_21_44242_Herald_BRUV_D3,1:00:00
Feb_21,15/2/2021,Herald,BRUV,D3,71,outer_reef,Naso lopezi,7,Feb_21_44242_Herald_BRUV_D3,1:00:00
Feb_21,15/2/2021,Herald,BRUV,D3,71,outer_reef,Abalistes stellatus,2,Feb_21_44242_Herald_BRUV_D3,1:00:00
Feb_21,15/2/2021,Herald,BRUV,D3,71,outer_reef,Odonus niger,20,Feb_21_44242_Herald_BRUV_D3,1:00:00
Feb_21,15/2/2021,Herald,BRUV,D3,71,outer_reef,Sufflamen fraenatum,1,Feb_21_44242_Herald_BRUV_D3,1:00:00
Feb_21,15/2/2021,Herald,BRUV,D3,71,outer_reef,Carangoides orthogrammus,1,Feb_21_44242_Herald_BRUV_D3,1:00:00
Feb_21,15/2/2021,Herald,BRUV,D3,71,outer_reef,Caranx melampygus,2,Feb_21_44242_Herald_BRUV_D3,1:00:00
Feb_21,15/2/2021,Herald,BRUV,D3,71,outer_reef,Carcharhinus albimarginatus,1,Feb_21_44242_Herald_BRUV_D3,1:00:00
Feb_21,15/2/2021,Herald,BRUV,D3,71,outer_reef,Carcharhinus amblyrhynchos,2,Feb_21_44242_Herald_BRUV_D3,1:00:00
Feb_21,15/2/2021,Herald,BRUV,D3,71,outer_reef,Heniochus acuminatus,2,Feb_21_44242_Herald_BRUV_D3,1:00:00
Feb_21,15/2/2021,Herald,BRUV,D3,71,outer_reef,Halichoeres hartzfeldii,2,Feb_21_44242_Herald_BRUV_D3,1:00:00
Feb_21,15/2/2021,Herald,BRUV,D3,71,outer_reef,Gymnocranius euanus,5,Feb_21_44242_Herald_BRUV_D3,1:00:00
Feb_21,15/2/2021,Herald,BRUV,D3,71,outer_reef,Lethrinus rubrioperculatus,3,Feb_21_44242_Herald_BRUV_D3,1:00:00
Feb_21,15/2/2021,Herald,BRUV,D3,71,outer_reef,Lutjanus bohar,2,Feb_21_44242_Herald_BRUV_D3,1:00:00
Feb_21,15/2/2021,Herald,BRUV,D3,71,outer_reef,Pristipomoides filamentosus,6,Feb_21_44242_Herald_BRUV_D3,1:00:00
Feb_21,15/2/2021,Herald,BRUV,D3,71,outer_reef,Mulloidichthys pfluegeri,4,Feb_21_44242_Herald_BRUV_D3,1:00:00
Feb_21,15/2/2021,Herald,BRUV,D3,71,outer_reef,Gymnosarda unicolor,1,Feb_21_44242_Herald_BRUV_D3,1:00:00
Feb_21,15/2/2021,Herald,BRUV,D4,81,outer_reef,Abalistes stellatus,1,Feb_21_44242_Herald_BRUV_D4,1:00:00
Feb_21,15/2/2021,Herald,BRUV,D4,81,outer_reef,Balistoides viridescens,1,Feb_21_44242_Herald_BRUV_D4,1:00:00
Feb_21,15/2/2021,Herald,BRUV,D4,81,outer_reef,Pseudobalistes flavimarginatus,1,Feb_21_44242_Herald_BRUV_D4,1:00:00
Feb_21,15/2/2021,Herald,BRUV,D4,81,outer_reef,Pseudobalistes fuscus,1,Feb_21_44242_Herald_BRUV_D4,1:00:00
Feb_21,15/2/2021,Herald,BRUV,D4,81,outer_reef,Sufflamen fraenatum,1,Feb_21_44242_Herald_BRUV_D4,1:00:00
Feb_21,15/2/2021,Herald,BRUV,D4,81,outer_reef,Carangoides orthogrammus,1,Feb_21_44242_Herald_BRUV_D4,1:00:00
Feb_21,15/2/2021,Herald,BRUV,D4,81,outer_reef,Seriola rivoliana,1,Feb_21_44242_Herald_BRUV_D4,1:00:00
Feb_21,15/2/2021,Herald,BRUV,D4,81,outer_reef,Carcharhinus albimarginatus,1,Feb_21_44242_Herald_BRUV_D4,1:00:00
Feb_21,15/2/2021,Herald,BRUV,D4,81,outer_reef,Halichoeres hartzfeldii,2,Feb_21_44242_Herald_BRUV_D4,1:00:00
Feb_21,15/2/2021,Herald,BRUV,D4,81,outer_reef,Gymnocranius euanus,2,Feb_21_44242_Herald_BRUV_D4,1:00:00
Feb_21,15/2/2021,Herald,BRUV,D4,81,outer_reef,Lethrinus olivaceus,1,Feb_21_44242_Herald_BRUV_D4,1:00:00
Feb_21,15/2/2021,Herald,BRUV,D4,81,outer_reef,Lethrinus rubrioperculatus,4,Feb_21_44242_Herald_BRUV_D4,1:00:00
Feb_21,15/2/2021,Herald,BRUV,D4,81,outer_reef,Aprion virescens,1,Feb_21_44242_Herald_BRUV_D4,1:00:00
Feb_21,15/2/2021,Herald,BRUV,D4,81,outer_reef,Malacanthus brevirostris,1,Feb_21_44242_Herald_BRUV_D4,1:00:00
Feb_21,15/2/2021,Herald,BRUV,D4,81,outer_reef,Aluterus scriptus,1,Feb_21_44242_Herald_BRUV_D4,1:00:00
Feb_21,15/2/2021,Herald,BRUV,D4,81,outer_reef,Mulloidichthys pfluegeri,6,Feb_21_44242_Herald_BRUV_D4,1:00:00
Feb_21,15/2/2021,Herald,BRUV,D4,81,outer_reef,Variola albimarginata,1,Feb_21_44242_Herald_BRUV_D4,1:00:00
Feb_21,15/2/2021,Herald,BRUV,D5,35,outer_reef,Acanthurus dussumieri,7,Feb_21_44242_Herald_BRUV_D5,1:00:00
Feb_21,15/2/2021,Herald,BRUV,D5,35,outer_reef,Naso brevirostris,4,Feb_21_44242_Herald_BRUV_D5,1:00:00
Feb_21,15/2/2021,Herald,BRUV,D5,35,outer_reef,Naso planktivore,4,Feb_21_44242_Herald_BRUV_D5,1:00:00
Feb_21,15/2/2021,Herald,BRUV,D5,35,outer_reef,Naso vlamingii,3,Feb_21_44242_Herald_BRUV_D5,1:00:00
Feb_21,15/2/2021,Herald,BRUV,D5,35,outer_reef,Zebrasoma veliferum,2,Feb_21_44242_Herald_BRUV_D5,1:00:00
Feb_21,15/2/2021,Herald,BRUV,D5,35,outer_reef,Balistapus undulatus,1,Feb_21_44242_Herald_BRUV_D5,1:00:00
Feb_21,15/2/2021,Herald,BRUV,D5,35,outer_reef,Balistoides viridescens,1,Feb_21_44242_Herald_BRUV_D5,1:00:00
Feb_21,15/2/2021,Herald,BRUV,D5,35,outer_reef,Melichthys vidua,3,Feb_21_44242_Herald_BRUV_D5,1:00:00
Feb_21,15/2/2021,Herald,BRUV,D5,35,outer_reef,Caranx melampygus,2,Feb_21_44242_Herald_BRUV_D5,1:00:00
Feb_21,15/2/2021,Herald,BRUV,D5,35,outer_reef,Carcharhinus amblyrhynchos,5,Feb_21_44242_Herald_BRUV_D5,1:00:00
Feb_21,15/2/2021,Herald,BRUV,D5,35,outer_reef,Galeocerdo cuvier,1,Feb_21_44242_Herald_BRUV_D5,1:00:00
Feb_21,15/2/2021,Herald,BRUV,D5,35,outer_reef,Triaenodon obesus,1,Feb_21_44242_Herald_BRUV_D5,1:00:00
Feb_21,15/2/2021,Herald,BRUV,D5,35,outer_reef,Echeneis naucrates,1,Feb_21_44242_Herald_BRUV_D5,1:00:00
Feb_21,15/2/2021,Herald,BRUV,D5,35,outer_reef,Bodianus loxozonus,3,Feb_21_44242_Herald_BRUV_D5,1:00:00
Feb_21,15/2/2021,Herald,BRUV,D5,35,outer_reef,Cheilinus undulatus,1,Feb_21_44242_Herald_BRUV_D5,1:00:00
Feb_21,15/2/2021,Herald,BRUV,D5,35,outer_reef,Gymnocranius euanus,2,Feb_21_44242_Herald_BRUV_D5,1:00:00
Feb_21,15/2/2021,Herald,BRUV,D5,35,outer_reef,Lethrinus erythracanthus,1,Feb_21_44242_Herald_BRUV_D5,1:00:00
Feb_21,15/2/2021,Herald,BRUV,D5,35,outer_reef,Lethrinus olivaceus,1,Feb_21_44242_Herald_BRUV_D5,1:00:00
Feb_21,15/2/2021,Herald,BRUV,D5,35,outer_reef,Monotaxis grandoculis,3,Feb_21_44242_Herald_BRUV_D5,1:00:00
Feb_21,15/2/2021,Herald,BRUV,D5,35,outer_reef,Aphareus furca,1,Feb_21_44242_Herald_BRUV_D5,1:00:00
Feb_21,15/2/2021,Herald,BRUV,D5,35,outer_reef,Aprion virescens,1,Feb_21_44242_Herald_BRUV_D5,1:00:00
Feb_21,15/2/2021,Herald,BRUV,D5,35,outer_reef,Lutjanus bohar,2,Feb_21_44242_Herald_BRUV_D5,1:00:00
Feb_21,15/2/2021,Herald,BRUV,D5,35,outer_reef,Macolor niger,1,Feb_21_44242_Herald_BRUV_D5,1:00:00
Feb_21,15/2/2021,Herald,BRUV,D5,35,outer_reef,Parupeneus cyclostomus,2,Feb_21_44242_Herald_BRUV_D5,1:00:00
Feb_21,15/2/2021,Herald,BRUV,D5,35,outer_reef,Pomacentrus vaiuli,2,Feb_21_44242_Herald_BRUV_D5,1:00:00
Feb_21,15/2/2021,Herald,BRUV,D5,35,outer_reef,Cetoscarus ocellatus,1,Feb_21_44242_Herald_BRUV_D5,1:00:00
Feb_21,15/2/2021,Herald,BRUV,D5,35,outer_reef,Chlorurus microrhinos,1,Feb_21_44242_Herald_BRUV_D5,1:00:00
Feb_21,15/2/2021,Herald,BRUV,D5,35,outer_reef,Scarus altipinnis,1,Feb_21_44242_Herald_BRUV_D5,1:00:00
Feb_21,15/2/2021,Herald,BRUV,D5,35,outer_reef,Scarus niger,1,Feb_21_44242_Herald_BRUV_D5,1:00:00
Feb_21,15/2/2021,Herald,BRUV,D5,35,outer_reef,Variola louti,1,Feb_21_44242_Herald_BRUV_D5,1:00:00
Feb_21,15/2/2021,Herald,BRUV,D5,35,outer_reef,Siganus argenteus,4,Feb_21_44242_Herald_BRUV_D5,1:00:00
Feb_21,15/2/2021,Herald,BRUV,D5,35,outer_reef,Zanclus cornutus,1,Feb_21_44242_Herald_BRUV_D5,1:00:00
Feb_21,19/2/2021,Holmes,BRUV,D4,45,outer_reef,Naso planktivore,1,Feb_21_44246_Holmes_BRUV_D4,1:00:00
Feb_21,19/2/2021,Holmes,BRUV,D4,45,outer_reef,Balistoides conspicillum,1,Feb_21_44246_Holmes_BRUV_D4,1:00:00
Feb_21,19/2/2021,Holmes,BRUV,D4,45,outer_reef,Balistoides viridescens,1,Feb_21_44246_Holmes_BRUV_D4,1:00:00
Feb_21,19/2/2021,Holmes,BRUV,D4,45,outer_reef,Cheilinus undulatus,1,Feb_21_44246_Holmes_BRUV_D4,1:00:00
Feb_21,19/2/2021,Holmes,BRUV,D4,45,outer_reef,Halichoeres biocellatus,1,Feb_21_44246_Holmes_BRUV_D4,1:00:00
Feb_21,19/2/2021,Holmes,BRUV,D4,45,outer_reef,Oxycheilinus unifasciatus,1,Feb_21_44246_Holmes_BRUV_D4,1:00:00
Feb_21,19/2/2021,Holmes,BRUV,D4,45,outer_reef,Pseudocheilinus evanidus,2,Feb_21_44246_Holmes_BRUV_D4,1:00:00
Feb_21,19/2/2021,Holmes,BRUV,D4,45,outer_reef,Gymnocranius euanus,1,Feb_21_44246_Holmes_BRUV_D4,1:00:00
Feb_21,19/2/2021,Holmes,BRUV,D4,45,outer_reef,Lethrinus erythracanthus,1,Feb_21_44246_Holmes_BRUV_D4,1:00:00
Feb_21,19/2/2021,Holmes,BRUV,D4,45,outer_reef,Lethrinus olivaceus,1,Feb_21_44246_Holmes_BRUV_D4,1:00:00
Feb_21,19/2/2021,Holmes,BRUV,D4,45,outer_reef,Lutjanus bohar,1,Feb_21_44246_Holmes_BRUV_D4,1:00:00
Feb_21,19/2/2021,Holmes,BRUV,D4,45,outer_reef,Pomacanthus imperator,1,Feb_21_44246_Holmes_BRUV_D4,1:00:00
Feb_21,19/2/2021,Holmes,BRUV,D4,45,outer_reef,Chrysiptera starcki,1,Feb_21_44246_Holmes_BRUV_D4,1:00:00
Feb_21,19/2/2021,Holmes,BRUV,D4,45,outer_reef,Pomacentrus iomelas,11,Feb_21_44246_Holmes_BRUV_D4,1:00:00
Feb_21,19/2/2021,Holmes,BRUV,D4,45,outer_reef,Cephalopholis spiloparaea,2,Feb_21_44246_Holmes_BRUV_D4,1:00:00
Feb_21,19/2/2021,Holmes,BRUV,D4,45,outer_reef,Plectropomus laevis,1,Feb_21_44246_Holmes_BRUV_D4,1:00:00
Feb_21,19/2/2021,Holmes,BRUV,D4,45,outer_reef,Variola louti,1,Feb_21_44246_Holmes_BRUV_D4,1:00:00
Feb_21,19/2/2021,Holmes,BRUV,D5,51,outer_reef,Balistapus undulatus,1,Feb_21_44246_Holmes_BRUV_D5,1:00:00
Feb_21,19/2/2021,Holmes,BRUV,D5,51,outer_reef,Forcipiger flavissimus,4,Feb_21_44246_Holmes_BRUV_D5,1:00:00
Feb_21,19/2/2021,Holmes,BRUV,D5,51,outer_reef,Epinephelus polyphekadion,2,Feb_21_44246_Holmes_BRUV_D5,1:00:00
Feb_21,19/2/2021,Holmes,BRUV,D5,51,outer_reef,Anampses melanurus,7,Feb_21_44246_Holmes_BRUV_D5,1:00:00
Feb_21,19/2/2021,Holmes,BRUV,D5,51,outer_reef,Bodianus anthioides,1,Feb_21_44246_Holmes_BRUV_D5,1:00:00
Feb_21,19/2/2021,Holmes,BRUV,D5,51,outer_reef,Oxycheilinus nigromarginatus,3,Feb_21_44246_Holmes_BRUV_D5,1:00:00
Feb_21,19/2/2021,Holmes,BRUV,D5,51,outer_reef,Oxycheilinus orientalis,4,Feb_21_44246_Holmes_BRUV_D5,1:00:00
Feb_21,19/2/2021,Holmes,BRUV,D5,51,outer_reef,Pseudocheilinus evanidus,1,Feb_21_44246_Holmes_BRUV_D5,1:00:00
Feb_21,19/2/2021,Holmes,BRUV,D5,51,outer_reef,Pteragogus cryptus,1,Feb_21_44246_Holmes_BRUV_D5,1:00:00
Feb_21,19/2/2021,Holmes,BRUV,D5,51,outer_reef,Gymnocranius euanus,1,Feb_21_44246_Holmes_BRUV_D5,1:00:00
Feb_21,19/2/2021,Holmes,BRUV,D5,51,outer_reef,Lethrinus erythracanthus,1,Feb_21_44246_Holmes_BRUV_D5,1:00:00
Feb_21,19/2/2021,Holmes,BRUV,D5,51,outer_reef,Lethrinus olivaceus,1,Feb_21_44246_Holmes_BRUV_D5,1:00:00
Feb_21,19/2/2021,Holmes,BRUV,D5,51,outer_reef,Lutjanus bohar,1,Feb_21_44246_Holmes_BRUV_D5,1:00:00
Feb_21,19/2/2021,Holmes,BRUV,D5,51,outer_reef,Parupeneus multifasciatus,1,Feb_21_44246_Holmes_BRUV_D5,1:00:00
Feb_21,19/2/2021,Holmes,BRUV,D5,51,outer_reef,Genicanthus melanospilos,2,Feb_21_44246_Holmes_BRUV_D5,1:00:00
Feb_21,19/2/2021,Holmes,BRUV,D5,51,outer_reef,Acanthochromis polyacanthus,2,Feb_21_44246_Holmes_BRUV_D5,1:00:00
Feb_21,19/2/2021,Holmes,BRUV,D5,51,outer_reef,Pomacentrus nigromarginatus,1,Feb_21_44246_Holmes_BRUV_D5,1:00:00
Feb_21,19/2/2021,Holmes,BRUV,D5,51,outer_reef,Scarus rubroviolaceus,1,Feb_21_44246_Holmes_BRUV_D5,1:00:00
Feb_21,19/2/2021,Holmes,BRUV,D5,51,outer_reef,Cephalopholis spiloparaea,3,Feb_21_44246_Holmes_BRUV_D5,1:00:00
Feb_21,19/2/2021,Holmes,BRUV,D5,51,outer_reef,Plectropomus laevis,1,Feb_21_44246_Holmes_BRUV_D5,1:00:00
Feb_21,19/2/2021,Holmes,BRUV,D6,85,inner_reef,Acanthurus dussumieri,29,Feb_21_44246_Holmes_BRUV_D6,1:00:00
Feb_21,19/2/2021,Holmes,BRUV,D6,85,inner_reef,Naso lopezi,9,Feb_21_44246_Holmes_BRUV_D6,1:00:00
Feb_21,19/2/2021,Holmes,BRUV,D6,85,inner_reef,Naso vlamingii,2,Feb_21_44246_Holmes_BRUV_D6,1:00:00
Feb_21,19/2/2021,Holmes,BRUV,D6,85,inner_reef,Sufflamen fraenatum,1,Feb_21_44246_Holmes_BRUV_D6,1:00:00
Feb_21,19/2/2021,Holmes,BRUV,D6,85,inner_reef,Xanthichthys caeruleolineatus,1,Feb_21_44246_Holmes_BRUV_D6,1:00:00
Feb_21,19/2/2021,Holmes,BRUV,D6,85,inner_reef,Caranx lugubris,1,Feb_21_44246_Holmes_BRUV_D6,1:00:00
Feb_21,19/2/2021,Holmes,BRUV,D6,85,inner_reef,Caranx melampygus,4,Feb_21_44246_Holmes_BRUV_D6,1:00:00
Feb_21,19/2/2021,Holmes,BRUV,D6,85,inner_reef,Carcharhinus amblyrhynchos,2,Feb_21_44246_Holmes_BRUV_D6,1:00:00
Feb_21,19/2/2021,Holmes,BRUV,D6,85,inner_reef,Triaenodon obesus,1,Feb_21_44246_Holmes_BRUV_D6,1:00:00
Feb_21,19/2/2021,Holmes,BRUV,D6,85,inner_reef,Chaetodon lineolatus,2,Feb_21_44246_Holmes_BRUV_D6,1:00:00
Feb_21,19/2/2021,Holmes,BRUV,D6,85,inner_reef,Epinephelus maculatus,4,Feb_21_44246_Holmes_BRUV_D6,1:00:00
Feb_21,19/2/2021,Holmes,BRUV,D6,85,inner_reef,Gymnocranius euanus,2,Feb_21_44246_Holmes_BRUV_D6,1:00:00
Feb_21,19/2/2021,Holmes,BRUV,D6,85,inner_reef,Lethrinus miniatus,1,Feb_21_44246_Holmes_BRUV_D6,1:00:00
Feb_21,19/2/2021,Holmes,BRUV,D6,85,inner_reef,Lethrinus olivaceus,10,Feb_21_44246_Holmes_BRUV_D6,1:00:00
Feb_21,19/2/2021,Holmes,BRUV,D6,85,inner_reef,Lethrinus rubrioperculatus,1,Feb_21_44246_Holmes_BRUV_D6,1:00:00
Feb_21,19/2/2021,Holmes,BRUV,D6,85,inner_reef,Aphareus furca,1,Feb_21_44246_Holmes_BRUV_D6,1:00:00
Feb_21,19/2/2021,Holmes,BRUV,D6,85,inner_reef,Lutjanus bohar,2,Feb_21_44246_Holmes_BRUV_D6,1:00:00
Feb_21,19/2/2021,Holmes,BRUV,D6,85,inner_reef,Pristipomoides filamentosus,1,Feb_21_44246_Holmes_BRUV_D6,1:00:00
Feb_21,19/2/2021,Holmes,BRUV,D6,85,inner_reef,Mulloidichthys pfluegeri,5,Feb_21_44246_Holmes_BRUV_D6,1:00:00
Feb_21,19/2/2021,Holmes,BRUV,D6,85,inner_reef,Pomacanthus imperator,2,Feb_21_44246_Holmes_BRUV_D6,1:00:00
Feb_21,19/2/2021,Holmes,BRUV,D7,85,outer_reef,Gymnocranius euanus,2,Feb_21_44246_Holmes_BRUV_D7,1:00:00
Feb_21,19/2/2021,Holmes,BRUV,D7,85,outer_reef,Lethrinus rubrioperculatus,2,Feb_21_44246_Holmes_BRUV_D7,1:00:00
Feb_21,19/2/2021,Holmes,BRUV,D7,85,outer_reef,Aprion virescens,1,Feb_21_44246_Holmes_BRUV_D7,1:00:00
Feb_21,19/2/2021,Holmes,BRUV,D7,85,outer_reef,Lutjanus bohar,1,Feb_21_44246_Holmes_BRUV_D7,1:00:00
Feb_21,19/2/2021,Holmes,BRUV,D7,85,outer_reef,Mulloidichthys pfluegeri,1,Feb_21_44246_Holmes_BRUV_D7,1:00:00
Feb_21,8/2/2021,Kenn,BRUV,D1,35,outer_reef,Acanthurus nigrofuscus,2,Feb_21_44235_Kenn_BRUV_D1,1:00:00
Feb_21,8/2/2021,Kenn,BRUV,D1,35,outer_reef,Acanthurus pyroferus,1,Feb_21_44235_Kenn_BRUV_D1,1:00:00
Feb_21,8/2/2021,Kenn,BRUV,D1,35,outer_reef,Ctenochaetus striatus,4,Feb_21_44235_Kenn_BRUV_D1,1:00:00
Feb_21,8/2/2021,Kenn,BRUV,D1,35,outer_reef,Naso lituratus,2,Feb_21_44235_Kenn_BRUV_D1,1:00:00
Feb_21,8/2/2021,Kenn,BRUV,D1,35,outer_reef,Zebrasoma scopas,5,Feb_21_44235_Kenn_BRUV_D1,1:00:00
Feb_21,8/2/2021,Kenn,BRUV,D1,35,outer_reef,Balistoides viridescens,1,Feb_21_44235_Kenn_BRUV_D1,1:00:00
Feb_21,8/2/2021,Kenn,BRUV,D1,35,outer_reef,Sufflamen bursa,1,Feb_21_44235_Kenn_BRUV_D1,1:00:00
Feb_21,8/2/2021,Kenn,BRUV,D1,35,outer_reef,Carcharhinus amblyrhynchos,2,Feb_21_44235_Kenn_BRUV_D1,1:00:00
Feb_21,8/2/2021,Kenn,BRUV,D1,35,outer_reef,Triaenodon obesus,1,Feb_21_44235_Kenn_BRUV_D1,1:00:00
Feb_21,8/2/2021,Kenn,BRUV,D1,35,outer_reef,Chaetodon auriga,1,Feb_21_44235_Kenn_BRUV_D1,1:00:00
Feb_21,8/2/2021,Kenn,BRUV,D1,35,outer_reef,Chaetodon kleinii,2,Feb_21_44235_Kenn_BRUV_D1,1:00:00
Feb_21,8/2/2021,Kenn,BRUV,D1,35,outer_reef,Chaetodon lunulatus,2,Feb_21_44235_Kenn_BRUV_D1,1:00:00
Feb_21,8/2/2021,Kenn,BRUV,D1,35,outer_reef,Chaetodon mertensii,2,Feb_21_44235_Kenn_BRUV_D1,1:00:00
Feb_21,8/2/2021,Kenn,BRUV,D1,35,outer_reef,Chaetodon ornatissimus,2,Feb_21_44235_Kenn_BRUV_D1,1:00:00
Feb_21,8/2/2021,Kenn,BRUV,D1,35,outer_reef,Chaetodon plebeius,1,Feb_21_44235_Kenn_BRUV_D1,1:00:00
Feb_21,8/2/2021,Kenn,BRUV,D1,35,outer_reef,Chaetodon trifascialis,1,Feb_21_44235_Kenn_BRUV_D1,1:00:00
Feb_21,8/2/2021,Kenn,BRUV,D1,35,outer_reef,Chaetodon ulietensis,1,Feb_21_44235_Kenn_BRUV_D1,1:00:00
Feb_21,8/2/2021,Kenn,BRUV,D1,35,outer_reef,Forcipiger flavissimus,2,Feb_21_44235_Kenn_BRUV_D1,1:00:00
Feb_21,8/2/2021,Kenn,BRUV,D1,35,outer_reef,Heniochus singularius,2,Feb_21_44235_Kenn_BRUV_D1,1:00:00
Feb_21,8/2/2021,Kenn,BRUV,D1,35,outer_reef,Epinephelus fasciatus,1,Feb_21_44235_Kenn_BRUV_D1,1:00:00
Feb_21,8/2/2021,Kenn,BRUV,D1,35,outer_reef,Anampses femininus,4,Feb_21_44235_Kenn_BRUV_D1,1:00:00
Feb_21,8/2/2021,Kenn,BRUV,D1,35,outer_reef,Anampses neoguinaicus,1,Feb_21_44235_Kenn_BRUV_D1,1:00:00
Feb_21,8/2/2021,Kenn,BRUV,D1,35,outer_reef,Anampses twistii,2,Feb_21_44235_Kenn_BRUV_D1,1:00:00
Feb_21,8/2/2021,Kenn,BRUV,D1,35,outer_reef,Bodianus anthioides,2,Feb_21_44235_Kenn_BRUV_D1,1:00:00
Feb_21,8/2/2021,Kenn,BRUV,D1,35,outer_reef,Cheilinus oxycephalus,1,Feb_21_44235_Kenn_BRUV_D1,1:00:00
Feb_21,8/2/2021,Kenn,BRUV,D1,35,outer_reef,Cirrhilabrus lineatus,1,Feb_21_44235_Kenn_BRUV_D1,1:00:00
Feb_21,8/2/2021,Kenn,BRUV,D1,35,outer_reef,Gomphosus varius,1,Feb_21_44235_Kenn_BRUV_D1,1:00:00
Feb_21,8/2/2021,Kenn,BRUV,D1,35,outer_reef,Halichoeres biocellatus,2,Feb_21_44235_Kenn_BRUV_D1,1:00:00
Feb_21,8/2/2021,Kenn,BRUV,D1,35,outer_reef,Hemigymnus fasciatus,1,Feb_21_44235_Kenn_BRUV_D1,1:00:00
Feb_21,8/2/2021,Kenn,BRUV,D1,35,outer_reef,Macropharyngodon negrosensis,1,Feb_21_44235_Kenn_BRUV_D1,1:00:00
Feb_21,8/2/2021,Kenn,BRUV,D1,35,outer_reef,Oxycheilinus unifasciatus,1,Feb_21_44235_Kenn_BRUV_D1,1:00:00
Feb_21,8/2/2021,Kenn,BRUV,D1,35,outer_reef,Pseudojuloides cerasinus,1,Feb_21_44235_Kenn_BRUV_D1,1:00:00
Feb_21,8/2/2021,Kenn,BRUV,D1,35,outer_reef,Thalassoma lutescens,3,Feb_21_44235_Kenn_BRUV_D1,1:00:00
Feb_21,8/2/2021,Kenn,BRUV,D1,35,outer_reef,Gymnocranius euanus,2,Feb_21_44235_Kenn_BRUV_D1,1:00:00
Feb_21,8/2/2021,Kenn,BRUV,D1,35,outer_reef,Aphareus furca,1,Feb_21_44235_Kenn_BRUV_D1,1:00:00
Feb_21,8/2/2021,Kenn,BRUV,D1,35,outer_reef,Lutjanus bohar,1,Feb_21_44235_Kenn_BRUV_D1,1:00:00
Feb_21,8/2/2021,Kenn,BRUV,D1,35,outer_reef,Parupeneus cyclostomus,1,Feb_21_44235_Kenn_BRUV_D1,1:00:00
Feb_21,8/2/2021,Kenn,BRUV,D1,35,outer_reef,Parupeneus multifasciatus,1,Feb_21_44235_Kenn_BRUV_D1,1:00:00
Feb_21,8/2/2021,Kenn,BRUV,D1,35,outer_reef,Centropyge heraldi,2,Feb_21_44235_Kenn_BRUV_D1,1:00:00
Feb_21,8/2/2021,Kenn,BRUV,D1,35,outer_reef,Centropyge tibicen,1,Feb_21_44235_Kenn_BRUV_D1,1:00:00
Feb_21,8/2/2021,Kenn,BRUV,D1,35,outer_reef,Chromis chrysura,20,Feb_21_44235_Kenn_BRUV_D1,1:00:00
Feb_21,8/2/2021,Kenn,BRUV,D1,35,outer_reef,Chromis iomelas,3,Feb_21_44235_Kenn_BRUV_D1,1:00:00
Feb_21,8/2/2021,Kenn,BRUV,D1,35,outer_reef,Cetoscarus ocellatus,1,Feb_21_44235_Kenn_BRUV_D1,1:00:00
Feb_21,8/2/2021,Kenn,BRUV,D1,35,outer_reef,Chlorurus sordidus,1,Feb_21_44235_Kenn_BRUV_D1,1:00:00
Feb_21,8/2/2021,Kenn,BRUV,D1,35,outer_reef,Scarus chameleon,1,Feb_21_44235_Kenn_BRUV_D1,1:00:00
Feb_21,8/2/2021,Kenn,BRUV,D1,35,outer_reef,Scarus forsteni,1,Feb_21_44235_Kenn_BRUV_D1,1:00:00
Feb_21,8/2/2021,Kenn,BRUV,D1,35,outer_reef,Scarus longipinnis,3,Feb_21_44235_Kenn_BRUV_D1,1:00:00
Feb_21,8/2/2021,Kenn,BRUV,D1,35,outer_reef,Scarus niger,2,Feb_21_44235_Kenn_BRUV_D1,1:00:00
Feb_21,8/2/2021,Kenn,BRUV,D1,35,outer_reef,Scarus schlegeli,2,Feb_21_44235_Kenn_BRUV_D1,1:00:00
Feb_21,8/2/2021,Kenn,BRUV,D1,35,outer_reef,Cephalopholis urodeta,1,Feb_21_44235_Kenn_BRUV_D1,1:00:00
Feb_21,8/2/2021,Kenn,BRUV,D1,35,outer_reef,Plectropomus laevis,1,Feb_21_44235_Kenn_BRUV_D1,1:00:00
Feb_21,8/2/2021,Kenn,BRUV,D1,35,outer_reef,Variola louti,2,Feb_21_44235_Kenn_BRUV_D1,1:00:00
Feb_21,8/2/2021,Kenn,BRUV,D1,35,outer_reef,Siganus argenteus,2,Feb_21_44235_Kenn_BRUV_D1,1:00:00
Feb_21,8/2/2021,Kenn,BRUV,D2,42,outer_reef,Acanthurus albipectoralis,1,Feb_21_44235_Kenn_BRUV_D2,1:00:00
Feb_21,8/2/2021,Kenn,BRUV,D2,42,outer_reef,Acanthurus thompsoni,1,Feb_21_44235_Kenn_BRUV_D2,1:00:00
Feb_21,8/2/2021,Kenn,BRUV,D2,42,outer_reef,Ctenochaetus striatus,2,Feb_21_44235_Kenn_BRUV_D2,1:00:00
Feb_21,8/2/2021,Kenn,BRUV,D2,42,outer_reef,Naso unicornis,1,Feb_21_44235_Kenn_BRUV_D2,1:00:00
Feb_21,8/2/2021,Kenn,BRUV,D2,42,outer_reef,Naso vlamingii,2,Feb_21_44235_Kenn_BRUV_D2,1:00:00
Feb_21,8/2/2021,Kenn,BRUV,D2,42,outer_reef,Zebrasoma scopas,3,Feb_21_44235_Kenn_BRUV_D2,1:00:00
Feb_21,8/2/2021,Kenn,BRUV,D2,42,outer_reef,Pterocaesio marri,150,Feb_21_44235_Kenn_BRUV_D2,1:00:00
Feb_21,8/2/2021,Kenn,BRUV,D2,42,outer_reef,Caranx ignobilis,1,Feb_21_44235_Kenn_BRUV_D2,1:00:00
Feb_21,8/2/2021,Kenn,BRUV,D2,42,outer_reef,Caranx melampygus,1,Feb_21_44235_Kenn_BRUV_D2,1:00:00
Feb_21,8/2/2021,Kenn,BRUV,D2,42,outer_reef,Carcharhinus amblyrhynchos,2,Feb_21_44235_Kenn_BRUV_D2,1:00:00
Feb_21,8/2/2021,Kenn,BRUV,D2,42,outer_reef,Triaenodon obesus,2,Feb_21_44235_Kenn_BRUV_D2,1:00:00
Feb_21,8/2/2021,Kenn,BRUV,D2,42,outer_reef,Chaetodon ornatissimus,1,Feb_21_44235_Kenn_BRUV_D2,1:00:00
Feb_21,8/2/2021,Kenn,BRUV,D2,42,outer_reef,Chaetodon pelewensis,2,Feb_21_44235_Kenn_BRUV_D2,1:00:00
Feb_21,8/2/2021,Kenn,BRUV,D2,42,outer_reef,Chaetodon trifascialis,1,Feb_21_44235_Kenn_BRUV_D2,1:00:00
Feb_21,8/2/2021,Kenn,BRUV,D2,42,outer_reef,Chaetodon ulietensis,1,Feb_21_44235_Kenn_BRUV_D2,1:00:00
Feb_21,8/2/2021,Kenn,BRUV,D2,42,outer_reef,Epinephelus fasciatus,1,Feb_21_44235_Kenn_BRUV_D2,1:00:00
Feb_21,8/2/2021,Kenn,BRUV,D2,42,outer_reef,Epinephelus tauvina,1,Feb_21_44235_Kenn_BRUV_D2,1:00:00
Feb_21,8/2/2021,Kenn,BRUV,D2,42,outer_reef,Plectorhinchus picus,1,Feb_21_44235_Kenn_BRUV_D2,1:00:00
Feb_21,8/2/2021,Kenn,BRUV,D2,42,outer_reef,Anampses neoguinaicus,1,Feb_21_44235_Kenn_BRUV_D2,1:00:00
Feb_21,8/2/2021,Kenn,BRUV,D2,42,outer_reef,Labroides bicolor,1,Feb_21_44235_Kenn_BRUV_D2,1:00:00
Feb_21,8/2/2021,Kenn,BRUV,D2,42,outer_reef,Labroides dimidiatus,2,Feb_21_44235_Kenn_BRUV_D2,1:00:00
Feb_21,8/2/2021,Kenn,BRUV,D2,42,outer_reef,Oxycheilinus unifasciatus,2,Feb_21_44235_Kenn_BRUV_D2,1:00:00
Feb_21,8/2/2021,Kenn,BRUV,D2,42,outer_reef,Pseudodax moluccanus,1,Feb_21_44235_Kenn_BRUV_D2,1:00:00
Feb_21,8/2/2021,Kenn,BRUV,D2,42,outer_reef,Thalassoma lutescens,5,Feb_21_44235_Kenn_BRUV_D2,1:00:00
Feb_21,8/2/2021,Kenn,BRUV,D2,42,outer_reef,Gnathodentex aureolineatus,8,Feb_21_44235_Kenn_BRUV_D2,1:00:00
Feb_21,8/2/2021,Kenn,BRUV,D2,42,outer_reef,Lutjanus bohar,3,Feb_21_44235_Kenn_BRUV_D2,1:00:00
Feb_21,8/2/2021,Kenn,BRUV,D2,42,outer_reef,Macolor macularis,2,Feb_21_44235_Kenn_BRUV_D2,1:00:00
Feb_21,8/2/2021,Kenn,BRUV,D2,42,outer_reef,Mulloidichthys vanicolensis,22,Feb_21_44235_Kenn_BRUV_D2,1:00:00
Feb_21,8/2/2021,Kenn,BRUV,D2,42,outer_reef,Parupeneus multifasciatus,1,Feb_21_44235_Kenn_BRUV_D2,1:00:00
Feb_21,8/2/2021,Kenn,BRUV,D2,42,outer_reef,Gymnothorax javanicus,1,Feb_21_44235_Kenn_BRUV_D2,1:00:00
Feb_21,8/2/2021,Kenn,BRUV,D2,42,outer_reef,Centropyge bispinosa,1,Feb_21_44235_Kenn_BRUV_D2,1:00:00
Feb_21,8/2/2021,Kenn,BRUV,D2,42,outer_reef,Amblyglyphidodon curacao,2,Feb_21_44235_Kenn_BRUV_D2,1:00:00
Feb_21,8/2/2021,Kenn,BRUV,D2,42,outer_reef,Amblyglyphidodon leucogaster,1,Feb_21_44235_Kenn_BRUV_D2,1:00:00
Feb_21,8/2/2021,Kenn,BRUV,D2,42,outer_reef,Chromis chrysura,45,Feb_21_44235_Kenn_BRUV_D2,1:00:00
Feb_21,8/2/2021,Kenn,BRUV,D2,42,outer_reef,Chromis margaritifer,1,Feb_21_44235_Kenn_BRUV_D2,1:00:00
Feb_21,8/2/2021,Kenn,BRUV,D2,42,outer_reef,Chromis ternatensis,3,Feb_21_44235_Kenn_BRUV_D2,1:00:00
Feb_21,8/2/2021,Kenn,BRUV,D2,42,outer_reef,Chromis xanthura,1,Feb_21_44235_Kenn_BRUV_D2,1:00:00
Feb_21,8/2/2021,Kenn,BRUV,D2,42,outer_reef,Plectroglyphidodon johnstonianus,1,Feb_21_44235_Kenn_BRUV_D2,1:00:00
Feb_21,8/2/2021,Kenn,BRUV,D2,42,outer_reef,Chlorurus sordidus,1,Feb_21_44235_Kenn_BRUV_D2,1:00:00
Feb_21,8/2/2021,Kenn,BRUV,D2,42,outer_reef,Scarus longipinnis,2,Feb_21_44235_Kenn_BRUV_D2,1:00:00
Feb_21,8/2/2021,Kenn,BRUV,D2,42,outer_reef,Scarus niger,1,Feb_21_44235_Kenn_BRUV_D2,1:00:00
Feb_21,8/2/2021,Kenn,BRUV,D2,42,outer_reef,Gymnosarda unicolor,1,Feb_21_44235_Kenn_BRUV_D2,1:00:00
Feb_21,8/2/2021,Kenn,BRUV,D2,42,outer_reef,Cephalopholis argus,1,Feb_21_44235_Kenn_BRUV_D2,1:00:00
Feb_21,8/2/2021,Kenn,BRUV,D2,42,outer_reef,Variola louti,2,Feb_21_44235_Kenn_BRUV_D2,1:00:00
Feb_21,8/2/2021,Kenn,BRUV,D2,42,outer_reef,Zanclus cornutus,1,Feb_21_44235_Kenn_BRUV_D2,1:00:00
Feb_21,8/2/2021,Kenn,BRUV,D3,45,outer_reef,Acanthurus pyroferus,1,Feb_21_44235_Kenn_BRUV_D3,1:00:00
Feb_21,8/2/2021,Kenn,BRUV,D3,45,outer_reef,Acanthurus thompsoni,5,Feb_21_44235_Kenn_BRUV_D3,1:00:00
Feb_21,8/2/2021,Kenn,BRUV,D3,45,outer_reef,Ctenochaetus striatus,1,Feb_21_44235_Kenn_BRUV_D3,1:00:00
Feb_21,8/2/2021,Kenn,BRUV,D3,45,outer_reef,Balistoides conspicillum,1,Feb_21_44235_Kenn_BRUV_D3,1:00:00
Feb_21,8/2/2021,Kenn,BRUV,D3,45,outer_reef,Caranx melampygus,1,Feb_21_44235_Kenn_BRUV_D3,1:00:00
Feb_21,8/2/2021,Kenn,BRUV,D3,45,outer_reef,Carcharhinus albimarginatus,1,Feb_21_44235_Kenn_BRUV_D3,1:00:00
Feb_21,8/2/2021,Kenn,BRUV,D3,45,outer_reef,Carcharhinus amblyrhynchos,3,Feb_21_44235_Kenn_BRUV_D3,1:00:00
Feb_21,8/2/2021,Kenn,BRUV,D3,45,outer_reef,Triaenodon obesus,1,Feb_21_44235_Kenn_BRUV_D3,1:00:00
Feb_21,8/2/2021,Kenn,BRUV,D3,45,outer_reef,Chaetodon auriga,2,Feb_21_44235_Kenn_BRUV_D3,1:00:00
Feb_21,8/2/2021,Kenn,BRUV,D3,45,outer_reef,Chaetodon kleinii,1,Feb_21_44235_Kenn_BRUV_D3,1:00:00
Feb_21,8/2/2021,Kenn,BRUV,D3,45,outer_reef,Chaetodon mertensii,2,Feb_21_44235_Kenn_BRUV_D3,1:00:00
Feb_21,8/2/2021,Kenn,BRUV,D3,45,outer_reef,Anampses geographicus,1,Feb_21_44235_Kenn_BRUV_D3,1:00:00
Feb_21,8/2/2021,Kenn,BRUV,D3,45,outer_reef,Choerodon jordani,3,Feb_21_44235_Kenn_BRUV_D3,1:00:00
Feb_21,8/2/2021,Kenn,BRUV,D3,45,outer_reef,Cirrhilabrus lineatus,4,Feb_21_44235_Kenn_BRUV_D3,1:00:00
Feb_21,8/2/2021,Kenn,BRUV,D3,45,outer_reef,Halichoeres biocellatus,1,Feb_21_44235_Kenn_BRUV_D3,1:00:00
Feb_21,8/2/2021,Kenn,BRUV,D3,45,outer_reef,Hologymnosus longipes,1,Feb_21_44235_Kenn_BRUV_D3,1:00:00
Feb_21,8/2/2021,Kenn,BRUV,D3,45,outer_reef,Labroides dimidiatus,1,Feb_21_44235_Kenn_BRUV_D3,1:00:00
Feb_21,8/2/2021,Kenn,BRUV,D3,45,outer_reef,Oxycheilinus orientalis,1,Feb_21_44235_Kenn_BRUV_D3,1:00:00
Feb_21,8/2/2021,Kenn,BRUV,D3,45,outer_reef,Pseudocheilinus evanidus,1,Feb_21_44235_Kenn_BRUV_D3,1:00:00
Feb_21,8/2/2021,Kenn,BRUV,D3,45,outer_reef,Thalassoma lutescens,1,Feb_21_44235_Kenn_BRUV_D3,1:00:00
Feb_21,8/2/2021,Kenn,BRUV,D3,45,outer_reef,Gymnocranius euanus,4,Feb_21_44235_Kenn_BRUV_D3,1:00:00
Feb_21,8/2/2021,Kenn,BRUV,D3,45,outer_reef,Lethrinus miniatus,1,Feb_21_44235_Kenn_BRUV_D3,1:00:00
Feb_21,8/2/2021,Kenn,BRUV,D3,45,outer_reef,Lutjanus bohar,5,Feb_21_44235_Kenn_BRUV_D3,1:00:00
Feb_21,8/2/2021,Kenn,BRUV,D3,45,outer_reef,Macolor macularis,1,Feb_21_44235_Kenn_BRUV_D3,1:00:00
Feb_21,8/2/2021,Kenn,BRUV,D3,45,outer_reef,Parupeneus barberinus,1,Feb_21_44235_Kenn_BRUV_D3,1:00:00
Feb_21,8/2/2021,Kenn,BRUV,D3,45,outer_reef,Parupeneus pleurostigma,1,Feb_21_44235_Kenn_BRUV_D3,1:00:00
Feb_21,8/2/2021,Kenn,BRUV,D3,45,outer_reef,Pomacanthus imperator,1,Feb_21_44235_Kenn_BRUV_D3,1:00:00
Feb_21,8/2/2021,Kenn,BRUV,D3,45,outer_reef,Chromis chrysura,22,Feb_21_44235_Kenn_BRUV_D3,1:00:00
Feb_21,8/2/2021,Kenn,BRUV,D3,45,outer_reef,Chrysiptera starcki,2,Feb_21_44235_Kenn_BRUV_D3,1:00:00
Feb_21,8/2/2021,Kenn,BRUV,D3,45,outer_reef,Chlorurus microrhinos,1,Feb_21_44235_Kenn_BRUV_D3,1:00:00
Feb_21,8/2/2021,Kenn,BRUV,D3,45,outer_reef,Scarus longipinnis,2,Feb_21_44235_Kenn_BRUV_D3,1:00:00
Feb_21,8/2/2021,Kenn,BRUV,D3,45,outer_reef,Plectropomus laevis,1,Feb_21_44235_Kenn_BRUV_D3,1:00:00
Feb_21,8/2/2021,Kenn,BRUV,D3,45,outer_reef,Variola louti,2,Feb_21_44235_Kenn_BRUV_D3,1:00:00
Feb_21,8/2/2021,Kenn,BRUV,D4,58,outer_reef,Acanthurus dussumieri,1,Feb_21_44235_Kenn_BRUV_D4,1:00:00
Feb_21,8/2/2021,Kenn,BRUV,D4,58,outer_reef,Carcharhinus amblyrhynchos,2,Feb_21_44235_Kenn_BRUV_D4,1:00:00
Feb_21,8/2/2021,Kenn,BRUV,D4,58,outer_reef,Galeocerdo cuvier,1,Feb_21_44235_Kenn_BRUV_D4,1:00:00
Feb_21,8/2/2021,Kenn,BRUV,D4,58,outer_reef,Chaetodon mertensii,2,Feb_21_44235_Kenn_BRUV_D4,1:00:00
Feb_21,8/2/2021,Kenn,BRUV,D4,58,outer_reef,Epinephelus maculatus,1,Feb_21_44235_Kenn_BRUV_D4,1:00:00
Feb_21,8/2/2021,Kenn,BRUV,D4,58,outer_reef,Bodianus perditio,1,Feb_21_44235_Kenn_BRUV_D4,1:00:00
Feb_21,8/2/2021,Kenn,BRUV,D4,58,outer_reef,Hologymnosus longipes,4,Feb_21_44235_Kenn_BRUV_D4,1:00:00
Feb_21,8/2/2021,Kenn,BRUV,D4,58,outer_reef,Gymnocranius euanus,7,Feb_21_44235_Kenn_BRUV_D4,1:00:00
Feb_21,8/2/2021,Kenn,BRUV,D4,58,outer_reef,Lethrinus rubrioperculatus,12,Feb_21_44235_Kenn_BRUV_D4,1:00:00
Feb_21,8/2/2021,Kenn,BRUV,D4,58,outer_reef,Lutjanus bohar,1,Feb_21_44235_Kenn_BRUV_D4,1:00:00
Feb_21,8/2/2021,Kenn,BRUV,D4,58,outer_reef,Parupeneus cyclostomus,1,Feb_21_44235_Kenn_BRUV_D4,1:00:00
Feb_21,8/2/2021,Kenn,BRUV,D4,58,outer_reef,Parupeneus multifasciatus,1,Feb_21_44235_Kenn_BRUV_D4,1:00:00
Feb_21,8/2/2021,Kenn,BRUV,D4,58,outer_reef,Parupeneus pleurostigma,3,Feb_21_44235_Kenn_BRUV_D4,1:00:00
Feb_21,8/2/2021,Kenn,BRUV,D4,58,outer_reef,Pomacanthus imperator,1,Feb_21_44235_Kenn_BRUV_D4,1:00:00
Feb_21,8/2/2021,Kenn,BRUV,D4,58,outer_reef,Plectropomus laevis,1,Feb_21_44235_Kenn_BRUV_D4,1:00:00
Feb_21,8/2/2021,Kenn,BRUV,D4,58,outer_reef,Siganus argenteus,2,Feb_21_44235_Kenn_BRUV_D4,1:00:00
Feb_21,8/2/2021,Kenn,BRUV,D5,72,outer_reef,Seriola rivoliana,2,Feb_21_44235_Kenn_BRUV_D5,1:00:00
Feb_21,8/2/2021,Kenn,BRUV,D5,72,outer_reef,Carcharhinus albimarginatus,2,Feb_21_44235_Kenn_BRUV_D5,1:00:00
Feb_21,8/2/2021,Kenn,BRUV,D5,72,outer_reef,Cyprinocirrhites polyactis,4,Feb_21_44235_Kenn_BRUV_D5,1:00:00
Feb_21,8/2/2021,Kenn,BRUV,D5,72,outer_reef,Bodianus bimaculatus,6,Feb_21_44235_Kenn_BRUV_D5,1:00:00
Feb_21,8/2/2021,Kenn,BRUV,D5,72,outer_reef,Cirrhilabrus bathyphilus,2,Feb_21_44235_Kenn_BRUV_D5,1:00:00
Feb_21,8/2/2021,Kenn,BRUV,D5,72,outer_reef,Oxycheilinus bimaculatus,1,Feb_21_44235_Kenn_BRUV_D5,1:00:00
Feb_21,8/2/2021,Kenn,BRUV,D5,72,outer_reef,Pseudojuloides cerasinus,1,Feb_21_44235_Kenn_BRUV_D5,1:00:00
Feb_21,8/2/2021,Kenn,BRUV,D5,72,outer_reef,Gymnocranius euanus,6,Feb_21_44235_Kenn_BRUV_D5,1:00:00
Feb_21,8/2/2021,Kenn,BRUV,D5,72,outer_reef,Lethrinus rubrioperculatus,8,Feb_21_44235_Kenn_BRUV_D5,1:00:00
Feb_21,8/2/2021,Kenn,BRUV,D5,72,outer_reef,Aprion virescens,1,Feb_21_44235_Kenn_BRUV_D5,1:00:00
Feb_21,8/2/2021,Kenn,BRUV,D5,72,outer_reef,Malacanthus brevirostris,2,Feb_21_44235_Kenn_BRUV_D5,1:00:00
Feb_21,8/2/2021,Kenn,BRUV,D5,72,outer_reef,Mulloidichthys pfluegeri,2,Feb_21_44235_Kenn_BRUV_D5,1:00:00
Feb_21,8/2/2021,Kenn,BRUV,D5,72,outer_reef,Genicanthus watanabei,1,Feb_21_44235_Kenn_BRUV_D5,1:00:00
Feb_21,12/2/2021,Lihou,BRUV,D1,36,outer_reef,Acanthurus nigrofuscus,1,Feb_21_44239_Lihou_BRUV_D1,1:00:00
Feb_21,12/2/2021,Lihou,BRUV,D1,36,outer_reef,Ctenochaetus binotatus,2,Feb_21_44239_Lihou_BRUV_D1,1:00:00
Feb_21,12/2/2021,Lihou,BRUV,D1,36,outer_reef,Balistoides viridescens,1,Feb_21_44239_Lihou_BRUV_D1,1:00:00
Feb_21,12/2/2021,Lihou,BRUV,D1,36,outer_reef,Sufflamen fraenatum,1,Feb_21_44239_Lihou_BRUV_D1,1:00:00
Feb_21,12/2/2021,Lihou,BRUV,D1,36,outer_reef,Caranx ignobilis,2,Feb_21_44239_Lihou_BRUV_D1,1:00:00
Feb_21,12/2/2021,Lihou,BRUV,D1,36,outer_reef,Caranx melampygus,1,Feb_21_44239_Lihou_BRUV_D1,1:00:00
Feb_21,12/2/2021,Lihou,BRUV,D1,36,outer_reef,Carcharhinus albimarginatus,1,Feb_21_44239_Lihou_BRUV_D1,1:00:00
Feb_21,12/2/2021,Lihou,BRUV,D1,36,outer_reef,Triaenodon obesus,2,Feb_21_44239_Lihou_BRUV_D1,1:00:00
Feb_21,12/2/2021,Lihou,BRUV,D1,36,outer_reef,Chaetodon kleinii,2,Feb_21_44239_Lihou_BRUV_D1,1:00:00
Feb_21,12/2/2021,Lihou,BRUV,D1,36,outer_reef,Chaetodon mertensii,2,Feb_21_44239_Lihou_BRUV_D1,1:00:00
Feb_21,12/2/2021,Lihou,BRUV,D1,36,outer_reef,Forcipiger flavissimus,1,Feb_21_44239_Lihou_BRUV_D1,1:00:00
Feb_21,12/2/2021,Lihou,BRUV,D1,36,outer_reef,Choerodon jordani,4,Feb_21_44239_Lihou_BRUV_D1,1:00:00
Feb_21,12/2/2021,Lihou,BRUV,D1,36,outer_reef,Cirrhilabrus lineatus,3,Feb_21_44239_Lihou_BRUV_D1,1:00:00
Feb_21,12/2/2021,Lihou,BRUV,D1,36,outer_reef,Cirrhilabrus punctatus,1,Feb_21_44239_Lihou_BRUV_D1,1:00:00
Feb_21,12/2/2021,Lihou,BRUV,D1,36,outer_reef,Gomphosus varius,1,Feb_21_44239_Lihou_BRUV_D1,1:00:00
Feb_21,12/2/2021,Lihou,BRUV,D1,36,outer_reef,Halichoeres biocellatus,2,Feb_21_44239_Lihou_BRUV_D1,1:00:00
Feb_21,12/2/2021,Lihou,BRUV,D1,36,outer_reef,Hologymnosus doliatus,1,Feb_21_44239_Lihou_BRUV_D1,1:00:00
Feb_21,12/2/2021,Lihou,BRUV,D1,36,outer_reef,Macropharyngodon negrosensis,1,Feb_21_44239_Lihou_BRUV_D1,1:00:00
Feb_21,12/2/2021,Lihou,BRUV,D1,36,outer_reef,Oxycheilinus nigromarginatus,1,Feb_21_44239_Lihou_BRUV_D1,1:00:00
Feb_21,12/2/2021,Lihou,BRUV,D1,36,outer_reef,Oxycheilinus orientalis,2,Feb_21_44239_Lihou_BRUV_D1,1:00:00
Feb_21,12/2/2021,Lihou,BRUV,D1,36,outer_reef,Pseudocoris yamashiroi,10,Feb_21_44239_Lihou_BRUV_D1,1:00:00
Feb_21,12/2/2021,Lihou,BRUV,D1,36,outer_reef,Pseudojuloides cerasinus,1,Feb_21_44239_Lihou_BRUV_D1,1:00:00
Feb_21,12/2/2021,Lihou,BRUV,D1,36,outer_reef,Thalassoma lutescens,1,Feb_21_44239_Lihou_BRUV_D1,1:00:00
Feb_21,12/2/2021,Lihou,BRUV,D1,36,outer_reef,Gymnocranius euanus,3,Feb_21_44239_Lihou_BRUV_D1,1:00:00
Feb_21,12/2/2021,Lihou,BRUV,D1,36,outer_reef,Lutjanus bohar,3,Feb_21_44239_Lihou_BRUV_D1,1:00:00
Feb_21,12/2/2021,Lihou,BRUV,D1,36,outer_reef,Macolor macularis,1,Feb_21_44239_Lihou_BRUV_D1,1:00:00
Feb_21,12/2/2021,Lihou,BRUV,D1,36,outer_reef,Parupeneus multifasciatus,2,Feb_21_44239_Lihou_BRUV_D1,1:00:00
Feb_21,12/2/2021,Lihou,BRUV,D1,36,outer_reef,Parupeneus pleurostigma,2,Feb_21_44239_Lihou_BRUV_D1,1:00:00
Feb_21,12/2/2021,Lihou,BRUV,D1,36,outer_reef,Pentapodus aureofasciatus,27,Feb_21_44239_Lihou_BRUV_D1,1:00:00
Feb_21,12/2/2021,Lihou,BRUV,D1,36,outer_reef,Centropyge bicolor,1,Feb_21_44239_Lihou_BRUV_D1,1:00:00
Feb_21,12/2/2021,Lihou,BRUV,D1,36,outer_reef,Dascyllus reticulatus,2,Feb_21_44239_Lihou_BRUV_D1,1:00:00
Feb_21,12/2/2021,Lihou,BRUV,D1,36,outer_reef,Pomacentrus nagasakiensis,2,Feb_21_44239_Lihou_BRUV_D1,1:00:00
Feb_21,12/2/2021,Lihou,BRUV,D1,36,outer_reef,Pomacentrus vaiuli,2,Feb_21_44239_Lihou_BRUV_D1,1:00:00
Feb_21,12/2/2021,Lihou,BRUV,D1,36,outer_reef,Scarus flavipinnis,1,Feb_21_44239_Lihou_BRUV_D1,1:00:00
Feb_21,12/2/2021,Lihou,BRUV,D1,36,outer_reef,Cephalopholis urodeta,2,Feb_21_44239_Lihou_BRUV_D1,1:00:00
Feb_21,12/2/2021,Lihou,BRUV,D1,36,outer_reef,Plectropomus laevis,1,Feb_21_44239_Lihou_BRUV_D1,1:00:00
Feb_21,12/2/2021,Lihou,BRUV,D1,36,outer_reef,Variola louti,1,Feb_21_44239_Lihou_BRUV_D1,1:00:00
Feb_21,12/2/2021,Lihou,BRUV,D1,36,outer_reef,Siganus argenteus,1,Feb_21_44239_Lihou_BRUV_D1,1:00:00
Feb_21,12/2/2021,Lihou,BRUV,D2,45,outer_reef,Acanthurus thompsoni,2,Feb_21_44239_Lihou_BRUV_D2,1:00:00
Feb_21,12/2/2021,Lihou,BRUV,D2,45,outer_reef,Ctenochaetus binotatus,2,Feb_21_44239_Lihou_BRUV_D2,1:00:00
Feb_21,12/2/2021,Lihou,BRUV,D2,45,outer_reef,Naso caesius,1,Feb_21_44239_Lihou_BRUV_D2,1:00:00
Feb_21,12/2/2021,Lihou,BRUV,D2,45,outer_reef,Naso planktivorous sp.,2,Feb_21_44239_Lihou_BRUV_D2,1:00:00
Feb_21,12/2/2021,Lihou,BRUV,D2,45,outer_reef,Pterocaesio marri,40,Feb_21_44239_Lihou_BRUV_D2,1:00:00
Feb_21,12/2/2021,Lihou,BRUV,D2,45,outer_reef,Caranx lugubris,1,Feb_21_44239_Lihou_BRUV_D2,1:00:00
Feb_21,12/2/2021,Lihou,BRUV,D2,45,outer_reef,Caranx melampygus,6,Feb_21_44239_Lihou_BRUV_D2,1:00:00
Feb_21,12/2/2021,Lihou,BRUV,D2,45,outer_reef,Caranx sexfasciatus,2,Feb_21_44239_Lihou_BRUV_D2,1:00:00
Feb_21,12/2/2021,Lihou,BRUV,D2,45,outer_reef,Carcharhinus amblyrhynchos,2,Feb_21_44239_Lihou_BRUV_D2,1:00:00
Feb_21,12/2/2021,Lihou,BRUV,D2,45,outer_reef,Triaenodon obesus,2,Feb_21_44239_Lihou_BRUV_D2,1:00:00
Feb_21,12/2/2021,Lihou,BRUV,D2,45,outer_reef,Chaetodon mertensii,1,Feb_21_44239_Lihou_BRUV_D2,1:00:00
Feb_21,12/2/2021,Lihou,BRUV,D2,45,outer_reef,Chaetodon pelewensis,1,Feb_21_44239_Lihou_BRUV_D2,1:00:00
Feb_21,12/2/2021,Lihou,BRUV,D2,45,outer_reef,Forcipiger flavissimus,1,Feb_21_44239_Lihou_BRUV_D2,1:00:00
Feb_21,12/2/2021,Lihou,BRUV,D2,45,outer_reef,Echeneis naucrates,1,Feb_21_44239_Lihou_BRUV_D2,1:00:00
Feb_21,12/2/2021,Lihou,BRUV,D2,45,outer_reef,Epinephelus maculatus,1,Feb_21_44239_Lihou_BRUV_D2,1:00:00
Feb_21,12/2/2021,Lihou,BRUV,D2,45,outer_reef,Bodianus loxozonus,1,Feb_21_44239_Lihou_BRUV_D2,1:00:00
Feb_21,12/2/2021,Lihou,BRUV,D2,45,outer_reef,Oxycheilinus unifasciatus,1,Feb_21_44239_Lihou_BRUV_D2,1:00:00
Feb_21,12/2/2021,Lihou,BRUV,D2,45,outer_reef,Pseudocheilinus evanidus,1,Feb_21_44239_Lihou_BRUV_D2,1:00:00
Feb_21,12/2/2021,Lihou,BRUV,D2,45,outer_reef,Lethrinus miniatus,1,Feb_21_44239_Lihou_BRUV_D2,1:00:00
Feb_21,12/2/2021,Lihou,BRUV,D2,45,outer_reef,Aprion virescens,1,Feb_21_44239_Lihou_BRUV_D2,1:00:00
Feb_21,12/2/2021,Lihou,BRUV,D2,45,outer_reef,Lutjanus bohar,3,Feb_21_44239_Lihou_BRUV_D2,1:00:00
Feb_21,12/2/2021,Lihou,BRUV,D2,45,outer_reef,Gymnothorax favagineus,1,Feb_21_44239_Lihou_BRUV_D2,1:00:00
Feb_21,12/2/2021,Lihou,BRUV,D2,45,outer_reef,Orectolobus ornatus,1,Feb_21_44239_Lihou_BRUV_D2,1:00:00
Feb_21,12/2/2021,Lihou,BRUV,D2,45,outer_reef,Centropyge bispinosa,1,Feb_21_44239_Lihou_BRUV_D2,1:00:00
Feb_21,12/2/2021,Lihou,BRUV,D2,45,outer_reef,Centropyge flavissima,1,Feb_21_44239_Lihou_BRUV_D2,1:00:00
Feb_21,12/2/2021,Lihou,BRUV,D2,45,outer_reef,Chromis amboinensis,2,Feb_21_44239_Lihou_BRUV_D2,1:00:00
Feb_21,12/2/2021,Lihou,BRUV,D2,45,outer_reef,Cephalopholis urodeta,2,Feb_21_44239_Lihou_BRUV_D2,1:00:00
Feb_21,12/2/2021,Lihou,BRUV,D2,45,outer_reef,Plectropomus laevis,1,Feb_21_44239_Lihou_BRUV_D2,1:00:00
Feb_21,12/2/2021,Lihou,BRUV,D2,45,outer_reef,Plectropomus leopardus,3,Feb_21_44239_Lihou_BRUV_D2,1:00:00
Feb_21,12/2/2021,Lihou,BRUV,D2,45,outer_reef,Variola louti,2,Feb_21_44239_Lihou_BRUV_D2,1:00:00
Feb_21,12/2/2021,Lihou,BRUV,D4,42,outer_reef,Caranx melampygus,1,Feb_21_44239_Lihou_BRUV_D4,1:00:00
Feb_21,12/2/2021,Lihou,BRUV,D4,42,outer_reef,Choerodon jordani,1,Feb_21_44239_Lihou_BRUV_D4,1:00:00
Feb_21,12/2/2021,Lihou,BRUV,D4,42,outer_reef,Gymnocranius euanus,2,Feb_21_44239_Lihou_BRUV_D4,1:00:00
Feb_21,12/2/2021,Lihou,BRUV,D4,42,outer_reef,Lutjanus bohar,1,Feb_21_44239_Lihou_BRUV_D4,1:00:00
Feb_21,12/2/2021,Lihou,BRUV,D4,42,outer_reef,Malacanthus brevirostris,2,Feb_21_44239_Lihou_BRUV_D4,1:00:00
Feb_21,12/2/2021,Lihou,BRUV,D4,42,outer_reef,Chrysiptera tricincta,1,Feb_21_44239_Lihou_BRUV_D4,1:00:00
Feb_21,12/2/2021,Lihou,BRUV,D5,51,outer_reef,Sufflamen fraenatum,2,Feb_21_44239_Lihou_BRUV_D5,1:00:00
Feb_21,12/2/2021,Lihou,BRUV,D5,51,outer_reef,Pterocaesio marri,130,Feb_21_44239_Lihou_BRUV_D5,1:00:00
Feb_21,12/2/2021,Lihou,BRUV,D5,51,outer_reef,Caranx ignobilis,1,Feb_21_44239_Lihou_BRUV_D5,1:00:00
Feb_21,12/2/2021,Lihou,BRUV,D5,51,outer_reef,Caranx melampygus,1,Feb_21_44239_Lihou_BRUV_D5,1:00:00
Feb_21,12/2/2021,Lihou,BRUV,D5,51,outer_reef,Carcharhinus amblyrhynchos,3,Feb_21_44239_Lihou_BRUV_D5,1:00:00
Feb_21,12/2/2021,Lihou,BRUV,D5,51,outer_reef,Triaenodon obesus,1,Feb_21_44239_Lihou_BRUV_D5,1:00:00
Feb_21,12/2/2021,Lihou,BRUV,D5,51,outer_reef,Chaetodon mertensii,2,Feb_21_44239_Lihou_BRUV_D5,1:00:00
Feb_21,12/2/2021,Lihou,BRUV,D5,51,outer_reef,Choerodon jordani,2,Feb_21_44239_Lihou_BRUV_D5,1:00:00
Feb_21,12/2/2021,Lihou,BRUV,D5,51,outer_reef,Cirrhilabrus lineatus,4,Feb_21_44239_Lihou_BRUV_D5,1:00:00
Feb_21,12/2/2021,Lihou,BRUV,D5,51,outer_reef,Coris dorsomacula,1,Feb_21_44239_Lihou_BRUV_D5,1:00:00
Feb_21,12/2/2021,Lihou,BRUV,D5,51,outer_reef,Hologymnosus doliatus,1,Feb_21_44239_Lihou_BRUV_D5,1:00:00
Feb_21,12/2/2021,Lihou,BRUV,D5,51,outer_reef,Oxycheilinus nigromarginatus,2,Feb_21_44239_Lihou_BRUV_D5,1:00:00
Feb_21,12/2/2021,Lihou,BRUV,D5,51,outer_reef,Oxycheilinus orientalis,1,Feb_21_44239_Lihou_BRUV_D5,1:00:00
Feb_21,12/2/2021,Lihou,BRUV,D5,51,outer_reef,Pseudojuloides cerasinus,1,Feb_21_44239_Lihou_BRUV_D5,1:00:00
Feb_21,12/2/2021,Lihou,BRUV,D5,51,outer_reef,Lethrinus miniatus,2,Feb_21_44239_Lihou_BRUV_D5,1:00:00
Feb_21,12/2/2021,Lihou,BRUV,D5,51,outer_reef,Lutjanus bohar,3,Feb_21_44239_Lihou_BRUV_D5,1:00:00
Feb_21,12/2/2021,Lihou,BRUV,D5,51,outer_reef,Malacanthus brevirostris,3,Feb_21_44239_Lihou_BRUV_D5,1:00:00
Feb_21,12/2/2021,Lihou,BRUV,D5,51,outer_reef,Parupeneus multifasciatus,2,Feb_21_44239_Lihou_BRUV_D5,1:00:00
Feb_21,12/2/2021,Lihou,BRUV,D5,51,outer_reef,Parupeneus pleurostigma,1,Feb_21_44239_Lihou_BRUV_D5,1:00:00
Feb_21,12/2/2021,Lihou,BRUV,D5,51,outer_reef,Pentapodus aureofasciatus,15,Feb_21_44239_Lihou_BRUV_D5,1:00:00
Feb_21,12/2/2021,Lihou,BRUV,D5,51,outer_reef,Centropyge heraldi,1,Feb_21_44239_Lihou_BRUV_D5,1:00:00
Feb_21,12/2/2021,Lihou,BRUV,D5,51,outer_reef,Scarus SP,4,Feb_21_44239_Lihou_BRUV_D5,1:00:00
Feb_21,12/2/2021,Lihou,BRUV,D5,51,outer_reef,Plectropomus laevis,2,Feb_21_44239_Lihou_BRUV_D5,1:00:00
Feb_21,12/2/2021,Lihou,BRUV,D6,42,outer_reef,Sufflamen fraenatum,3,Feb_21_44239_Lihou_BRUV_D6,1:00:00
Feb_21,12/2/2021,Lihou,BRUV,D6,42,outer_reef,Seriola rivoliana,1,Feb_21_44239_Lihou_BRUV_D6,1:00:00
Feb_21,12/2/2021,Lihou,BRUV,D6,42,outer_reef,Carcharhinus amblyrhynchos,2,Feb_21_44239_Lihou_BRUV_D6,1:00:00
Feb_21,12/2/2021,Lihou,BRUV,D6,42,outer_reef,Hologymnosus longipes,2,Feb_21_44239_Lihou_BRUV_D6,1:00:00
Feb_21,12/2/2021,Lihou,BRUV,D6,42,outer_reef,Gymnocranius euanus,2,Feb_21_44239_Lihou_BRUV_D6,1:00:00
Feb_21,12/2/2021,Lihou,BRUV,D6,42,outer_reef,Gymnocranius superciliosus,1,Feb_21_44239_Lihou_BRUV_D6,1:00:00
Feb_21,12/2/2021,Lihou,BRUV,D6,42,outer_reef,Lethrinus rubrioperculatus,2,Feb_21_44239_Lihou_BRUV_D6,1:00:00
Feb_21,12/2/2021,Lihou,BRUV,D6,42,outer_reef,Aprion virescens,1,Feb_21_44239_Lihou_BRUV_D6,1:00:00
Feb_21,12/2/2021,Lihou,BRUV,D6,42,outer_reef,Lutjanus bohar,1,Feb_21_44239_Lihou_BRUV_D6,1:00:00
Feb_21,12/2/2021,Lihou,BRUV,D6,42,outer_reef,Malacanthus brevirostris,1,Feb_21_44239_Lihou_BRUV_D6,1:00:00
Feb_21,12/2/2021,Lihou,BRUV,D6,42,outer_reef,Mulloidichthys pfluegeri,2,Feb_21_44239_Lihou_BRUV_D6,1:00:00
Feb_21,12/2/2021,Lihou,BRUV,D6,42,outer_reef,Siganus argenteus,1,Feb_21_44239_Lihou_BRUV_D6,1:00:00
Feb_21,11/2/2021,Lihou,BRUV,D1,36,inner_reef,Carangoides ferdau,3,Feb_21_44238_Lihou_BRUV_D1,1:00:00
Feb_21,11/2/2021,Lihou,BRUV,D1,36,inner_reef,Carangoides orthogrammus,2,Feb_21_44238_Lihou_BRUV_D1,1:00:00
Feb_21,11/2/2021,Lihou,BRUV,D1,36,inner_reef,Elagatis bipinnulata,9,Feb_21_44238_Lihou_BRUV_D1,1:00:00
Feb_21,11/2/2021,Lihou,BRUV,D1,36,inner_reef,Scomberoides lysan,13,Feb_21_44238_Lihou_BRUV_D1,1:00:00
Feb_21,11/2/2021,Lihou,BRUV,D1,36,inner_reef,Oxycheilinus bimaculatus,3,Feb_21_44238_Lihou_BRUV_D1,1:00:00
Feb_21,11/2/2021,Lihou,BRUV,D2,48,inner_reef,Acanthurus nigrofuscus,1,Feb_21_44238_Lihou_BRUV_D2,1:00:00
Feb_21,11/2/2021,Lihou,BRUV,D2,48,inner_reef,Ctenochaetus striatus,2,Feb_21_44238_Lihou_BRUV_D2,1:00:00
Feb_21,11/2/2021,Lihou,BRUV,D2,48,inner_reef,Balistoides conspicillum,1,Feb_21_44238_Lihou_BRUV_D2,1:00:00
Feb_21,11/2/2021,Lihou,BRUV,D2,48,inner_reef,Balistoides viridescens,1,Feb_21_44238_Lihou_BRUV_D2,1:00:00
Feb_21,11/2/2021,Lihou,BRUV,D2,48,inner_reef,Sufflamen bursa,1,Feb_21_44238_Lihou_BRUV_D2,1:00:00
Feb_21,11/2/2021,Lihou,BRUV,D2,48,inner_reef,Sufflamen chrysopterum,1,Feb_21_44238_Lihou_BRUV_D2,1:00:00
Feb_21,11/2/2021,Lihou,BRUV,D2,48,inner_reef,Pterocaesio digramma,15,Feb_21_44238_Lihou_BRUV_D2,1:00:00
Feb_21,11/2/2021,Lihou,BRUV,D2,48,inner_reef,Carcharhinus amblyrhynchos,1,Feb_21_44238_Lihou_BRUV_D2,1:00:00
Feb_21,11/2/2021,Lihou,BRUV,D2,48,inner_reef,Triaenodon obesus,1,Feb_21_44238_Lihou_BRUV_D2,1:00:00
Feb_21,11/2/2021,Lihou,BRUV,D2,48,inner_reef,Chaetodon kleinii,2,Feb_21_44238_Lihou_BRUV_D2,1:00:00
Feb_21,11/2/2021,Lihou,BRUV,D2,48,inner_reef,Chaetodon mertensii,2,Feb_21_44238_Lihou_BRUV_D2,1:00:00
Feb_21,11/2/2021,Lihou,BRUV,D2,48,inner_reef,Heniochus monoceros,2,Feb_21_44238_Lihou_BRUV_D2,1:00:00
Feb_21,11/2/2021,Lihou,BRUV,D2,48,inner_reef,Choerodon jordani,1,Feb_21_44238_Lihou_BRUV_D2,1:00:00
Feb_21,11/2/2021,Lihou,BRUV,D2,48,inner_reef,Gymnocranius euanus,1,Feb_21_44238_Lihou_BRUV_D2,1:00:00
Feb_21,11/2/2021,Lihou,BRUV,D2,48,inner_reef,Gymnocranius microdon,2,Feb_21_44238_Lihou_BRUV_D2,1:00:00
Feb_21,11/2/2021,Lihou,BRUV,D2,48,inner_reef,Lethrinus semicinctus,12,Feb_21_44238_Lihou_BRUV_D2,1:00:00
Feb_21,11/2/2021,Lihou,BRUV,D2,48,inner_reef,Lutjanus bohar,2,Feb_21_44238_Lihou_BRUV_D2,1:00:00
Feb_21,11/2/2021,Lihou,BRUV,D2,48,inner_reef,Parupeneus barberinoides,3,Feb_21_44238_Lihou_BRUV_D2,1:00:00
Feb_21,11/2/2021,Lihou,BRUV,D2,48,inner_reef,Parupeneus multifasciatus,2,Feb_21_44238_Lihou_BRUV_D2,1:00:00
Feb_21,11/2/2021,Lihou,BRUV,D2,48,inner_reef,Parupeneus pleurostigma,2,Feb_21_44238_Lihou_BRUV_D2,1:00:00
Feb_21,11/2/2021,Lihou,BRUV,D2,48,inner_reef,Pentapodus aureofasciatus,40,Feb_21_44238_Lihou_BRUV_D2,1:00:00
Feb_21,11/2/2021,Lihou,BRUV,D2,48,inner_reef,Parapercis hexophthalma,1,Feb_21_44238_Lihou_BRUV_D2,1:00:00
Feb_21,11/2/2021,Lihou,BRUV,D2,48,inner_reef,Centropyge heraldi,1,Feb_21_44238_Lihou_BRUV_D2,1:00:00
Feb_21,11/2/2021,Lihou,BRUV,D2,48,inner_reef,Genicanthus melanospilos,1,Feb_21_44238_Lihou_BRUV_D2,1:00:00
Feb_21,11/2/2021,Lihou,BRUV,D2,48,inner_reef,Pomacentrus brachialis,8,Feb_21_44238_Lihou_BRUV_D2,1:00:00
Feb_21,11/2/2021,Lihou,BRUV,D2,48,inner_reef,Scarus schlegeli,1,Feb_21_44238_Lihou_BRUV_D2,1:00:00
Feb_21,11/2/2021,Lihou,BRUV,D2,48,inner_reef,Variola louti,2,Feb_21_44238_Lihou_BRUV_D2,1:00:00
Feb_21,11/2/2021,Lihou,BRUV,D3,55,inner_reef,Abalistes stellatus,1,Feb_21_44238_Lihou_BRUV_D3,1:00:00
Feb_21,11/2/2021,Lihou,BRUV,D3,55,inner_reef,Balistoides conspicillum,1,Feb_21_44238_Lihou_BRUV_D3,1:00:00
Feb_21,11/2/2021,Lihou,BRUV,D3,55,inner_reef,Sufflamen fraenatum,1,Feb_21_44238_Lihou_BRUV_D3,1:00:00
Feb_21,11/2/2021,Lihou,BRUV,D3,55,inner_reef,Carcharhinus amblyrhynchos,2,Feb_21_44238_Lihou_BRUV_D3,1:00:00
Feb_21,11/2/2021,Lihou,BRUV,D3,55,inner_reef,Triaenodon obesus,1,Feb_21_44238_Lihou_BRUV_D3,1:00:00
Feb_21,11/2/2021,Lihou,BRUV,D3,55,inner_reef,Chaetodon auriga,2,Feb_21_44238_Lihou_BRUV_D3,1:00:00
Feb_21,11/2/2021,Lihou,BRUV,D3,55,inner_reef,Epinephelus cyanopodus,1,Feb_21_44238_Lihou_BRUV_D3,1:00:00
Feb_21,11/2/2021,Lihou,BRUV,D3,55,inner_reef,Epinephelus maculatus,2,Feb_21_44238_Lihou_BRUV_D3,1:00:00
Feb_21,11/2/2021,Lihou,BRUV,D3,55,inner_reef,Cheilinus undulatus,1,Feb_21_44238_Lihou_BRUV_D3,1:00:00
Feb_21,11/2/2021,Lihou,BRUV,D3,55,inner_reef,Gymnocranius euanus,1,Feb_21_44238_Lihou_BRUV_D3,1:00:00
Feb_21,11/2/2021,Lihou,BRUV,D3,55,inner_reef,Lethrinus rubrioperculatus,5,Feb_21_44238_Lihou_BRUV_D3,1:00:00
Feb_21,11/2/2021,Lihou,BRUV,D3,55,inner_reef,Lethrinus semicinctus,19,Feb_21_44238_Lihou_BRUV_D3,1:00:00
Feb_21,11/2/2021,Lihou,BRUV,D3,55,inner_reef,Aprion virescens,1,Feb_21_44238_Lihou_BRUV_D3,1:00:00
Feb_21,11/2/2021,Lihou,BRUV,D3,55,inner_reef,Lutjanus bohar,2,Feb_21_44238_Lihou_BRUV_D3,1:00:00
Feb_21,11/2/2021,Lihou,BRUV,D3,55,inner_reef,Lutjanus sebae,2,Feb_21_44238_Lihou_BRUV_D3,1:00:00
Feb_21,11/2/2021,Lihou,BRUV,D3,55,inner_reef,Parupeneus barberinus,1,Feb_21_44238_Lihou_BRUV_D3,1:00:00
Feb_21,11/2/2021,Lihou,BRUV,D3,55,inner_reef,Parupeneus cyclostomus,1,Feb_21_44238_Lihou_BRUV_D3,1:00:00
Feb_21,11/2/2021,Lihou,BRUV,D3,55,inner_reef,Parupeneus pleurostigma,1,Feb_21_44238_Lihou_BRUV_D3,1:00:00
Feb_21,11/2/2021,Lihou,BRUV,D3,55,inner_reef,Pentapodus aureofasciatus,5,Feb_21_44238_Lihou_BRUV_D3,1:00:00
Feb_21,11/2/2021,Lihou,BRUV,D3,55,inner_reef,Scarus schlegeli,3,Feb_21_44238_Lihou_BRUV_D3,1:00:00
Feb_21,11/2/2021,Lihou,BRUV,D3,55,inner_reef,Plectropomus leopardus,2,Feb_21_44238_Lihou_BRUV_D3,1:00:00
Feb_21,11/2/2021,Lihou,BRUV,D3,55,inner_reef,Variola louti,1,Feb_21_44238_Lihou_BRUV_D3,1:00:00
Feb_21,11/2/2021,Lihou,BRUV,D3,55,inner_reef,Siganus argenteus,1,Feb_21_44238_Lihou_BRUV_D3,1:00:00
Feb_21,11/2/2021,Lihou,BRUV,D4,61,inner_reef,Choerodon jordani,3,Feb_21_44238_Lihou_BRUV_D4,1:00:00
Feb_21,11/2/2021,Lihou,BRUV,D4,61,inner_reef,Oxycheilinus bimaculatus,2,Feb_21_44238_Lihou_BRUV_D4,1:00:00
Feb_21,11/2/2021,Lihou,BRUV,D4,61,inner_reef,Oxycheilinus nigromarginatus,7,Feb_21_44238_Lihou_BRUV_D4,1:00:00
Feb_21,11/2/2021,Lihou,BRUV,D4,61,inner_reef,Lethrinus semicinctus,4,Feb_21_44238_Lihou_BRUV_D4,1:00:00
Feb_21,11/2/2021,Lihou,BRUV,D4,61,inner_reef,Aprion virescens,1,Feb_21_44238_Lihou_BRUV_D4,1:00:00
Feb_21,11/2/2021,Lihou,BRUV,D4,61,inner_reef,Parupeneus barberinoides,7,Feb_21_44238_Lihou_BRUV_D4,1:00:00
Feb_21,11/2/2021,Lihou,BRUV,D4,61,inner_reef,Pentapodus nagasakiensis,4,Feb_21_44238_Lihou_BRUV_D4,1:00:00
Feb_21,11/2/2021,Lihou,BRUV,D4,61,inner_reef,Chrysiptera tricincta,1,Feb_21_44238_Lihou_BRUV_D4,1:00:00
Feb_21,11/2/2021,Lihou,BRUV,D5,61,inner_reef,Abalistes stellatus,1,Feb_21_44238_Lihou_BRUV_D5,1:00:00
Feb_21,11/2/2021,Lihou,BRUV,D5,61,inner_reef,Oxycheilinus bimaculatus,3,Feb_21_44238_Lihou_BRUV_D5,1:00:00
Feb_21,11/2/2021,Lihou,BRUV,D5,61,inner_reef,Oxycheilinus nigromarginatus,7,Feb_21_44238_Lihou_BRUV_D5,1:00:00
Feb_21,11/2/2021,Lihou,BRUV,D5,61,inner_reef,Pseudojuloides cerasinus,2,Feb_21_44238_Lihou_BRUV_D5,1:00:00
Feb_21,11/2/2021,Lihou,BRUV,D5,61,inner_reef,Lethrinus semicinctus,12,Feb_21_44238_Lihou_BRUV_D5,1:00:00
Feb_21,11/2/2021,Lihou,BRUV,D5,61,inner_reef,Pseudaluttarius nasicornis,1,Feb_21_44238_Lihou_BRUV_D5,1:00:00
Feb_21,11/2/2021,Lihou,BRUV,D5,61,inner_reef,Pentapodus nagasakiensis,8,Feb_21_44238_Lihou_BRUV_D5,1:00:00
Feb_21,11/2/2021,Lihou,BRUV,D5,61,inner_reef,Chrysiptera tricincta,1,Feb_21_44238_Lihou_BRUV_D5,1:00:00
Feb_21,10/2/2021,Marion,BRUV,D1,37,inner_reef,Naso tonganus,1,Feb_21_44237_Marion_BRUV_D1,1:00:00
Feb_21,10/2/2021,Marion,BRUV,D1,37,inner_reef,Balistoides conspicillum,1,Feb_21_44237_Marion_BRUV_D1,1:00:00
Feb_21,10/2/2021,Marion,BRUV,D1,37,inner_reef,Pseudobalistes flavimarginatus,2,Feb_21_44237_Marion_BRUV_D1,1:00:00
Feb_21,10/2/2021,Marion,BRUV,D1,37,inner_reef,Sufflamen chrysopterum,2,Feb_21_44237_Marion_BRUV_D1,1:00:00
Feb_21,10/2/2021,Marion,BRUV,D1,37,inner_reef,Carangoides orthogrammus,1,Feb_21_44237_Marion_BRUV_D1,1:00:00
Feb_21,10/2/2021,Marion,BRUV,D1,37,inner_reef,Labroides dimidiatus,1,Feb_21_44237_Marion_BRUV_D1,1:00:00
Feb_21,10/2/2021,Marion,BRUV,D1,37,inner_reef,Gymnocranius euanus,1,Feb_21_44237_Marion_BRUV_D1,1:00:00
Feb_21,10/2/2021,Marion,BRUV,D1,37,inner_reef,Lethrinus olivaceus,2,Feb_21_44237_Marion_BRUV_D1,1:00:00
Feb_21,10/2/2021,Marion,BRUV,D1,37,inner_reef,Aprion virescens,1,Feb_21_44237_Marion_BRUV_D1,1:00:00
Feb_21,10/2/2021,Marion,BRUV,D1,37,inner_reef,Parupeneus barberinus,1,Feb_21_44237_Marion_BRUV_D1,1:00:00
Feb_21,10/2/2021,Marion,BRUV,D1,37,inner_reef,Epinephelus cyanopodus,1,Feb_21_44237_Marion_BRUV_D1,1:00:00
Feb_21,10/2/2021,Marion,BRUV,D1,37,inner_reef,Variola louti,2,Feb_21_44237_Marion_BRUV_D1,1:00:00
Feb_21,10/2/2021,Marion,BRUV,D2,40,inner_reef,Acanthurus olivaceus,3,Feb_21_44237_Marion_BRUV_D2,1:00:00
Feb_21,10/2/2021,Marion,BRUV,D2,40,inner_reef,Acanthurus pyroferus,1,Feb_21_44237_Marion_BRUV_D2,1:00:00
Feb_21,10/2/2021,Marion,BRUV,D2,40,inner_reef,Acanthurus thompsoni,1,Feb_21_44237_Marion_BRUV_D2,1:00:00
Feb_21,10/2/2021,Marion,BRUV,D2,40,inner_reef,Balistapus undulatus,1,Feb_21_44237_Marion_BRUV_D2,1:00:00
Feb_21,10/2/2021,Marion,BRUV,D2,40,inner_reef,Balistoides conspicillum,2,Feb_21_44237_Marion_BRUV_D2,1:00:00
Feb_21,10/2/2021,Marion,BRUV,D2,40,inner_reef,Carcharhinus amblyrhynchos,2,Feb_21_44237_Marion_BRUV_D2,1:00:00
Feb_21,10/2/2021,Marion,BRUV,D2,40,inner_reef,Triaenodon obesus,3,Feb_21_44237_Marion_BRUV_D2,1:00:00
Feb_21,10/2/2021,Marion,BRUV,D2,40,inner_reef,Chaetodon melannotus,1,Feb_21_44237_Marion_BRUV_D2,1:00:00
Feb_21,10/2/2021,Marion,BRUV,D2,40,inner_reef,Chaetodon mertensii,2,Feb_21_44237_Marion_BRUV_D2,1:00:00
Feb_21,10/2/2021,Marion,BRUV,D2,40,inner_reef,Chaetodon plebeius,2,Feb_21_44237_Marion_BRUV_D2,1:00:00
Feb_21,10/2/2021,Marion,BRUV,D2,40,inner_reef,Chaetodon unimaculatus,1,Feb_21_44237_Marion_BRUV_D2,1:00:00
Feb_21,10/2/2021,Marion,BRUV,D2,40,inner_reef,Forcipiger longirostris,3,Feb_21_44237_Marion_BRUV_D2,1:00:00
Feb_21,10/2/2021,Marion,BRUV,D2,40,inner_reef,Epinephelus maculatus,2,Feb_21_44237_Marion_BRUV_D2,1:00:00
Feb_21,10/2/2021,Marion,BRUV,D2,40,inner_reef,Gymnocranius euanus,1,Feb_21_44237_Marion_BRUV_D2,1:00:00
Feb_21,10/2/2021,Marion,BRUV,D2,40,inner_reef,Lethrinus olivaceus,1,Feb_21_44237_Marion_BRUV_D2,1:00:00
Feb_21,10/2/2021,Marion,BRUV,D2,40,inner_reef,Lethrinus semicinctus,24,Feb_21_44237_Marion_BRUV_D2,1:00:00
Feb_21,10/2/2021,Marion,BRUV,D2,40,inner_reef,Aprion virescens,1,Feb_21_44237_Marion_BRUV_D2,1:00:00
Feb_21,10/2/2021,Marion,BRUV,D2,40,inner_reef,Parupeneus multifasciatus,1,Feb_21_44237_Marion_BRUV_D2,1:00:00
Feb_21,10/2/2021,Marion,BRUV,D2,40,inner_reef,Scarus longipinnis,1,Feb_21_44237_Marion_BRUV_D2,1:00:00
Feb_21,10/2/2021,Marion,BRUV,D2,40,inner_reef,Scarus schlegeli,2,Feb_21_44237_Marion_BRUV_D2,1:00:00
Feb_21,10/2/2021,Marion,BRUV,D2,40,inner_reef,Plectropomus leopardus,1,Feb_21_44237_Marion_BRUV_D2,1:00:00
Feb_21,10/2/2021,Marion,BRUV,D2,40,inner_reef,Siganus argenteus,1,Feb_21_44237_Marion_BRUV_D2,1:00:00
Feb_21,10/2/2021,Marion,BRUV,D2,40,inner_reef,Zanclus cornutus,1,Feb_21_44237_Marion_BRUV_D2,1:00:00
Feb_21,10/2/2021,Marion,BRUV,D3,42,inner_reef,Acanthurus nigricauda,1,Feb_21_44237_Marion_BRUV_D3,1:00:00
Feb_21,10/2/2021,Marion,BRUV,D3,42,inner_reef,Acanthurus pyroferus,1,Feb_21_44237_Marion_BRUV_D3,1:00:00
Feb_21,10/2/2021,Marion,BRUV,D3,42,inner_reef,Naso lituratus,1,Feb_21_44237_Marion_BRUV_D3,1:00:00
Feb_21,10/2/2021,Marion,BRUV,D3,42,inner_reef,Balistoides conspicillum,1,Feb_21_44237_Marion_BRUV_D3,1:00:00
Feb_21,10/2/2021,Marion,BRUV,D3,42,inner_reef,Balistoides viridescens,1,Feb_21_44237_Marion_BRUV_D3,1:00:00
Feb_21,10/2/2021,Marion,BRUV,D3,42,inner_reef,Melichthys vidua,1,Feb_21_44237_Marion_BRUV_D3,1:00:00
Feb_21,10/2/2021,Marion,BRUV,D3,42,inner_reef,Carangoides orthogrammus,1,Feb_21_44237_Marion_BRUV_D3,1:00:00
Feb_21,10/2/2021,Marion,BRUV,D3,42,inner_reef,Triaenodon obesus,1,Feb_21_44237_Marion_BRUV_D3,1:00:00
Feb_21,10/2/2021,Marion,BRUV,D3,42,inner_reef,Chaetodon auriga,2,Feb_21_44237_Marion_BRUV_D3,1:00:00
Feb_21,10/2/2021,Marion,BRUV,D3,42,inner_reef,Chaetodon ulietensis,2,Feb_21_44237_Marion_BRUV_D3,1:00:00
Feb_21,10/2/2021,Marion,BRUV,D3,42,inner_reef,Epinephelus maculatus,1,Feb_21_44237_Marion_BRUV_D3,1:00:00
Feb_21,10/2/2021,Marion,BRUV,D3,42,inner_reef,Gymnocranius euanus,3,Feb_21_44237_Marion_BRUV_D3,1:00:00
Feb_21,10/2/2021,Marion,BRUV,D3,42,inner_reef,Lethrinus semicinctus,15,Feb_21_44237_Marion_BRUV_D3,1:00:00
Feb_21,10/2/2021,Marion,BRUV,D3,42,inner_reef,Parupeneus barberinus,1,Feb_21_44237_Marion_BRUV_D3,1:00:00
Feb_21,10/2/2021,Marion,BRUV,D3,42,inner_reef,Scarus schlegeli,1,Feb_21_44237_Marion_BRUV_D3,1:00:00
Feb_21,10/2/2021,Marion,BRUV,D3,42,inner_reef,Plectropomus laevis,1,Feb_21_44237_Marion_BRUV_D3,1:00:00
Feb_21,10/2/2021,Marion,BRUV,D3,42,inner_reef,Plectropomus leopardus,2,Feb_21_44237_Marion_BRUV_D3,1:00:00
Feb_21,10/2/2021,Marion,BRUV,D3,42,inner_reef,Siganus argenteus,7,Feb_21_44237_Marion_BRUV_D3,1:00:00
Feb_21,10/2/2021,Marion,BRUV,D3,42,inner_reef,Zanclus cornutus,3,Feb_21_44237_Marion_BRUV_D3,1:00:00
Feb_21,10/2/2021,Marion,BRUV,D4,45,inner_reef,Acanthurus nigricauda,3,Feb_21_44237_Marion_BRUV_D4,1:00:00
Feb_21,10/2/2021,Marion,BRUV,D4,45,inner_reef,Acanthurus pyroferus,4,Feb_21_44237_Marion_BRUV_D4,1:00:00
Feb_21,10/2/2021,Marion,BRUV,D4,45,inner_reef,Ctenochaetus striatus,4,Feb_21_44237_Marion_BRUV_D4,1:00:00
Feb_21,10/2/2021,Marion,BRUV,D4,45,inner_reef,Naso lituratus,1,Feb_21_44237_Marion_BRUV_D4,1:00:00
Feb_21,10/2/2021,Marion,BRUV,D4,45,inner_reef,Balistoides conspicillum,1,Feb_21_44237_Marion_BRUV_D4,1:00:00
Feb_21,10/2/2021,Marion,BRUV,D4,45,inner_reef,Balistoides viridescens,1,Feb_21_44237_Marion_BRUV_D4,1:00:00
Feb_21,10/2/2021,Marion,BRUV,D4,45,inner_reef,Carcharhinus amblyrhynchos,1,Feb_21_44237_Marion_BRUV_D4,1:00:00
Feb_21,10/2/2021,Marion,BRUV,D4,45,inner_reef,Triaenodon obesus,1,Feb_21_44237_Marion_BRUV_D4,1:00:00
Feb_21,10/2/2021,Marion,BRUV,D4,45,inner_reef,Chaetodon auriga,2,Feb_21_44237_Marion_BRUV_D4,1:00:00
Feb_21,10/2/2021,Marion,BRUV,D4,45,inner_reef,Chaetodon mertensii,1,Feb_21_44237_Marion_BRUV_D4,1:00:00
Feb_21,10/2/2021,Marion,BRUV,D4,45,inner_reef,Forcipiger longirostris,1,Feb_21_44237_Marion_BRUV_D4,1:00:00
Feb_21,10/2/2021,Marion,BRUV,D4,45,inner_reef,Epinephelus maculatus,2,Feb_21_44237_Marion_BRUV_D4,1:00:00
Feb_21,10/2/2021,Marion,BRUV,D4,45,inner_reef,Cheilinus undulatus,1,Feb_21_44237_Marion_BRUV_D4,1:00:00
Feb_21,10/2/2021,Marion,BRUV,D4,45,inner_reef,Labroides dimidiatus,1,Feb_21_44237_Marion_BRUV_D4,1:00:00
Feb_21,10/2/2021,Marion,BRUV,D4,45,inner_reef,Lethrinus olivaceus,1,Feb_21_44237_Marion_BRUV_D4,1:00:00
Feb_21,10/2/2021,Marion,BRUV,D4,45,inner_reef,Lethrinus semicinctus,18,Feb_21_44237_Marion_BRUV_D4,1:00:00
Feb_21,10/2/2021,Marion,BRUV,D4,45,inner_reef,Monotaxis grandoculis,1,Feb_21_44237_Marion_BRUV_D4,1:00:00
Feb_21,10/2/2021,Marion,BRUV,D4,45,inner_reef,Lutjanus bohar,1,Feb_21_44237_Marion_BRUV_D4,1:00:00
Feb_21,10/2/2021,Marion,BRUV,D4,45,inner_reef,Lutjanus gibbus,1,Feb_21_44237_Marion_BRUV_D4,1:00:00
Feb_21,10/2/2021,Marion,BRUV,D4,45,inner_reef,Centropyge bispinosa,1,Feb_21_44237_Marion_BRUV_D4,1:00:00
Feb_21,10/2/2021,Marion,BRUV,D4,45,inner_reef,Chlorurus sordidus,1,Feb_21_44237_Marion_BRUV_D4,1:00:00
Feb_21,10/2/2021,Marion,BRUV,D4,45,inner_reef,Scarus schlegeli,2,Feb_21_44237_Marion_BRUV_D4,1:00:00
Feb_21,10/2/2021,Marion,BRUV,D4,45,inner_reef,Plectropomus laevis,2,Feb_21_44237_Marion_BRUV_D4,1:00:00
Feb_21,10/2/2021,Marion,BRUV,D4,45,inner_reef,Plectropomus leopardus,4,Feb_21_44237_Marion_BRUV_D4,1:00:00
Feb_21,10/2/2021,Marion,BRUV,D4,45,inner_reef,Zanclus cornutus,1,Feb_21_44237_Marion_BRUV_D4,1:00:00
Feb_21,10/2/2021,Marion,BRUV,D5,46,inner_reef,Sufflamen chrysopterum,1,Feb_21_44237_Marion_BRUV_D5,1:00:00
Feb_21,10/2/2021,Marion,BRUV,D5,46,inner_reef,Carcharhinus amblyrhynchos,1,Feb_21_44237_Marion_BRUV_D5,1:00:00
Feb_21,10/2/2021,Marion,BRUV,D5,46,inner_reef,Triaenodon obesus,1,Feb_21_44237_Marion_BRUV_D5,1:00:00
Feb_21,10/2/2021,Marion,BRUV,D5,46,inner_reef,Cheilinus undulatus,1,Feb_21_44237_Marion_BRUV_D5,1:00:00
Feb_21,10/2/2021,Marion,BRUV,D5,46,inner_reef,Oxycheilinus unifasciatus,1,Feb_21_44237_Marion_BRUV_D5,1:00:00
Feb_21,10/2/2021,Marion,BRUV,D5,46,inner_reef,Gymnocranius euanus,2,Feb_21_44237_Marion_BRUV_D5,1:00:00
Feb_21,10/2/2021,Marion,BRUV,D5,46,inner_reef,Lethrinus semicinctus,20,Feb_21_44237_Marion_BRUV_D5,1:00:00
Feb_21,10/2/2021,Marion,BRUV,D5,46,inner_reef,Aprion virescens,1,Feb_21_44237_Marion_BRUV_D5,1:00:00
Feb_21,10/2/2021,Marion,BRUV,D5,46,inner_reef,Parupeneus barberinoides,1,Feb_21_44237_Marion_BRUV_D5,1:00:00
Feb_21,10/2/2021,Marion,BRUV,D5,46,inner_reef,Parupeneus barberinus,1,Feb_21_44237_Marion_BRUV_D5,1:00:00
Feb_21,10/2/2021,Marion,BRUV,D5,46,inner_reef,Parupeneus multifasciatus,1,Feb_21_44237_Marion_BRUV_D5,1:00:00
Feb_21,10/2/2021,Marion,BRUV,D5,46,inner_reef,Pentapodus aureofasciatus,5,Feb_21_44237_Marion_BRUV_D5,1:00:00
Feb_21,10/2/2021,Marion,BRUV,D5,46,inner_reef,Scarus schlegeli,3,Feb_21_44237_Marion_BRUV_D5,1:00:00
Feb_21,10/2/2021,Marion,BRUV,D5,46,inner_reef,Plectropomus leopardus,2,Feb_21_44237_Marion_BRUV_D5,1:00:00
Feb_21,10/2/2021,Marion,BRUV,D5,46,inner_reef,Siganus argenteus,5,Feb_21_44237_Marion_BRUV_D5,1:00:00
Feb_21,6/2/2021,Saumarez,BRUV,D1,33,channel,Acanthurus dussumieri,3,Feb_21_44233_Saumarez_BRUV_D1,1:00:00
Feb_21,6/2/2021,Saumarez,BRUV,D1,33,channel,Acanthurus nigrofuscus,2,Feb_21_44233_Saumarez_BRUV_D1,1:00:00
Feb_21,6/2/2021,Saumarez,BRUV,D1,33,channel,Balistoides conspicillum,2,Feb_21_44233_Saumarez_BRUV_D1,1:00:00
Feb_21,6/2/2021,Saumarez,BRUV,D1,33,channel,Pseudobalistes fuscus,1,Feb_21_44233_Saumarez_BRUV_D1,1:00:00
Feb_21,6/2/2021,Saumarez,BRUV,D1,33,channel,Sufflamen chrysopterum,1,Feb_21_44233_Saumarez_BRUV_D1,1:00:00
Feb_21,6/2/2021,Saumarez,BRUV,D1,33,channel,Chaetodon guentheri,1,Feb_21_44233_Saumarez_BRUV_D1,1:00:00
Feb_21,6/2/2021,Saumarez,BRUV,D1,33,channel,Chaetodon kleinii,2,Feb_21_44233_Saumarez_BRUV_D1,1:00:00
Feb_21,6/2/2021,Saumarez,BRUV,D1,33,channel,Chaetodon mertensii,1,Feb_21_44233_Saumarez_BRUV_D1,1:00:00
Feb_21,6/2/2021,Saumarez,BRUV,D1,33,channel,Epinephelus maculatus,2,Feb_21_44233_Saumarez_BRUV_D1,1:00:00
Feb_21,6/2/2021,Saumarez,BRUV,D1,33,channel,Anampses femininus,2,Feb_21_44233_Saumarez_BRUV_D1,1:00:00
Feb_21,6/2/2021,Saumarez,BRUV,D1,33,channel,Cheilinus bimaculatus,2,Feb_21_44233_Saumarez_BRUV_D1,1:00:00
Feb_21,6/2/2021,Saumarez,BRUV,D1,33,channel,Choerodon jordani,1,Feb_21_44233_Saumarez_BRUV_D1,1:00:00
Feb_21,6/2/2021,Saumarez,BRUV,D1,33,channel,Cirrhilabrus laboutei,30,Feb_21_44233_Saumarez_BRUV_D1,1:00:00
Feb_21,6/2/2021,Saumarez,BRUV,D1,33,channel,Coris dorsomacula,1,Feb_21_44233_Saumarez_BRUV_D1,1:00:00
Feb_21,6/2/2021,Saumarez,BRUV,D1,33,channel,Halichoeres biocellatus,1,Feb_21_44233_Saumarez_BRUV_D1,1:00:00
Feb_21,6/2/2021,Saumarez,BRUV,D1,33,channel,Halichoeres hartzfeldii,1,Feb_21_44233_Saumarez_BRUV_D1,1:00:00
Feb_21,6/2/2021,Saumarez,BRUV,D1,33,channel,Labroides dimidiatus,1,Feb_21_44233_Saumarez_BRUV_D1,1:00:00
Feb_21,6/2/2021,Saumarez,BRUV,D1,33,channel,Macropharyngodon negrosensis,1,Feb_21_44233_Saumarez_BRUV_D1,1:00:00
Feb_21,6/2/2021,Saumarez,BRUV,D1,33,channel,Pseudojuloides cerasinus,1,Feb_21_44233_Saumarez_BRUV_D1,1:00:00
Feb_21,6/2/2021,Saumarez,BRUV,D1,33,channel,Thalassoma lutescens,1,Feb_21_44233_Saumarez_BRUV_D1,1:00:00
Feb_21,6/2/2021,Saumarez,BRUV,D1,33,channel,Gymnocranius euanus,5,Feb_21_44233_Saumarez_BRUV_D1,1:00:00
Feb_21,6/2/2021,Saumarez,BRUV,D1,33,channel,Lethrinus rubrioperculatus,2,Feb_21_44233_Saumarez_BRUV_D1,1:00:00
Feb_21,6/2/2021,Saumarez,BRUV,D1,33,channel,Aprion virescens,1,Feb_21_44233_Saumarez_BRUV_D1,1:00:00
Feb_21,6/2/2021,Saumarez,BRUV,D1,33,channel,Parupeneus barberinoides,1,Feb_21_44233_Saumarez_BRUV_D1,1:00:00
Feb_21,6/2/2021,Saumarez,BRUV,D1,33,channel,Parupeneus multifasciatus,2,Feb_21_44233_Saumarez_BRUV_D1,1:00:00
Feb_21,6/2/2021,Saumarez,BRUV,D1,33,channel,Parupeneus pleurostigma,3,Feb_21_44233_Saumarez_BRUV_D1,1:00:00
Feb_21,6/2/2021,Saumarez,BRUV,D1,33,channel,Gymnothorax favagineus,1,Feb_21_44233_Saumarez_BRUV_D1,1:00:00
Feb_21,6/2/2021,Saumarez,BRUV,D1,33,channel,Pentapodus aureofasciatus,1,Feb_21_44233_Saumarez_BRUV_D1,1:00:00
Feb_21,6/2/2021,Saumarez,BRUV,D1,33,channel,Centropyge tibicen,1,Feb_21_44233_Saumarez_BRUV_D1,1:00:00
Feb_21,6/2/2021,Saumarez,BRUV,D1,33,channel,Scarus chameleon,1,Feb_21_44233_Saumarez_BRUV_D1,1:00:00
Feb_21,6/2/2021,Saumarez,BRUV,D1,33,channel,Scarus dimidiatus,1,Feb_21_44233_Saumarez_BRUV_D1,1:00:00
Feb_21,6/2/2021,Saumarez,BRUV,D1,33,channel,Pseudanthias cooperi,12,Feb_21_44233_Saumarez_BRUV_D1,1:00:00
Feb_21,6/2/2021,Saumarez,BRUV,D1,33,channel,Arothron caeruleopunctatus,1,Feb_21_44233_Saumarez_BRUV_D1,1:00:00
Feb_21,6/2/2021,Saumarez,BRUV,D2,34,channel,Sufflamen chrysopterum,1,Feb_21_44233_Saumarez_BRUV_D2,1:00:00
Feb_21,6/2/2021,Saumarez,BRUV,D2,34,channel,Chaetodon kleinii,1,Feb_21_44233_Saumarez_BRUV_D2,1:00:00
Feb_21,6/2/2021,Saumarez,BRUV,D2,34,channel,Choerodon jordani,1,Feb_21_44233_Saumarez_BRUV_D2,1:00:00
Feb_21,6/2/2021,Saumarez,BRUV,D2,34,channel,Cirrhilabrus laboutei,2,Feb_21_44233_Saumarez_BRUV_D2,1:00:00
Feb_21,6/2/2021,Saumarez,BRUV,D2,34,channel,Coris dorsomacula,4,Feb_21_44233_Saumarez_BRUV_D2,1:00:00
Feb_21,6/2/2021,Saumarez,BRUV,D2,34,channel,Coris gaimard,3,Feb_21_44233_Saumarez_BRUV_D2,1:00:00
Feb_21,6/2/2021,Saumarez,BRUV,D2,34,channel,Halichoeres hartzfeldii,3,Feb_21_44233_Saumarez_BRUV_D2,1:00:00
Feb_21,6/2/2021,Saumarez,BRUV,D2,34,channel,Hologymnosus doliatus,3,Feb_21_44233_Saumarez_BRUV_D2,1:00:00
Feb_21,6/2/2021,Saumarez,BRUV,D2,34,channel,Hologymnosus longipes,1,Feb_21_44233_Saumarez_BRUV_D2,1:00:00
Feb_21,6/2/2021,Saumarez,BRUV,D2,34,channel,Pseudojuloides cerasinus,1,Feb_21_44233_Saumarez_BRUV_D2,1:00:00
Feb_21,6/2/2021,Saumarez,BRUV,D2,34,channel,Gymnocranius euanus,2,Feb_21_44233_Saumarez_BRUV_D2,1:00:00
Feb_21,6/2/2021,Saumarez,BRUV,D2,34,channel,Lethrinus olivaceus,1,Feb_21_44233_Saumarez_BRUV_D2,1:00:00
Feb_21,6/2/2021,Saumarez,BRUV,D2,34,channel,Lethrinus rubrioperculatus,4,Feb_21_44233_Saumarez_BRUV_D2,1:00:00
Feb_21,6/2/2021,Saumarez,BRUV,D2,34,channel,Malacanthus brevirostris,2,Feb_21_44233_Saumarez_BRUV_D2,1:00:00
Feb_21,6/2/2021,Saumarez,BRUV,D2,34,channel,Parupeneus barberinoides,1,Feb_21_44233_Saumarez_BRUV_D2,1:00:00
Feb_21,6/2/2021,Saumarez,BRUV,D2,34,channel,Parupeneus multifasciatus,4,Feb_21_44233_Saumarez_BRUV_D2,1:00:00
Feb_21,6/2/2021,Saumarez,BRUV,D2,34,channel,Parupeneus pleurostigma,4,Feb_21_44233_Saumarez_BRUV_D2,1:00:00
Feb_21,6/2/2021,Saumarez,BRUV,D2,34,channel,Pentapodus aureofasciatus,27,Feb_21_44233_Saumarez_BRUV_D2,1:00:00
Feb_21,6/2/2021,Saumarez,BRUV,D3,36,channel,Naso unicornis,1,Feb_21_44233_Saumarez_BRUV_D3,1:00:00
Feb_21,6/2/2021,Saumarez,BRUV,D3,36,channel,Balistoides conspicillum,1,Feb_21_44233_Saumarez_BRUV_D3,1:00:00
Feb_21,6/2/2021,Saumarez,BRUV,D3,36,channel,Sufflamen chrysopterum,1,Feb_21_44233_Saumarez_BRUV_D3,1:00:00
Feb_21,6/2/2021,Saumarez,BRUV,D3,36,channel,Sufflamen fraenatum,2,Feb_21_44233_Saumarez_BRUV_D3,1:00:00
Feb_21,6/2/2021,Saumarez,BRUV,D3,36,channel,Caranx melampygus,1,Feb_21_44233_Saumarez_BRUV_D3,1:00:00
Feb_21,6/2/2021,Saumarez,BRUV,D3,36,channel,Carcharhinus amblyrhynchos,2,Feb_21_44233_Saumarez_BRUV_D3,1:00:00
Feb_21,6/2/2021,Saumarez,BRUV,D3,36,channel,Chaetodon kleinii,1,Feb_21_44233_Saumarez_BRUV_D3,1:00:00
Feb_21,6/2/2021,Saumarez,BRUV,D3,36,channel,Cirrhilabrus laboutei,14,Feb_21_44233_Saumarez_BRUV_D3,1:00:00
Feb_21,6/2/2021,Saumarez,BRUV,D3,36,channel,Oxycheilinus bimaculatus,1,Feb_21_44233_Saumarez_BRUV_D3,1:00:00
Feb_21,6/2/2021,Saumarez,BRUV,D3,36,channel,Pseudocheilinus evanidus,2,Feb_21_44233_Saumarez_BRUV_D3,1:00:00
Feb_21,6/2/2021,Saumarez,BRUV,D3,36,channel,Gymnocranius euanus,3,Feb_21_44233_Saumarez_BRUV_D3,1:00:00
Feb_21,6/2/2021,Saumarez,BRUV,D3,36,channel,Lethrinus olivaceus,2,Feb_21_44233_Saumarez_BRUV_D3,1:00:00
Feb_21,6/2/2021,Saumarez,BRUV,D3,36,channel,Lethrinus rubrioperculatus,10,Feb_21_44233_Saumarez_BRUV_D3,1:00:00
Feb_21,6/2/2021,Saumarez,BRUV,D3,36,channel,Aprion virescens,1,Feb_21_44233_Saumarez_BRUV_D3,1:00:00
Feb_21,6/2/2021,Saumarez,BRUV,D3,36,channel,Lutjanus bohar,1,Feb_21_44233_Saumarez_BRUV_D3,1:00:00
Feb_21,6/2/2021,Saumarez,BRUV,D3,36,channel,Parupeneus barberinus,1,Feb_21_44233_Saumarez_BRUV_D3,1:00:00
Feb_21,6/2/2021,Saumarez,BRUV,D3,36,channel,Parupeneus multifasciatus,12,Feb_21_44233_Saumarez_BRUV_D3,1:00:00
Feb_21,6/2/2021,Saumarez,BRUV,D3,36,channel,Parupeneus pleurostigma,1,Feb_21_44233_Saumarez_BRUV_D3,1:00:00
Feb_21,6/2/2021,Saumarez,BRUV,D3,36,channel,Variola louti,1,Feb_21_44233_Saumarez_BRUV_D3,1:00:00
Feb_21,6/2/2021,Saumarez,BRUV,D3,36,channel,Siganus argenteus,4,Feb_21_44233_Saumarez_BRUV_D3,1:00:00
Feb_21,14/2/2021,Willis,BRUV,D1,34,outer_reef,Balistoides viridescens,1,Feb_21_44241_Willis_BRUV_D1,1:00:00
Feb_21,14/2/2021,Willis,BRUV,D1,34,outer_reef,Melichthys vidua,2,Feb_21_44241_Willis_BRUV_D1,1:00:00
Feb_21,14/2/2021,Willis,BRUV,D1,34,outer_reef,Sufflamen chrysopterum,1,Feb_21_44241_Willis_BRUV_D1,1:00:00
Feb_21,14/2/2021,Willis,BRUV,D1,34,outer_reef,Sufflamen fraenatum,1,Feb_21_44241_Willis_BRUV_D1,1:00:00
Feb_21,14/2/2021,Willis,BRUV,D1,34,outer_reef,Carangoides fulvoguttatus,1,Feb_21_44241_Willis_BRUV_D1,1:00:00
Feb_21,14/2/2021,Willis,BRUV,D1,34,outer_reef,Caranx melampygus,1,Feb_21_44241_Willis_BRUV_D1,1:00:00
Feb_21,14/2/2021,Willis,BRUV,D1,34,outer_reef,Carcharhinus amblyrhynchos,1,Feb_21_44241_Willis_BRUV_D1,1:00:00
Feb_21,14/2/2021,Willis,BRUV,D1,34,outer_reef,Epinephelus maculatus,1,Feb_21_44241_Willis_BRUV_D1,1:00:00
Feb_21,14/2/2021,Willis,BRUV,D1,34,outer_reef,Fistularia commersonii,1,Feb_21_44241_Willis_BRUV_D1,1:00:00
Feb_21,14/2/2021,Willis,BRUV,D1,34,outer_reef,Gymnocranius euanus,11,Feb_21_44241_Willis_BRUV_D1,1:00:00
Feb_21,14/2/2021,Willis,BRUV,D1,34,outer_reef,Lethrinus olivaceus,1,Feb_21_44241_Willis_BRUV_D1,1:00:00
Feb_21,14/2/2021,Willis,BRUV,D1,34,outer_reef,Lethrinus semicinctus,20,Feb_21_44241_Willis_BRUV_D1,1:00:00
Feb_21,14/2/2021,Willis,BRUV,D1,34,outer_reef,Lutjanus bohar,1,Feb_21_44241_Willis_BRUV_D1,1:00:00
Feb_21,14/2/2021,Willis,BRUV,D1,34,outer_reef,Mulloidichthys pfluegeri,2,Feb_21_44241_Willis_BRUV_D1,1:00:00
Feb_21,14/2/2021,Willis,BRUV,D1,34,outer_reef,Parupeneus barberinoides,1,Feb_21_44241_Willis_BRUV_D1,1:00:00
Feb_21,14/2/2021,Willis,BRUV,D1,34,outer_reef,Parupeneus barberinus,1,Feb_21_44241_Willis_BRUV_D1,1:00:00
Feb_21,14/2/2021,Willis,BRUV,D1,34,outer_reef,Pentapodus aureofasciatus,6,Feb_21_44241_Willis_BRUV_D1,1:00:00
Feb_21,14/2/2021,Willis,BRUV,D1,34,outer_reef,Pomacanthus imperator,2,Feb_21_44241_Willis_BRUV_D1,1:00:00
Feb_21,14/2/2021,Willis,BRUV,D1,34,outer_reef,Chlorurus microrhinos,2,Feb_21_44241_Willis_BRUV_D1,1:00:00
Feb_21,14/2/2021,Willis,BRUV,D1,34,outer_reef,Hipposcarus longiceps,1,Feb_21_44241_Willis_BRUV_D1,1:00:00
Feb_21,14/2/2021,Willis,BRUV,D1,34,outer_reef,Siganus argenteus,2,Feb_21_44241_Willis_BRUV_D1,1:00:00
Feb_21,14/2/2021,Willis,BRUV,D2,45,outer_reef,Acanthurus albipectoralis,3,Feb_21_44241_Willis_BRUV_D2,1:00:00
Feb_21,14/2/2021,Willis,BRUV,D2,45,outer_reef,Acanthurus dussumieri,2,Feb_21_44241_Willis_BRUV_D2,1:00:00
Feb_21,14/2/2021,Willis,BRUV,D2,45,outer_reef,Acanthurus olivaceus,2,Feb_21_44241_Willis_BRUV_D2,1:00:00
Feb_21,14/2/2021,Willis,BRUV,D2,45,outer_reef,Odonus niger,25,Feb_21_44241_Willis_BRUV_D2,1:00:00
Feb_21,14/2/2021,Willis,BRUV,D2,45,outer_reef,Sufflamen fraenatum,2,Feb_21_44241_Willis_BRUV_D2,1:00:00
Feb_21,14/2/2021,Willis,BRUV,D2,45,outer_reef,Elagatis bipinnulata,6,Feb_21_44241_Willis_BRUV_D2,1:00:00
Feb_21,14/2/2021,Willis,BRUV,D2,45,outer_reef,Carcharhinus amblyrhynchos,4,Feb_21_44241_Willis_BRUV_D2,1:00:00
Feb_21,14/2/2021,Willis,BRUV,D2,45,outer_reef,Chaetodon auriga,2,Feb_21_44241_Willis_BRUV_D2,1:00:00
Feb_21,14/2/2021,Willis,BRUV,D2,45,outer_reef,Chaetodon mertensii,1,Feb_21_44241_Willis_BRUV_D2,1:00:00
Feb_21,14/2/2021,Willis,BRUV,D2,45,outer_reef,Heniochus diphreutes,4,Feb_21_44241_Willis_BRUV_D2,1:00:00
Feb_21,14/2/2021,Willis,BRUV,D2,45,outer_reef,Hologymnosus longipes,2,Feb_21_44241_Willis_BRUV_D2,1:00:00
Feb_21,14/2/2021,Willis,BRUV,D2,45,outer_reef,Gymnocranius euanus,8,Feb_21_44241_Willis_BRUV_D2,1:00:00
Feb_21,14/2/2021,Willis,BRUV,D2,45,outer_reef,Gymnocranius microdon,1,Feb_21_44241_Willis_BRUV_D2,1:00:00
Feb_21,14/2/2021,Willis,BRUV,D2,45,outer_reef,Lethrinus semicinctus,13,Feb_21_44241_Willis_BRUV_D2,1:00:00
Feb_21,14/2/2021,Willis,BRUV,D2,45,outer_reef,Aphareus furca,1,Feb_21_44241_Willis_BRUV_D2,1:00:00
Feb_21,14/2/2021,Willis,BRUV,D2,45,outer_reef,Aprion virescens,1,Feb_21_44241_Willis_BRUV_D2,1:00:00
Feb_21,14/2/2021,Willis,BRUV,D2,45,outer_reef,Lutjanus bohar,1,Feb_21_44241_Willis_BRUV_D2,1:00:00
Feb_21,14/2/2021,Willis,BRUV,D2,45,outer_reef,Parupeneus barberinus,1,Feb_21_44241_Willis_BRUV_D2,1:00:00
Feb_21,14/2/2021,Willis,BRUV,D2,45,outer_reef,Cephalopholis sonnerati,3,Feb_21_44241_Willis_BRUV_D2,1:00:00
Feb_21,14/2/2021,Willis,BRUV,D2,45,outer_reef,Zanclus cornutus,1,Feb_21_44241_Willis_BRUV_D2,1:00:00
Feb_21,14/2/2021,Willis,BRUV,D4,62,outer_reef,Acanthurus thompsoni,1,Feb_21_44241_Willis_BRUV_D4,1:00:00
Feb_21,14/2/2021,Willis,BRUV,D4,62,outer_reef,Ctenochaetus binotatus,2,Feb_21_44241_Willis_BRUV_D4,1:00:00
Feb_21,14/2/2021,Willis,BRUV,D4,62,outer_reef,Naso annulatus,1,Feb_21_44241_Willis_BRUV_D4,1:00:00
Feb_21,14/2/2021,Willis,BRUV,D4,62,outer_reef,Naso minor,6,Feb_21_44241_Willis_BRUV_D4,1:00:00
Feb_21,14/2/2021,Willis,BRUV,D4,62,outer_reef,Balistapus undulatus,1,Feb_21_44241_Willis_BRUV_D4,1:00:00
Feb_21,14/2/2021,Willis,BRUV,D4,62,outer_reef,Sufflamen bursa,1,Feb_21_44241_Willis_BRUV_D4,1:00:00
Feb_21,14/2/2021,Willis,BRUV,D4,62,outer_reef,Xanthichthys auromarginatus,3,Feb_21_44241_Willis_BRUV_D4,1:00:00
Feb_21,14/2/2021,Willis,BRUV,D4,62,outer_reef,Triaenodon obesus,2,Feb_21_44241_Willis_BRUV_D4,1:00:00
Feb_21,14/2/2021,Willis,BRUV,D4,62,outer_reef,Anampses geographicus,1,Feb_21_44241_Willis_BRUV_D4,1:00:00
Feb_21,14/2/2021,Willis,BRUV,D4,62,outer_reef,Cheilinus undulatus,1,Feb_21_44241_Willis_BRUV_D4,1:00:00
Feb_21,14/2/2021,Willis,BRUV,D4,62,outer_reef,Cirrhilabrus lineatus,6,Feb_21_44241_Willis_BRUV_D4,1:00:00
Feb_21,14/2/2021,Willis,BRUV,D4,62,outer_reef,Labropsis australis,1,Feb_21_44241_Willis_BRUV_D4,1:00:00
Feb_21,14/2/2021,Willis,BRUV,D4,62,outer_reef,Oxycheilinus nigromarginatus,4,Feb_21_44241_Willis_BRUV_D4,1:00:00
Feb_21,14/2/2021,Willis,BRUV,D4,62,outer_reef,Pseudocheilinus evanidus,1,Feb_21_44241_Willis_BRUV_D4,1:00:00
Feb_21,14/2/2021,Willis,BRUV,D4,62,outer_reef,Pseudojuloides cerasinus,1,Feb_21_44241_Willis_BRUV_D4,1:00:00
Feb_21,14/2/2021,Willis,BRUV,D4,62,outer_reef,Gymnocranius microdon,1,Feb_21_44241_Willis_BRUV_D4,1:00:00
Feb_21,14/2/2021,Willis,BRUV,D4,62,outer_reef,Lethrinus erythracanthus,1,Feb_21_44241_Willis_BRUV_D4,1:00:00
Feb_21,14/2/2021,Willis,BRUV,D4,62,outer_reef,Lutjanus bohar,2,Feb_21_44241_Willis_BRUV_D4,1:00:00
Feb_21,14/2/2021,Willis,BRUV,D4,62,outer_reef,Hoplolatilus starcki,2,Feb_21_44241_Willis_BRUV_D4,1:00:00
Feb_21,14/2/2021,Willis,BRUV,D4,62,outer_reef,Parupeneus multifasciatus,1,Feb_21_44241_Willis_BRUV_D4,1:00:00
Feb_21,14/2/2021,Willis,BRUV,D4,62,outer_reef,Parupeneus pleurostigma,2,Feb_21_44241_Willis_BRUV_D4,1:00:00
Feb_21,14/2/2021,Willis,BRUV,D4,62,outer_reef,Centropyge bispinosa,1,Feb_21_44241_Willis_BRUV_D4,1:00:00
Feb_21,14/2/2021,Willis,BRUV,D4,62,outer_reef,Centropyge heraldi,3,Feb_21_44241_Willis_BRUV_D4,1:00:00
Feb_21,14/2/2021,Willis,BRUV,D4,62,outer_reef,Genicanthus melanospilos,3,Feb_21_44241_Willis_BRUV_D4,1:00:00
Feb_21,14/2/2021,Willis,BRUV,D4,62,outer_reef,Scarus longipinnis,2,Feb_21_44241_Willis_BRUV_D4,1:00:00
Feb_21,14/2/2021,Willis,BRUV,D4,62,outer_reef,Cephalopholis spiloparaea,1,Feb_21_44241_Willis_BRUV_D4,1:00:00
Feb_21,14/2/2021,Willis,BRUV,D5,51,outer_reef,Acanthurus nigrofuscus,1,Feb_21_44241_Willis_BRUV_D5,1:00:00
Feb_21,14/2/2021,Willis,BRUV,D5,51,outer_reef,Naso planktivore,2,Feb_21_44241_Willis_BRUV_D5,1:00:00
Feb_21,14/2/2021,Willis,BRUV,D5,51,outer_reef,Balistapus undulatus,1,Feb_21_44241_Willis_BRUV_D5,1:00:00
Feb_21,14/2/2021,Willis,BRUV,D5,51,outer_reef,Sufflamen bursa,1,Feb_21_44241_Willis_BRUV_D5,1:00:00
Feb_21,14/2/2021,Willis,BRUV,D5,51,outer_reef,Caranx lugubris,1,Feb_21_44241_Willis_BRUV_D5,1:00:00
Feb_21,14/2/2021,Willis,BRUV,D5,51,outer_reef,Carcharhinus amblyrhynchos,2,Feb_21_44241_Willis_BRUV_D5,1:00:00
Feb_21,14/2/2021,Willis,BRUV,D5,51,outer_reef,Triaenodon obesus,1,Feb_21_44241_Willis_BRUV_D5,1:00:00
Feb_21,14/2/2021,Willis,BRUV,D5,51,outer_reef,Epinephelus maculatus,1,Feb_21_44241_Willis_BRUV_D5,1:00:00
Feb_21,14/2/2021,Willis,BRUV,D5,51,outer_reef,Anampses geographicus,1,Feb_21_44241_Willis_BRUV_D5,1:00:00
Feb_21,14/2/2021,Willis,BRUV,D5,51,outer_reef,Choerodon jordani,1,Feb_21_44241_Willis_BRUV_D5,1:00:00
Feb_21,14/2/2021,Willis,BRUV,D5,51,outer_reef,Cirrhilabrus lineatus,6,Feb_21_44241_Willis_BRUV_D5,1:00:00
Feb_21,14/2/2021,Willis,BRUV,D5,51,outer_reef,Halichoeres biocellatus,4,Feb_21_44241_Willis_BRUV_D5,1:00:00
Feb_21,14/2/2021,Willis,BRUV,D5,51,outer_reef,Oxycheilinus nigromarginatus,2,Feb_21_44241_Willis_BRUV_D5,1:00:00
Feb_21,14/2/2021,Willis,BRUV,D5,51,outer_reef,Pseudojuloides cerasinus,1,Feb_21_44241_Willis_BRUV_D5,1:00:00
Feb_21,14/2/2021,Willis,BRUV,D5,51,outer_reef,Lethrinus erythracanthus,1,Feb_21_44241_Willis_BRUV_D5,1:00:00
Feb_21,14/2/2021,Willis,BRUV,D5,51,outer_reef,Lutjanus bohar,2,Feb_21_44241_Willis_BRUV_D5,1:00:00
Feb_21,14/2/2021,Willis,BRUV,D5,51,outer_reef,Pentapodus aureofasciatus,6,Feb_21_44241_Willis_BRUV_D5,1:00:00
Feb_21,14/2/2021,Willis,BRUV,D5,51,outer_reef,Centropyge heraldi,2,Feb_21_44241_Willis_BRUV_D5,1:00:00
Feb_21,14/2/2021,Willis,BRUV,D5,51,outer_reef,Chromis amboinensis,1,Feb_21_44241_Willis_BRUV_D5,1:00:00
Feb_21,14/2/2021,Willis,BRUV,D5,51,outer_reef,Chrysiptera starcki,1,Feb_21_44241_Willis_BRUV_D5,1:00:00
Feb_21,14/2/2021,Willis,BRUV,D5,51,outer_reef,Pomacentrus nigromarginatus,1,Feb_21_44241_Willis_BRUV_D5,1:00:00
Feb_21,14/2/2021,Willis,BRUV,D5,51,outer_reef,Pomacentrus vaiuli,5,Feb_21_44241_Willis_BRUV_D5,1:00:00
Feb_21,14/2/2021,Willis,BRUV,D5,51,outer_reef,Cephalopholis spiloparaea,2,Feb_21_44241_Willis_BRUV_D5,1:00:00
Feb_21,14/2/2021,Willis,BRUV,D5,51,outer_reef,Plectropomus laevis,1,Feb_21_44241_Willis_BRUV_D5,1:00:00
Feb_21,14/2/2021,Willis,BRUV,D5,51,outer_reef,Pseudanthias pleurotaenia,7,Feb_21_44241_Willis_BRUV_D5,1:00:00
Feb_21,14/2/2021,Willis,BRUV,D5,51,outer_reef,Variola louti,1,Feb_21_44241_Willis_BRUV_D5,1:00:00
Feb_21,7/2/2021,Wreck,BRUV,D1,31,outer_reef,Acanthurus albipectoralis,1,Feb_21_44234_Wreck_BRUV_D1,1:00:00
Feb_21,7/2/2021,Wreck,BRUV,D1,31,outer_reef,Acanthurus olivaceus,1,Feb_21_44234_Wreck_BRUV_D1,1:00:00
Feb_21,7/2/2021,Wreck,BRUV,D1,31,outer_reef,Acanthurus pyroferus,3,Feb_21_44234_Wreck_BRUV_D1,1:00:00
Feb_21,7/2/2021,Wreck,BRUV,D1,31,outer_reef,Ctenochaetus striatus,2,Feb_21_44234_Wreck_BRUV_D1,1:00:00
Feb_21,7/2/2021,Wreck,BRUV,D1,31,outer_reef,Zebrasoma scopas,2,Feb_21_44234_Wreck_BRUV_D1,1:00:00
Feb_21,7/2/2021,Wreck,BRUV,D1,31,outer_reef,Carcharhinus albimarginatus,2,Feb_21_44234_Wreck_BRUV_D1,1:00:00
Feb_21,7/2/2021,Wreck,BRUV,D1,31,outer_reef,Carcharhinus amblyrhynchos,1,Feb_21_44234_Wreck_BRUV_D1,1:00:00
Feb_21,7/2/2021,Wreck,BRUV,D1,31,outer_reef,Chaetodon kleinii,1,Feb_21_44234_Wreck_BRUV_D1,1:00:00
Feb_21,7/2/2021,Wreck,BRUV,D1,31,outer_reef,Chaetodon melannotus,2,Feb_21_44234_Wreck_BRUV_D1,1:00:00
Feb_21,7/2/2021,Wreck,BRUV,D1,31,outer_reef,Chaetodon mertensii,2,Feb_21_44234_Wreck_BRUV_D1,1:00:00
Feb_21,7/2/2021,Wreck,BRUV,D1,31,outer_reef,Chaetodon pelewensis,2,Feb_21_44234_Wreck_BRUV_D1,1:00:00
Feb_21,7/2/2021,Wreck,BRUV,D1,31,outer_reef,Forcipiger flavissimus,1,Feb_21_44234_Wreck_BRUV_D1,1:00:00
Feb_21,7/2/2021,Wreck,BRUV,D1,31,outer_reef,Hemitaurichthys polylepis,2,Feb_21_44234_Wreck_BRUV_D1,1:00:00
Feb_21,7/2/2021,Wreck,BRUV,D1,31,outer_reef,Paracirrhites arcatus,1,Feb_21_44234_Wreck_BRUV_D1,1:00:00
Feb_21,7/2/2021,Wreck,BRUV,D1,31,outer_reef,Epinephelus fasciatus,1,Feb_21_44234_Wreck_BRUV_D1,1:00:00
Feb_21,7/2/2021,Wreck,BRUV,D1,31,outer_reef,Anampses geographicus,1,Feb_21_44234_Wreck_BRUV_D1,1:00:00
Feb_21,7/2/2021,Wreck,BRUV,D1,31,outer_reef,Anampses neoguinaicus,1,Feb_21_44234_Wreck_BRUV_D1,1:00:00
Feb_21,7/2/2021,Wreck,BRUV,D1,31,outer_reef,Anampses twistii,1,Feb_21_44234_Wreck_BRUV_D1,1:00:00
Feb_21,7/2/2021,Wreck,BRUV,D1,31,outer_reef,Bodianus anthioides,1,Feb_21_44234_Wreck_BRUV_D1,1:00:00
Feb_21,7/2/2021,Wreck,BRUV,D1,31,outer_reef,Cheilinus chlorourus,1,Feb_21_44234_Wreck_BRUV_D1,1:00:00
Feb_21,7/2/2021,Wreck,BRUV,D1,31,outer_reef,Cheilinus oxycephalus,1,Feb_21_44234_Wreck_BRUV_D1,1:00:00
Feb_21,7/2/2021,Wreck,BRUV,D1,31,outer_reef,Cirrhilabrus punctatus,8,Feb_21_44234_Wreck_BRUV_D1,1:00:00
Feb_21,7/2/2021,Wreck,BRUV,D1,31,outer_reef,Coris aygula,1,Feb_21_44234_Wreck_BRUV_D1,1:00:00
Feb_21,7/2/2021,Wreck,BRUV,D1,31,outer_reef,Gomphosus varius,1,Feb_21_44234_Wreck_BRUV_D1,1:00:00
Feb_21,7/2/2021,Wreck,BRUV,D1,31,outer_reef,Hemigymnus fasciatus,1,Feb_21_44234_Wreck_BRUV_D1,1:00:00
Feb_21,7/2/2021,Wreck,BRUV,D1,31,outer_reef,Hologymnosus annulatus,1,Feb_21_44234_Wreck_BRUV_D1,1:00:00
Feb_21,7/2/2021,Wreck,BRUV,D1,31,outer_reef,Labroides bicolor,2,Feb_21_44234_Wreck_BRUV_D1,1:00:00
Feb_21,7/2/2021,Wreck,BRUV,D1,31,outer_reef,Macropharyngodon meleagris,1,Feb_21_44234_Wreck_BRUV_D1,1:00:00
Feb_21,7/2/2021,Wreck,BRUV,D1,31,outer_reef,Oxycheilinus orientalis,1,Feb_21_44234_Wreck_BRUV_D1,1:00:00
Feb_21,7/2/2021,Wreck,BRUV,D1,31,outer_reef,Oxycheilinus unifasciatus,2,Feb_21_44234_Wreck_BRUV_D1,1:00:00
Feb_21,7/2/2021,Wreck,BRUV,D1,31,outer_reef,Pseudocoris yamashiroi,17,Feb_21_44234_Wreck_BRUV_D1,1:00:00
Feb_21,7/2/2021,Wreck,BRUV,D1,31,outer_reef,Pseudodax moluccanus,2,Feb_21_44234_Wreck_BRUV_D1,1:00:00
Feb_21,7/2/2021,Wreck,BRUV,D1,31,outer_reef,Thalassoma lutescens,3,Feb_21_44234_Wreck_BRUV_D1,1:00:00
Feb_21,7/2/2021,Wreck,BRUV,D1,31,outer_reef,Macolor macularis,1,Feb_21_44234_Wreck_BRUV_D1,1:00:00
Feb_21,7/2/2021,Wreck,BRUV,D1,31,outer_reef,Parupeneus cyclostomus,1,Feb_21_44234_Wreck_BRUV_D1,1:00:00
Feb_21,7/2/2021,Wreck,BRUV,D1,31,outer_reef,Parupeneus multifasciatus,2,Feb_21_44234_Wreck_BRUV_D1,1:00:00
Feb_21,7/2/2021,Wreck,BRUV,D1,31,outer_reef,Parupeneus pleurostigma,1,Feb_21_44234_Wreck_BRUV_D1,1:00:00
Feb_21,7/2/2021,Wreck,BRUV,D1,31,outer_reef,Centropyge heraldi,3,Feb_21_44234_Wreck_BRUV_D1,1:00:00
Feb_21,7/2/2021,Wreck,BRUV,D1,31,outer_reef,Centropyge tibicen,1,Feb_21_44234_Wreck_BRUV_D1,1:00:00
Feb_21,7/2/2021,Wreck,BRUV,D1,31,outer_reef,Genicanthus watanabei,1,Feb_21_44234_Wreck_BRUV_D1,1:00:00
Feb_21,7/2/2021,Wreck,BRUV,D1,31,outer_reef,Chromis chrysura,21,Feb_21_44234_Wreck_BRUV_D1,1:00:00
Feb_21,7/2/2021,Wreck,BRUV,D1,31,outer_reef,Chromis iomelas,3,Feb_21_44234_Wreck_BRUV_D1,1:00:00
Feb_21,7/2/2021,Wreck,BRUV,D1,31,outer_reef,Chromis xanthura,1,Feb_21_44234_Wreck_BRUV_D1,1:00:00
Feb_21,7/2/2021,Wreck,BRUV,D1,31,outer_reef,Plectroglyphidodon johnstonianus,2,Feb_21_44234_Wreck_BRUV_D1,1:00:00
Feb_21,7/2/2021,Wreck,BRUV,D1,31,outer_reef,Pomacentrus vaiuli,1,Feb_21_44234_Wreck_BRUV_D1,1:00:00
Feb_21,7/2/2021,Wreck,BRUV,D1,31,outer_reef,Chlorurus sordidus,1,Feb_21_44234_Wreck_BRUV_D1,1:00:00
Feb_21,7/2/2021,Wreck,BRUV,D1,31,outer_reef,Scarus flavipinnis,1,Feb_21_44234_Wreck_BRUV_D1,1:00:00
Feb_21,7/2/2021,Wreck,BRUV,D1,31,outer_reef,Scarus longipinnis,5,Feb_21_44234_Wreck_BRUV_D1,1:00:00
Feb_21,7/2/2021,Wreck,BRUV,D1,31,outer_reef,Scarus psittacus,2,Feb_21_44234_Wreck_BRUV_D1,1:00:00
Feb_21,7/2/2021,Wreck,BRUV,D1,31,outer_reef,Cephalopholis urodeta,1,Feb_21_44234_Wreck_BRUV_D1,1:00:00
Feb_21,7/2/2021,Wreck,BRUV,D1,31,outer_reef,Plectropomus laevis,2,Feb_21_44234_Wreck_BRUV_D1,1:00:00
Feb_21,7/2/2021,Wreck,BRUV,D1,31,outer_reef,Pseudanthias tuka,2,Feb_21_44234_Wreck_BRUV_D1,1:00:00
Feb_21,7/2/2021,Wreck,BRUV,D1,31,outer_reef,Variola louti,1,Feb_21_44234_Wreck_BRUV_D1,1:00:00
Feb_21,7/2/2021,Wreck,BRUV,D1,31,outer_reef,Zanclus cornutus,1,Feb_21_44234_Wreck_BRUV_D1,1:00:00
Feb_21,7/2/2021,Wreck,BRUV,D3,44,outer_reef,Sufflamen fraenatum,2,Feb_21_44234_Wreck_BRUV_D3,1:00:00
Feb_21,7/2/2021,Wreck,BRUV,D3,44,outer_reef,Elagatis bipinnulata,1,Feb_21_44234_Wreck_BRUV_D3,1:00:00
Feb_21,7/2/2021,Wreck,BRUV,D3,44,outer_reef,Carcharhinus albimarginatus,2,Feb_21_44234_Wreck_BRUV_D3,1:00:00
Feb_21,7/2/2021,Wreck,BRUV,D3,44,outer_reef,Carcharhinus amblyrhynchos,1,Feb_21_44234_Wreck_BRUV_D3,1:00:00
Feb_21,7/2/2021,Wreck,BRUV,D3,44,outer_reef,Remora remora,1,Feb_21_44234_Wreck_BRUV_D3,1:00:00
Feb_21,7/2/2021,Wreck,BRUV,D3,44,outer_reef,Halichoeres hartzfeldii,2,Feb_21_44234_Wreck_BRUV_D3,1:00:00
Feb_21,7/2/2021,Wreck,BRUV,D3,44,outer_reef,Novaculichthys taeniourus,2,Feb_21_44234_Wreck_BRUV_D3,1:00:00
Feb_21,7/2/2021,Wreck,BRUV,D3,44,outer_reef,Gymnocranius euanus,5,Feb_21_44234_Wreck_BRUV_D3,1:00:00
Feb_21,7/2/2021,Wreck,BRUV,D3,44,outer_reef,Lethrinus rubrioperculatus,17,Feb_21_44234_Wreck_BRUV_D3,1:00:00
Feb_21,7/2/2021,Wreck,BRUV,D3,44,outer_reef,Aprion virescens,2,Feb_21_44234_Wreck_BRUV_D3,1:00:00
Feb_21,7/2/2021,Wreck,BRUV,D3,44,outer_reef,Mulloidichthys pfluegeri,3,Feb_21_44234_Wreck_BRUV_D3,1:00:00
Feb_21,7/2/2021,Wreck,BRUV,D3,44,outer_reef,Siganus argenteus,2,Feb_21_44234_Wreck_BRUV_D3,1:00:00
Feb_21,7/2/2021,Wreck,BRUV,D4,53,outer_reef,Naso caesius,2,Feb_21_44234_Wreck_BRUV_D4,1:00:00
Feb_21,7/2/2021,Wreck,BRUV,D4,53,outer_reef,Pseudobalistes fuscus,1,Feb_21_44234_Wreck_BRUV_D4,1:00:00
Feb_21,7/2/2021,Wreck,BRUV,D4,53,outer_reef,Sufflamen fraenatum,1,Feb_21_44234_Wreck_BRUV_D4,1:00:00
Feb_21,7/2/2021,Wreck,BRUV,D4,53,outer_reef,Carangoides orthogrammus,1,Feb_21_44234_Wreck_BRUV_D4,1:00:00
Feb_21,7/2/2021,Wreck,BRUV,D4,53,outer_reef,Caranx melampygus,1,Feb_21_44234_Wreck_BRUV_D4,1:00:00
Feb_21,7/2/2021,Wreck,BRUV,D4,53,outer_reef,Carcharhinus albimarginatus,2,Feb_21_44234_Wreck_BRUV_D4,1:00:00
Feb_21,7/2/2021,Wreck,BRUV,D4,53,outer_reef,Chaetodon auriga,2,Feb_21_44234_Wreck_BRUV_D4,1:00:00
Feb_21,7/2/2021,Wreck,BRUV,D4,53,outer_reef,Bodianus perditio,2,Feb_21_44234_Wreck_BRUV_D4,1:00:00
Feb_21,7/2/2021,Wreck,BRUV,D4,53,outer_reef,Oxycheilinus bimaculatus,4,Feb_21_44234_Wreck_BRUV_D4,1:00:00
Feb_21,7/2/2021,Wreck,BRUV,D4,53,outer_reef,Gymnocranius euanus,2,Feb_21_44234_Wreck_BRUV_D4,1:00:00
Feb_21,7/2/2021,Wreck,BRUV,D4,53,outer_reef,Lethrinus rubrioperculatus,4,Feb_21_44234_Wreck_BRUV_D4,1:00:00
Feb_21,7/2/2021,Wreck,BRUV,D4,53,outer_reef,Lutjanus bohar,1,Feb_21_44234_Wreck_BRUV_D4,1:00:00
Feb_21,7/2/2021,Wreck,BRUV,D4,53,outer_reef,Mulloidichthys vanicolensis,1,Feb_21_44234_Wreck_BRUV_D4,1:00:00
Feb_21,7/2/2021,Wreck,BRUV,D4,53,outer_reef,Pomacanthus imperator,1,Feb_21_44234_Wreck_BRUV_D4,1:00:00
Feb_21,7/2/2021,Wreck,BRUV,D4,53,outer_reef,Hipposcarus longiceps,1,Feb_21_44234_Wreck_BRUV_D4,1:00:00
Feb_21,7/2/2021,Wreck,BRUV,D4,53,outer_reef,Variola louti,1,Feb_21_44234_Wreck_BRUV_D4,1:00:00
Feb_21,7/2/2021,Wreck,BRUV,D5,65,outer_reef,Acanthurus thompsoni,1,Feb_21_44234_Wreck_BRUV_D5,1:00:00
Feb_21,7/2/2021,Wreck,BRUV,D5,65,outer_reef,Ctenochaetus striatus,1,Feb_21_44234_Wreck_BRUV_D5,1:00:00
Feb_21,7/2/2021,Wreck,BRUV,D5,65,outer_reef,Naso caesius,7,Feb_21_44234_Wreck_BRUV_D5,1:00:00
Feb_21,7/2/2021,Wreck,BRUV,D5,65,outer_reef,Naso unicornis,2,Feb_21_44234_Wreck_BRUV_D5,1:00:00
Feb_21,7/2/2021,Wreck,BRUV,D5,65,outer_reef,Sufflamen fraenatum,1,Feb_21_44234_Wreck_BRUV_D5,1:00:00
Feb_21,7/2/2021,Wreck,BRUV,D5,65,outer_reef,Carangoides orthogrammus,1,Feb_21_44234_Wreck_BRUV_D5,1:00:00
Feb_21,7/2/2021,Wreck,BRUV,D5,65,outer_reef,Carcharhinus albimarginatus,1,Feb_21_44234_Wreck_BRUV_D5,1:00:00
Feb_21,7/2/2021,Wreck,BRUV,D5,65,outer_reef,Chaetodon guentheri,2,Feb_21_44234_Wreck_BRUV_D5,1:00:00
Feb_21,7/2/2021,Wreck,BRUV,D5,65,outer_reef,Chaetodon kleinii,2,Feb_21_44234_Wreck_BRUV_D5,1:00:00
Feb_21,7/2/2021,Wreck,BRUV,D5,65,outer_reef,Chaetodon mertensii,1,Feb_21_44234_Wreck_BRUV_D5,1:00:00
Feb_21,7/2/2021,Wreck,BRUV,D5,65,outer_reef,Chaetodon pelewensis,1,Feb_21_44234_Wreck_BRUV_D5,1:00:00
Feb_21,7/2/2021,Wreck,BRUV,D5,65,outer_reef,Taeniurops meyeni,1,Feb_21_44234_Wreck_BRUV_D5,1:00:00
Feb_21,7/2/2021,Wreck,BRUV,D5,65,outer_reef,Anampses melanurus,1,Feb_21_44234_Wreck_BRUV_D5,1:00:00
Feb_21,7/2/2021,Wreck,BRUV,D5,65,outer_reef,Choerodon jordani,1,Feb_21_44234_Wreck_BRUV_D5,1:00:00
Feb_21,7/2/2021,Wreck,BRUV,D5,65,outer_reef,Coris pictoides,4,Feb_21_44234_Wreck_BRUV_D5,1:00:00
Feb_21,7/2/2021,Wreck,BRUV,D5,65,outer_reef,Halichoeres melasmapomus,1,Feb_21_44234_Wreck_BRUV_D5,1:00:00
Feb_21,7/2/2021,Wreck,BRUV,D5,65,outer_reef,Hologymnosus doliatus,1,Feb_21_44234_Wreck_BRUV_D5,1:00:00
Feb_21,7/2/2021,Wreck,BRUV,D5,65,outer_reef,Hologymnosus longipes,2,Feb_21_44234_Wreck_BRUV_D5,1:00:00
Feb_21,7/2/2021,Wreck,BRUV,D5,65,outer_reef,Labroides bicolor,1,Feb_21_44234_Wreck_BRUV_D5,1:00:00
Feb_21,7/2/2021,Wreck,BRUV,D5,65,outer_reef,Labroides dimidiatus,3,Feb_21_44234_Wreck_BRUV_D5,1:00:00
Feb_21,7/2/2021,Wreck,BRUV,D5,65,outer_reef,Labropsis australis,1,Feb_21_44234_Wreck_BRUV_D5,1:00:00
Feb_21,7/2/2021,Wreck,BRUV,D5,65,outer_reef,Pseudocheilinus evanidus,1,Feb_21_44234_Wreck_BRUV_D5,1:00:00
Feb_21,7/2/2021,Wreck,BRUV,D5,65,outer_reef,Pseudodax moluccanus,2,Feb_21_44234_Wreck_BRUV_D5,1:00:00
Feb_21,7/2/2021,Wreck,BRUV,D5,65,outer_reef,Pseudojuloides cerasinus,1,Feb_21_44234_Wreck_BRUV_D5,1:00:00
Feb_21,7/2/2021,Wreck,BRUV,D5,65,outer_reef,Gymnocranius euanus,3,Feb_21_44234_Wreck_BRUV_D5,1:00:00
Feb_21,7/2/2021,Wreck,BRUV,D5,65,outer_reef,Monotaxis grandoculis,1,Feb_21_44234_Wreck_BRUV_D5,1:00:00
Feb_21,7/2/2021,Wreck,BRUV,D5,65,outer_reef,Aprion virescens,1,Feb_21_44234_Wreck_BRUV_D5,1:00:00
Feb_21,7/2/2021,Wreck,BRUV,D5,65,outer_reef,Lutjanus bohar,1,Feb_21_44234_Wreck_BRUV_D5,1:00:00
Feb_21,7/2/2021,Wreck,BRUV,D5,65,outer_reef,Malacanthus brevirostris,2,Feb_21_44234_Wreck_BRUV_D5,1:00:00
Feb_21,7/2/2021,Wreck,BRUV,D5,65,outer_reef,Parupeneus multifasciatus,1,Feb_21_44234_Wreck_BRUV_D5,1:00:00
Feb_21,7/2/2021,Wreck,BRUV,D5,65,outer_reef,Parupeneus pleurostigma,3,Feb_21_44234_Wreck_BRUV_D5,1:00:00
Feb_21,7/2/2021,Wreck,BRUV,D5,65,outer_reef,Ostracion cubicus,1,Feb_21_44234_Wreck_BRUV_D5,1:00:00
Feb_21,7/2/2021,Wreck,BRUV,D5,65,outer_reef,Genicanthus melanospilos,2,Feb_21_44234_Wreck_BRUV_D5,1:00:00
Feb_21,7/2/2021,Wreck,BRUV,D5,65,outer_reef,Genicanthus watanabei,11,Feb_21_44234_Wreck_BRUV_D5,1:00:00
Feb_21,7/2/2021,Wreck,BRUV,D5,65,outer_reef,Chromis chrysura,3,Feb_21_44234_Wreck_BRUV_D5,1:00:00
Feb_21,7/2/2021,Wreck,BRUV,D5,65,outer_reef,Chromis flavomaculata,10,Feb_21_44234_Wreck_BRUV_D5,1:00:00
Feb_21,7/2/2021,Wreck,BRUV,D5,65,outer_reef,Chromis margaritifer,9,Feb_21_44234_Wreck_BRUV_D5,1:00:00
Feb_21,7/2/2021,Wreck,BRUV,D5,65,outer_reef,Dascyllus trimaculatus,2,Feb_21_44234_Wreck_BRUV_D5,1:00:00
Feb_21,7/2/2021,Wreck,BRUV,D5,65,outer_reef,Scarus longipinnis,2,Feb_21_44234_Wreck_BRUV_D5,1:00:00
Feb_21,7/2/2021,Wreck,BRUV,D5,65,outer_reef,Cephalopholis miniata,2,Feb_21_44234_Wreck_BRUV_D5,1:00:00
Feb_21,7/2/2021,Wreck,BRUV,D5,65,outer_reef,Pseudanthias cooperi,50,Feb_21_44234_Wreck_BRUV_D5,1:00:00
Feb_21,7/2/2021,Wreck,BRUV,D5,65,outer_reef,Pseudanthias hypselosoma,4,Feb_21_44234_Wreck_BRUV_D5,1:00:00
Feb_21,7/2/2021,Wreck,BRUV,D5,65,outer_reef,Pseudanthias pictilis,15,Feb_21_44234_Wreck_BRUV_D5,1:00:00
Feb_21,7/2/2021,Wreck,BRUV,D5,65,outer_reef,Pseudanthias pleurotaenia,5,Feb_21_44234_Wreck_BRUV_D5,1:00:00
Feb_23,28/2/2023,Ashmore,BRUV,D1,20,lagoon,Acanthurus nigrofuscus,2,Feb_23_44985_Ashmore_BRUV_D1,1:00:00
Feb_23,28/2/2023,Ashmore,BRUV,D1,20,lagoon,Ctenochaetus sp,2,Feb_23_44985_Ashmore_BRUV_D1,1:00:00
Feb_23,28/2/2023,Ashmore,BRUV,D1,20,lagoon,Pseudobalistes flavimarginatus,1,Feb_23_44985_Ashmore_BRUV_D1,1:00:00
Feb_23,28/2/2023,Ashmore,BRUV,D1,20,lagoon,Chaetodon auriga,1,Feb_23_44985_Ashmore_BRUV_D1,1:00:00
Feb_23,28/2/2023,Ashmore,BRUV,D1,20,lagoon,Chaetodon kleinii,3,Feb_23_44985_Ashmore_BRUV_D1,1:00:00
Feb_23,28/2/2023,Ashmore,BRUV,D1,20,lagoon,Chaetodon lunulatus,2,Feb_23_44985_Ashmore_BRUV_D1,1:00:00
Feb_23,28/2/2023,Ashmore,BRUV,D1,20,lagoon,Chaetodon mertensii,1,Feb_23_44985_Ashmore_BRUV_D1,1:00:00
Feb_23,28/2/2023,Ashmore,BRUV,D1,20,lagoon,Chaetodon plebeius,2,Feb_23_44985_Ashmore_BRUV_D1,1:00:00
Feb_23,28/2/2023,Ashmore,BRUV,D1,20,lagoon,Epinephelus merra,1,Feb_23_44985_Ashmore_BRUV_D1,1:00:00
Feb_23,28/2/2023,Ashmore,BRUV,D1,20,lagoon,Oxycheilinus sp,1,Feb_23_44985_Ashmore_BRUV_D1,1:00:00
Feb_23,28/2/2023,Ashmore,BRUV,D1,20,lagoon,Scarus longipinnis,1,Feb_23_44985_Ashmore_BRUV_D1,1:00:00
Feb_23,28/2/2023,Ashmore,BRUV,D1,20,lagoon,Lethrinus semicinctus,3,Feb_23_44985_Ashmore_BRUV_D1,1:00:00
Feb_23,28/2/2023,Ashmore,BRUV,D1,20,lagoon,Monotaxis grandoculis,1,Feb_23_44985_Ashmore_BRUV_D1,1:00:00
Feb_23,28/2/2023,Ashmore,BRUV,D1,20,lagoon,Parupeneus cyclostomus,2,Feb_23_44985_Ashmore_BRUV_D1,1:00:00
Feb_23,28/2/2023,Ashmore,BRUV,D1,20,lagoon,Parupeneus multifasciatus,2,Feb_23_44985_Ashmore_BRUV_D1,1:00:00
Feb_23,28/2/2023,Ashmore,BRUV,D1,20,lagoon,Parupeneus pleurostigma,1,Feb_23_44985_Ashmore_BRUV_D1,1:00:00
Feb_23,28/2/2023,Ashmore,BRUV,D1,20,lagoon,Pentapodus aureofasciatus,15,Feb_23_44985_Ashmore_BRUV_D1,1:00:00
Feb_23,28/2/2023,Ashmore,BRUV,D1,20,lagoon,Scolopsis bilineata,3,Feb_23_44985_Ashmore_BRUV_D1,1:00:00
Feb_23,28/2/2023,Ashmore,BRUV,D1,20,lagoon,Dascyllus aruanus,1,Feb_23_44985_Ashmore_BRUV_D1,1:00:00
Feb_23,28/2/2023,Ashmore,BRUV,D1,20,lagoon,Stegastes sp,3,Feb_23_44985_Ashmore_BRUV_D1,1:00:00
Feb_23,28/2/2023,Ashmore,BRUV,D1,20,lagoon,Pseudochromis fuscus,1,Feb_23_44985_Ashmore_BRUV_D1,1:00:00
Feb_23,28/2/2023,Ashmore,BRUV,D1,20,lagoon,Chlorurus microrhinos,1,Feb_23_44985_Ashmore_BRUV_D1,1:00:00
Feb_23,28/2/2023,Ashmore,BRUV,D1,20,lagoon,Scarus sp,5,Feb_23_44985_Ashmore_BRUV_D1,1:00:00
Feb_23,28/2/2023,Ashmore,BRUV,D1,20,lagoon,Cephalopholis microprion,2,Feb_23_44985_Ashmore_BRUV_D1,1:00:00
Feb_23,28/2/2023,Ashmore,BRUV,D1,20,lagoon,Cephalopholis sp,1,Feb_23_44985_Ashmore_BRUV_D1,1:00:00
Feb_23,28/2/2023,Ashmore,BRUV,D1,20,lagoon,Plectropomus leopardus,1,Feb_23_44985_Ashmore_BRUV_D1,1:00:00
Feb_23,28/2/2023,Ashmore,BRUV,D1,20,lagoon,Zanclus cornutus,3,Feb_23_44985_Ashmore_BRUV_D1,1:00:00
Feb_23,28/2/2023,Ashmore,BRUV,D2,24,lagoon,Acanthurus pyroferus,1,Feb_23_44985_Ashmore_BRUV_D2,1:00:00
Feb_23,28/2/2023,Ashmore,BRUV,D2,24,lagoon,Acanthurus sp,27,Feb_23_44985_Ashmore_BRUV_D2,1:00:00
Feb_23,28/2/2023,Ashmore,BRUV,D2,24,lagoon,Ctenochaetus binotatus,1,Feb_23_44985_Ashmore_BRUV_D2,1:00:00
Feb_23,28/2/2023,Ashmore,BRUV,D2,24,lagoon,Ctenochaetus sp,2,Feb_23_44985_Ashmore_BRUV_D2,1:00:00
Feb_23,28/2/2023,Ashmore,BRUV,D2,24,lagoon,Zebrasoma velifa,1,Feb_23_44985_Ashmore_BRUV_D2,1:00:00
Feb_23,28/2/2023,Ashmore,BRUV,D2,24,lagoon,Balistapus undulatus,1,Feb_23_44985_Ashmore_BRUV_D2,1:00:00
Feb_23,28/2/2023,Ashmore,BRUV,D2,24,lagoon,Carangoides sp,2,Feb_23_44985_Ashmore_BRUV_D2,1:00:00
Feb_23,28/2/2023,Ashmore,BRUV,D2,24,lagoon,NA sp,1,Feb_23_44985_Ashmore_BRUV_D2,1:00:00
Feb_23,28/2/2023,Ashmore,BRUV,D2,24,lagoon,Carcharhinus amblyrhynchos,1,Feb_23_44985_Ashmore_BRUV_D2,1:00:00
Feb_23,28/2/2023,Ashmore,BRUV,D2,24,lagoon,Triaenodon obesus,1,Feb_23_44985_Ashmore_BRUV_D2,1:00:00
Feb_23,28/2/2023,Ashmore,BRUV,D2,24,lagoon,Chaetodon auriga,2,Feb_23_44985_Ashmore_BRUV_D2,1:00:00
Feb_23,28/2/2023,Ashmore,BRUV,D2,24,lagoon,Chaetodon lineolatus,2,Feb_23_44985_Ashmore_BRUV_D2,1:00:00
Feb_23,28/2/2023,Ashmore,BRUV,D2,24,lagoon,Chaetodon lunulatus,1,Feb_23_44985_Ashmore_BRUV_D2,1:00:00
Feb_23,28/2/2023,Ashmore,BRUV,D2,24,lagoon,Chaetodon mertensii,2,Feb_23_44985_Ashmore_BRUV_D2,1:00:00
Feb_23,28/2/2023,Ashmore,BRUV,D2,24,lagoon,Epinephelus polyphekadion,1,Feb_23_44985_Ashmore_BRUV_D2,1:00:00
Feb_23,28/2/2023,Ashmore,BRUV,D2,24,lagoon,Bodianus loxozonus,1,Feb_23_44985_Ashmore_BRUV_D2,1:00:00
Feb_23,28/2/2023,Ashmore,BRUV,D2,24,lagoon,Cheilinus undulatus,1,Feb_23_44985_Ashmore_BRUV_D2,1:00:00
Feb_23,28/2/2023,Ashmore,BRUV,D2,24,lagoon,Labroides bicolor,1,Feb_23_44985_Ashmore_BRUV_D2,1:00:00
Feb_23,28/2/2023,Ashmore,BRUV,D2,24,lagoon,Labroides dimidiatus,2,Feb_23_44985_Ashmore_BRUV_D2,1:00:00
Feb_23,28/2/2023,Ashmore,BRUV,D2,24,lagoon,Oxycheilinus digrammus,1,Feb_23_44985_Ashmore_BRUV_D2,1:00:00
Feb_23,28/2/2023,Ashmore,BRUV,D2,24,lagoon,Oxycheilinus sp,1,Feb_23_44985_Ashmore_BRUV_D2,1:00:00
Feb_23,28/2/2023,Ashmore,BRUV,D2,24,lagoon,Thalassoma lunare,2,Feb_23_44985_Ashmore_BRUV_D2,1:00:00
Feb_23,28/2/2023,Ashmore,BRUV,D2,24,lagoon,Lethrinus semicinctus,5,Feb_23_44985_Ashmore_BRUV_D2,1:00:00
Feb_23,28/2/2023,Ashmore,BRUV,D2,24,lagoon,Parupeneus cyclostomus,7,Feb_23_44985_Ashmore_BRUV_D2,1:00:00
Feb_23,28/2/2023,Ashmore,BRUV,D2,24,lagoon,Parupeneus multifasciatus,1,Feb_23_44985_Ashmore_BRUV_D2,1:00:00
Feb_23,28/2/2023,Ashmore,BRUV,D2,24,lagoon,Pentapodus aureofasciatus,3,Feb_23_44985_Ashmore_BRUV_D2,1:00:00
Feb_23,28/2/2023,Ashmore,BRUV,D2,24,lagoon,Scolopsis bilineata,1,Feb_23_44985_Ashmore_BRUV_D2,1:00:00
Feb_23,28/2/2023,Ashmore,BRUV,D2,24,lagoon,Pomacentrus amboinensis,1,Feb_23_44985_Ashmore_BRUV_D2,1:00:00
Feb_23,28/2/2023,Ashmore,BRUV,D2,24,lagoon,Stegastes sp,1,Feb_23_44985_Ashmore_BRUV_D2,1:00:00
Feb_23,28/2/2023,Ashmore,BRUV,D2,24,lagoon,Chlorurus spilurus,2,Feb_23_44985_Ashmore_BRUV_D2,1:00:00
Feb_23,28/2/2023,Ashmore,BRUV,D2,24,lagoon,Scarus schlegeli,2,Feb_23_44985_Ashmore_BRUV_D2,1:00:00
Feb_23,28/2/2023,Ashmore,BRUV,D2,24,lagoon,Scarus sp,2,Feb_23_44985_Ashmore_BRUV_D2,1:00:00
Feb_23,28/2/2023,Ashmore,BRUV,D2,24,lagoon,Cephalopholis sp,2,Feb_23_44985_Ashmore_BRUV_D2,1:00:00
Feb_23,28/2/2023,Ashmore,BRUV,D2,24,lagoon,Plectropomus leopardus,5,Feb_23_44985_Ashmore_BRUV_D2,1:00:00
Feb_23,28/2/2023,Ashmore,BRUV,D2,24,lagoon,Siganus argenteus,1,Feb_23_44985_Ashmore_BRUV_D2,1:00:00
Feb_23,28/2/2023,Ashmore,BRUV,D2,24,lagoon,Sphyraena barracuda,1,Feb_23_44985_Ashmore_BRUV_D2,1:00:00
Feb_23,28/2/2023,Ashmore,BRUV,D2,24,lagoon,Zanclus cornutus,2,Feb_23_44985_Ashmore_BRUV_D2,1:00:00
Feb_23,28/2/2023,Ashmore,BRUV,D3,36,lagoon,Pseudobalistes flavimarginatus,2,Feb_23_44985_Ashmore_BRUV_D3,1:00:00
Feb_23,28/2/2023,Ashmore,BRUV,D3,36,lagoon,Carangoides ferdau,4,Feb_23_44985_Ashmore_BRUV_D3,1:00:00
Feb_23,28/2/2023,Ashmore,BRUV,D3,36,lagoon,Caranx papuensis,1,Feb_23_44985_Ashmore_BRUV_D3,1:00:00
Feb_23,28/2/2023,Ashmore,BRUV,D3,36,lagoon,Elagatis bipinnulata,5,Feb_23_44985_Ashmore_BRUV_D3,1:00:00
Feb_23,28/2/2023,Ashmore,BRUV,D3,36,lagoon,Gnathanodon speciosus,1,Feb_23_44985_Ashmore_BRUV_D3,1:00:00
Feb_23,28/2/2023,Ashmore,BRUV,D3,36,lagoon,Valenciennea longipinnis,2,Feb_23_44985_Ashmore_BRUV_D3,1:00:00
Feb_23,28/2/2023,Ashmore,BRUV,D3,36,lagoon,Gymnocranius grandoculis,1,Feb_23_44985_Ashmore_BRUV_D3,1:00:00
Feb_23,28/2/2023,Ashmore,BRUV,D3,36,lagoon,Gymnocranius sp,1,Feb_23_44985_Ashmore_BRUV_D3,1:00:00
Feb_23,28/2/2023,Ashmore,BRUV,D3,36,lagoon,NA sp,1,Feb_23_44985_Ashmore_BRUV_D3,1:00:00
Feb_23,28/2/2023,Ashmore,BRUV,D4,32,lagoon,Acanthurus sp,2,Feb_23_44985_Ashmore_BRUV_D4,1:00:00
Feb_23,28/2/2023,Ashmore,BRUV,D4,32,lagoon,Balistapus undulatus,1,Feb_23_44985_Ashmore_BRUV_D4,1:00:00
Feb_23,28/2/2023,Ashmore,BRUV,D4,32,lagoon,Carangoides ferdau,2,Feb_23_44985_Ashmore_BRUV_D4,1:00:00
Feb_23,28/2/2023,Ashmore,BRUV,D4,32,lagoon,Carcharhinus amblyrhynchos,1,Feb_23_44985_Ashmore_BRUV_D4,1:00:00
Feb_23,28/2/2023,Ashmore,BRUV,D4,32,lagoon,Chaetodon auriga,2,Feb_23_44985_Ashmore_BRUV_D4,1:00:00
Feb_23,28/2/2023,Ashmore,BRUV,D4,32,lagoon,Coradion altivelis,2,Feb_23_44985_Ashmore_BRUV_D4,1:00:00
Feb_23,28/2/2023,Ashmore,BRUV,D4,32,lagoon,Coradion sp,1,Feb_23_44985_Ashmore_BRUV_D4,1:00:00
Feb_23,28/2/2023,Ashmore,BRUV,D4,32,lagoon,Heniochus singularius,1,Feb_23_44985_Ashmore_BRUV_D4,1:00:00
Feb_23,28/2/2023,Ashmore,BRUV,D4,32,lagoon,Diagramma pictum,1,Feb_23_44985_Ashmore_BRUV_D4,1:00:00
Feb_23,28/2/2023,Ashmore,BRUV,D4,32,lagoon,Lethrinus erythracanthus,1,Feb_23_44985_Ashmore_BRUV_D4,1:00:00
Feb_23,28/2/2023,Ashmore,BRUV,D4,32,lagoon,Parupeneus cyclostomus,1,Feb_23_44985_Ashmore_BRUV_D4,1:00:00
Feb_23,28/2/2023,Ashmore,BRUV,D4,32,lagoon,Parupeneus heptacanthus,1,Feb_23_44985_Ashmore_BRUV_D4,1:00:00
Feb_23,28/2/2023,Ashmore,BRUV,D4,32,lagoon,Parupeneus multifasciatus,1,Feb_23_44985_Ashmore_BRUV_D4,1:00:00
Feb_23,28/2/2023,Ashmore,BRUV,D4,32,lagoon,Pentapodus aureofasciatus,2,Feb_23_44985_Ashmore_BRUV_D4,1:00:00
Feb_23,28/2/2023,Ashmore,BRUV,D4,32,lagoon,Scolopsis bilineata,2,Feb_23_44985_Ashmore_BRUV_D4,1:00:00
Feb_23,28/2/2023,Ashmore,BRUV,D4,32,lagoon,Parapercis sp,1,Feb_23_44985_Ashmore_BRUV_D4,1:00:00
Feb_23,28/2/2023,Ashmore,BRUV,D4,32,lagoon,Scarus schlegeli,1,Feb_23_44985_Ashmore_BRUV_D4,1:00:00
Feb_23,28/2/2023,Ashmore,BRUV,D4,32,lagoon,Scarus sp,2,Feb_23_44985_Ashmore_BRUV_D4,1:00:00
Feb_23,28/2/2023,Ashmore,BRUV,D4,32,lagoon,Cephalopholis sp,1,Feb_23_44985_Ashmore_BRUV_D4,1:00:00
Feb_23,28/2/2023,Ashmore,BRUV,D5,25,lagoon,Acanthurus auranticavus,1,Feb_23_44985_Ashmore_BRUV_D5,1:00:00
Feb_23,28/2/2023,Ashmore,BRUV,D5,25,lagoon,Acanthurus sp,30,Feb_23_44985_Ashmore_BRUV_D5,1:00:00
Feb_23,28/2/2023,Ashmore,BRUV,D5,25,lagoon,Ctenochaetus striatus,2,Feb_23_44985_Ashmore_BRUV_D5,1:00:00
Feb_23,28/2/2023,Ashmore,BRUV,D5,25,lagoon,Naso brevirostris,1,Feb_23_44985_Ashmore_BRUV_D5,1:00:00
Feb_23,28/2/2023,Ashmore,BRUV,D5,25,lagoon,Balistapus undulatus,1,Feb_23_44985_Ashmore_BRUV_D5,1:00:00
Feb_23,28/2/2023,Ashmore,BRUV,D5,25,lagoon,Triaenodon obesus,1,Feb_23_44985_Ashmore_BRUV_D5,1:00:00
Feb_23,28/2/2023,Ashmore,BRUV,D5,25,lagoon,Chaetodon auriga,2,Feb_23_44985_Ashmore_BRUV_D5,1:00:00
Feb_23,28/2/2023,Ashmore,BRUV,D5,25,lagoon,Forcipiger longirostris,3,Feb_23_44985_Ashmore_BRUV_D5,1:00:00
Feb_23,28/2/2023,Ashmore,BRUV,D5,25,lagoon,Heniochus chrysostomus,1,Feb_23_44985_Ashmore_BRUV_D5,1:00:00
Feb_23,28/2/2023,Ashmore,BRUV,D5,25,lagoon,Epinephelus polyphekadion,2,Feb_23_44985_Ashmore_BRUV_D5,1:00:00
Feb_23,28/2/2023,Ashmore,BRUV,D5,25,lagoon,Bodianus mesothorax,1,Feb_23_44985_Ashmore_BRUV_D5,1:00:00
Feb_23,28/2/2023,Ashmore,BRUV,D5,25,lagoon,Cheilinus fasciatus,2,Feb_23_44985_Ashmore_BRUV_D5,1:00:00
Feb_23,28/2/2023,Ashmore,BRUV,D5,25,lagoon,Halichoeres melanurus,3,Feb_23_44985_Ashmore_BRUV_D5,1:00:00
Feb_23,28/2/2023,Ashmore,BRUV,D5,25,lagoon,Halichoeres sp,1,Feb_23_44985_Ashmore_BRUV_D5,1:00:00
Feb_23,28/2/2023,Ashmore,BRUV,D5,25,lagoon,Labroides dimidiatus,3,Feb_23_44985_Ashmore_BRUV_D5,1:00:00
Feb_23,28/2/2023,Ashmore,BRUV,D5,25,lagoon,Oxycheilinus celebicus,2,Feb_23_44985_Ashmore_BRUV_D5,1:00:00
Feb_23,28/2/2023,Ashmore,BRUV,D5,25,lagoon,Oxycheilinus sp,1,Feb_23_44985_Ashmore_BRUV_D5,1:00:00
Feb_23,28/2/2023,Ashmore,BRUV,D5,25,lagoon,Lethrinus semicinctus,4,Feb_23_44985_Ashmore_BRUV_D5,1:00:00
Feb_23,28/2/2023,Ashmore,BRUV,D5,25,lagoon,Monotaxis sp,1,Feb_23_44985_Ashmore_BRUV_D5,1:00:00
Feb_23,28/2/2023,Ashmore,BRUV,D5,25,lagoon,Lutjanus bohar,1,Feb_23_44985_Ashmore_BRUV_D5,1:00:00
Feb_23,28/2/2023,Ashmore,BRUV,D5,25,lagoon,Macolor niger,1,Feb_23_44985_Ashmore_BRUV_D5,1:00:00
Feb_23,28/2/2023,Ashmore,BRUV,D5,25,lagoon,Parupeneus multifasciatus,1,Feb_23_44985_Ashmore_BRUV_D5,1:00:00
Feb_23,28/2/2023,Ashmore,BRUV,D5,25,lagoon,Pentapodus aureofasciatus,5,Feb_23_44985_Ashmore_BRUV_D5,1:00:00
Feb_23,28/2/2023,Ashmore,BRUV,D5,25,lagoon,Scolopsis bilineata,2,Feb_23_44985_Ashmore_BRUV_D5,1:00:00
Feb_23,28/2/2023,Ashmore,BRUV,D5,25,lagoon,Pygoplites diacanthus,2,Feb_23_44985_Ashmore_BRUV_D5,1:00:00
Feb_23,28/2/2023,Ashmore,BRUV,D5,25,lagoon,Stegastes sp,1,Feb_23_44985_Ashmore_BRUV_D5,1:00:00
Feb_23,28/2/2023,Ashmore,BRUV,D5,25,lagoon,Pseudochromis fuscus,1,Feb_23_44985_Ashmore_BRUV_D5,1:00:00
Feb_23,28/2/2023,Ashmore,BRUV,D5,25,lagoon,Chlorurus microrhinos,1,Feb_23_44985_Ashmore_BRUV_D5,1:00:00
Feb_23,28/2/2023,Ashmore,BRUV,D5,25,lagoon,Scarus chameleon,1,Feb_23_44985_Ashmore_BRUV_D5,1:00:00
Feb_23,28/2/2023,Ashmore,BRUV,D5,25,lagoon,Scarus flavipectoralis,3,Feb_23_44985_Ashmore_BRUV_D5,1:00:00
Feb_23,28/2/2023,Ashmore,BRUV,D5,25,lagoon,Scarus schlegeli,2,Feb_23_44985_Ashmore_BRUV_D5,1:00:00
Feb_23,28/2/2023,Ashmore,BRUV,D5,25,lagoon,Scarus sp,2,Feb_23_44985_Ashmore_BRUV_D5,1:00:00
Feb_23,28/2/2023,Ashmore,BRUV,D5,25,lagoon,Plectropomus laevis,1,Feb_23_44985_Ashmore_BRUV_D5,1:00:00
Feb_23,28/2/2023,Ashmore,BRUV,D5,25,lagoon,Plectropomus leopardus,2,Feb_23_44985_Ashmore_BRUV_D5,1:00:00
Feb_23,28/2/2023,Ashmore,BRUV,D5,25,lagoon,Zanclus cornutus,3,Feb_23_44985_Ashmore_BRUV_D5,1:00:00
Feb_23,28/2/2023,Ashmore,BRUV,D1,38,lagoon,Caesio lunaris,2,Feb_23_44985_Ashmore_BRUV_D1,1:00:00
Feb_23,3/3/2023,Ashmore,BRUV,D1,38,lagoon,Carangoides ferdau,4,Feb_23_44988_Ashmore_BRUV_D1,1:00:00
Feb_23,3/3/2023,Ashmore,BRUV,D1,38,lagoon,Carcharhinus amblyrhynchos,1,Feb_23_44988_Ashmore_BRUV_D1,1:00:00
Feb_23,3/3/2023,Ashmore,BRUV,D1,38,lagoon,Heteroconga hassi,13,Feb_23_44988_Ashmore_BRUV_D1,1:00:00
Feb_23,3/3/2023,Ashmore,BRUV,D1,38,lagoon,Amblyeleotris sp,1,Feb_23_44988_Ashmore_BRUV_D1,1:00:00
Feb_23,3/3/2023,Ashmore,BRUV,D1,38,lagoon,Lutjanus bohar,1,Feb_23_44988_Ashmore_BRUV_D1,1:00:00
Feb_23,3/3/2023,Ashmore,BRUV,D1,38,lagoon,Lutjanus sp,1,Feb_23_44988_Ashmore_BRUV_D1,1:00:00
Feb_23,3/3/2023,Ashmore,BRUV,D1,38,lagoon,Symphorichthys sp,1,Feb_23_44988_Ashmore_BRUV_D1,1:00:00
Feb_23,3/3/2023,Ashmore,BRUV,D1,38,lagoon,Parupeneus heptacanthus,9,Feb_23_44988_Ashmore_BRUV_D1,1:00:00
Feb_23,3/3/2023,Ashmore,BRUV,D2,40,lagoon,Abalistes stellatus,1,Feb_23_44988_Ashmore_BRUV_D2,1:00:00
Feb_23,3/3/2023,Ashmore,BRUV,D2,40,lagoon,Pseudobalistes flavimarginatus,1,Feb_23_44988_Ashmore_BRUV_D2,1:00:00
Feb_23,3/3/2023,Ashmore,BRUV,D2,40,lagoon,NA sp,1,Feb_23_44988_Ashmore_BRUV_D2,1:00:00
Feb_23,3/3/2023,Ashmore,BRUV,D2,40,lagoon,Carangoides ferdau,5,Feb_23_44988_Ashmore_BRUV_D2,1:00:00
Feb_23,3/3/2023,Ashmore,BRUV,D2,40,lagoon,Carangoides orthogrammus,1,Feb_23_44988_Ashmore_BRUV_D2,1:00:00
Feb_23,3/3/2023,Ashmore,BRUV,D2,40,lagoon,Gnathanodon speciosus,1,Feb_23_44988_Ashmore_BRUV_D2,1:00:00
Feb_23,3/3/2023,Ashmore,BRUV,D2,40,lagoon,Carcharhinus amblyrhynchos,1,Feb_23_44988_Ashmore_BRUV_D2,1:00:00
Feb_23,3/3/2023,Ashmore,BRUV,D2,40,lagoon,Cyprinocirrhites polyactis,5,Feb_23_44988_Ashmore_BRUV_D2,1:00:00
Feb_23,3/3/2023,Ashmore,BRUV,D2,40,lagoon,Oxycheilinus bimaculatus,2,Feb_23_44988_Ashmore_BRUV_D2,1:00:00
Feb_23,3/3/2023,Ashmore,BRUV,D2,40,lagoon,Gymnocranius superciliosus,1,Feb_23_44988_Ashmore_BRUV_D2,1:00:00
Feb_23,3/3/2023,Ashmore,BRUV,D2,40,lagoon,Lutjanus gibbus,3,Feb_23_44988_Ashmore_BRUV_D2,1:00:00
Feb_23,3/3/2023,Ashmore,BRUV,D2,40,lagoon,Lutjanus sp,7,Feb_23_44988_Ashmore_BRUV_D2,1:00:00
Feb_23,3/3/2023,Ashmore,BRUV,D2,40,lagoon,Paramonacanthus sp,1,Feb_23_44988_Ashmore_BRUV_D2,1:00:00
Feb_23,3/3/2023,Ashmore,BRUV,D2,40,lagoon,NA sp,30,Feb_23_44988_Ashmore_BRUV_D2,1:00:00
Feb_23,3/3/2023,Ashmore,BRUV,D5,43,lagoon,Pseudobalistes sp,1,Feb_23_44988_Ashmore_BRUV_D5,1:00:00
Feb_23,3/3/2023,Ashmore,BRUV,D5,43,lagoon,Carangoides fulvoguttatus,1,Feb_23_44988_Ashmore_BRUV_D5,1:00:00
Feb_23,3/3/2023,Ashmore,BRUV,D5,43,lagoon,Carangoides sp,3,Feb_23_44988_Ashmore_BRUV_D5,1:00:00
Feb_23,3/3/2023,Ashmore,BRUV,D5,43,lagoon,Gymnocranius sp,1,Feb_23_44988_Ashmore_BRUV_D5,1:00:00
Feb_23,3/3/2023,Ashmore,BRUV,D5,43,lagoon,Symphorichthys spilurus,1,Feb_23_44988_Ashmore_BRUV_D5,1:00:00
Feb_21,6/2/2021,Saumarez,ROV,Dive_1_T1,29.6,inner_reef,Chaetodon vagabundus,1,Feb_21_44233_Saumarez_ROV_Dive_1_T1,0:03:20
Feb_21,6/2/2021,Saumarez,ROV,Dive_1_T1,29.6,inner_reef,Chaetodon vagabundus,1,Feb_21_44233_Saumarez_ROV_Dive_1_T1,0:03:20
Feb_21,6/2/2021,Saumarez,ROV,Dive_1_T1,29.6,inner_reef,Sufflamen chrysopterum,2,Feb_21_44233_Saumarez_ROV_Dive_1_T1,0:03:20
Feb_21,6/2/2021,Saumarez,ROV,Dive_1_T1,29.6,inner_reef,Parupeneus pleurostigma,4,Feb_21_44233_Saumarez_ROV_Dive_1_T1,0:03:20
Feb_21,6/2/2021,Saumarez,ROV,Dive_1_T1,29.6,inner_reef,Parupeneus pleurostigma,6,Feb_21_44233_Saumarez_ROV_Dive_1_T1,0:03:20
Feb_21,6/2/2021,Saumarez,ROV,Dive_1_T1,29.6,inner_reef,Parupeneus pleurostigma,1,Feb_21_44233_Saumarez_ROV_Dive_1_T1,0:03:20
Feb_21,6/2/2021,Saumarez,ROV,Dive_1_T1,29.6,inner_reef,Pseudobalistes fuscus,1,Feb_21_44233_Saumarez_ROV_Dive_1_T1,0:03:20
Feb_21,6/2/2021,Saumarez,ROV,Dive_1_T2,29.6,inner_reef,Arothron stellatus,1,Feb_21_44233_Saumarez_ROV_Dive_1_T2,0:03:20
Feb_21,6/2/2021,Saumarez,ROV,Dive_1_T2,29.6,inner_reef,Dascyllus reticulatus,1,Feb_21_44233_Saumarez_ROV_Dive_1_T2,0:03:20
Feb_21,6/2/2021,Saumarez,ROV,Dive_1_T2,29.6,inner_reef,Dascyllus trimaculatus,1,Feb_21_44233_Saumarez_ROV_Dive_1_T2,0:03:20
Feb_21,6/2/2021,Saumarez,ROV,Dive_1_T2,29.6,inner_reef,Dascyllus reticulatus,6,Feb_21_44233_Saumarez_ROV_Dive_1_T2,0:03:20
Feb_21,6/2/2021,Saumarez,ROV,Dive_1_T2,29.6,inner_reef,Dascyllus reticulatus,1,Feb_21_44233_Saumarez_ROV_Dive_1_T2,0:03:20
Feb_21,6/2/2021,Saumarez,ROV,Dive_1_T2,29.6,inner_reef,Centropyge tibicen,1,Feb_21_44233_Saumarez_ROV_Dive_1_T2,0:03:20
Feb_21,6/2/2021,Saumarez,ROV,Dive_1_T2,29.6,inner_reef,Dascyllus trimaculatus,1,Feb_21_44233_Saumarez_ROV_Dive_1_T2,0:03:20
Feb_21,6/2/2021,Saumarez,ROV,Dive_1_T2,29.6,inner_reef,Dascyllus trimaculatus,1,Feb_21_44233_Saumarez_ROV_Dive_1_T2,0:03:20
Feb_21,6/2/2021,Saumarez,ROV,Dive_1_T2,29.6,inner_reef,Dascyllus trimaculatus,1,Feb_21_44233_Saumarez_ROV_Dive_1_T2,0:03:20
Feb_21,6/2/2021,Saumarez,ROV,Dive_1_T2,29.6,inner_reef,Dascyllus trimaculatus,1,Feb_21_44233_Saumarez_ROV_Dive_1_T2,0:03:20
Feb_21,6/2/2021,Saumarez,ROV,Dive_1_T2,29.6,inner_reef,Dascyllus trimaculatus,1,Feb_21_44233_Saumarez_ROV_Dive_1_T2,0:03:20
Feb_21,6/2/2021,Saumarez,ROV,Dive_1_T2,29.6,inner_reef,Chaetodon mertensii,2,Feb_21_44233_Saumarez_ROV_Dive_1_T2,0:03:20
Feb_21,6/2/2021,Saumarez,ROV,Dive_1_T2,29.6,inner_reef,Chaetodon lineolatus,1,Feb_21_44233_Saumarez_ROV_Dive_1_T2,0:03:20
Feb_21,6/2/2021,Saumarez,ROV,Dive_1_T2,29.6,inner_reef,Paracirrhites arcatus,1,Feb_21_44233_Saumarez_ROV_Dive_1_T2,0:03:20
Feb_21,6/2/2021,Saumarez,ROV,Dive_1_T2,29.6,inner_reef,Cantherhines dumerilii,1,Feb_21_44233_Saumarez_ROV_Dive_1_T2,0:03:20
Feb_21,6/2/2021,Saumarez,ROV,Dive_1_T2,29.6,inner_reef,Acanthurus xanthopterus,1,Feb_21_44233_Saumarez_ROV_Dive_1_T2,0:03:20
Feb_21,6/2/2021,Saumarez,ROV,Dive_1_T2,29.6,inner_reef, Parupeneus pleurostigma,1,Feb_21_44233_Saumarez_ROV_Dive_1_T2,0:03:20
Feb_21,6/2/2021,Saumarez,ROV,Dive_1_T3,29.6,inner_reef,Chilomycterus reticulatus,1,Feb_21_44233_Saumarez_ROV_Dive_1_T3,0:03:20
Feb_21,6/2/2021,Saumarez,ROV,Dive_1_T3,29.8,inner_reef,Dascyllus trimaculatus,2,Feb_21_44233_Saumarez_ROV_Dive_1_T3,0:03:20
Feb_21,6/2/2021,Saumarez,ROV,Dive_1_T3,29.8,inner_reef, Dascyllus reticulatus,3,Feb_21_44233_Saumarez_ROV_Dive_1_T3,0:03:20
Feb_21,6/2/2021,Saumarez,ROV,Dive_1_T3,29.8,inner_reef,Chaetodon mertensii,1,Feb_21_44233_Saumarez_ROV_Dive_1_T3,0:03:20
Feb_21,6/2/2021,Saumarez,ROV,Dive_1_T3,29.8,inner_reef,Chaetodon mertensii,1,Feb_21_44233_Saumarez_ROV_Dive_1_T3,0:03:20
Feb_21,6/2/2021,Saumarez,ROV,Dive_1_T3,29.8,inner_reef,Chaetodon mertensii,1,Feb_21_44233_Saumarez_ROV_Dive_1_T3,0:03:20
Feb_21,6/2/2021,Saumarez,ROV,Dive_1_T3,29.8,inner_reef,Coris pictoides,2,Feb_21_44233_Saumarez_ROV_Dive_1_T3,0:03:20
Feb_21,6/2/2021,Saumarez,ROV,Dive_1_T3,29.8,inner_reef,Coris pictoides,5,Feb_21_44233_Saumarez_ROV_Dive_1_T3,0:03:20
Feb_21,6/2/2021,Saumarez,ROV,Dive_1_T4,29.8,inner_reef,Coris pictoides,1,Feb_21_44233_Saumarez_ROV_Dive_1_T4,0:03:20
Feb_21,6/2/2021,Saumarez,ROV,Dive_1_T4,29.6,inner_reef,Chaetodon mertensii,2,Feb_21_44233_Saumarez_ROV_Dive_1_T4,0:03:20
Feb_21,6/2/2021,Saumarez,ROV,Dive_1_T4,29.6,inner_reef,Siganus argenteus,1,Feb_21_44233_Saumarez_ROV_Dive_1_T4,0:03:20
Feb_21,6/2/2021,Saumarez,ROV,Dive_1_T4,29.6,inner_reef,Siganus argenteus,1,Feb_21_44233_Saumarez_ROV_Dive_1_T4,0:03:20
Feb_21,6/2/2021,Saumarez,ROV,Dive_1_T4,29.6,inner_reef,Siganus argenteus,1,Feb_21_44233_Saumarez_ROV_Dive_1_T4,0:03:20
Feb_21,6/2/2021,Saumarez,ROV,Dive_1_T4,29.6,inner_reef,Gymnocranius euanus,1,Feb_21_44233_Saumarez_ROV_Dive_1_T4,0:03:20
Feb_21,6/2/2021,Saumarez,ROV,Dive_1_T4,29.6,inner_reef,Siganus argenteus,1,Feb_21_44233_Saumarez_ROV_Dive_1_T4,0:03:20
Feb_21,6/2/2021,Saumarez,ROV,Dive_1_T4,29.6,inner_reef,Parupeneus multifasciatus,1,Feb_21_44233_Saumarez_ROV_Dive_1_T4,0:03:20
Feb_21,6/2/2021,Saumarez,ROV,Dive_1_T4,29.6,inner_reef,Gymnocranius euanus,1,Feb_21_44233_Saumarez_ROV_Dive_1_T4,0:03:20
Feb_21,6/2/2021,Saumarez,ROV,Dive_1_T4,29.6,inner_reef,Acanthurus blochii,2,Feb_21_44233_Saumarez_ROV_Dive_1_T4,0:03:20
Feb_21,6/2/2021,Saumarez,ROV,Dive_1_T4,29.6,inner_reef,Gymnocranius euanus,1,Feb_21_44233_Saumarez_ROV_Dive_1_T4,0:03:20
Feb_21,6/2/2021,Saumarez,ROV,Dive_1_T4,29.6,inner_reef,Gymnocranius euanus,1,Feb_21_44233_Saumarez_ROV_Dive_1_T4,0:03:20
Feb_21,6/2/2021,Saumarez,ROV,Dive_1_T4,29.6,inner_reef,Gymnocranius euanus,1,Feb_21_44233_Saumarez_ROV_Dive_1_T4,0:03:20
Feb_21,6/2/2021,Saumarez,ROV,Dive_1_T4,29.6,inner_reef,Gymnocranius euanus,1,Feb_21_44233_Saumarez_ROV_Dive_1_T4,0:03:20
Feb_21,6/2/2021,Saumarez,ROV,Dive_1_T4,29.6,inner_reef,Gymnocranius sp,1,Feb_21_44233_Saumarez_ROV_Dive_1_T4,0:03:20
Feb_21,6/2/2021,Saumarez,ROV,Dive_1_T4,29.6,inner_reef,Pseudocaranx sp,1,Feb_21_44233_Saumarez_ROV_Dive_1_T4,0:03:20
Feb_21,6/2/2021,Saumarez,ROV,Dive_1_T4,29.6,inner_reef,Pseudocaranx sp,1,Feb_21_44233_Saumarez_ROV_Dive_1_T4,0:03:20
Feb_21,6/2/2021,Saumarez,ROV,Dive_1_T4,29.6,inner_reef,Pseudocaranx sp,1,Feb_21_44233_Saumarez_ROV_Dive_1_T4,0:03:20
Feb_21,6/2/2021,Saumarez,ROV,Dive_1_T4,29.6,inner_reef,Pseudocaranx sp,1,Feb_21_44233_Saumarez_ROV_Dive_1_T4,0:03:20
Feb_21,6/2/2021,Saumarez,ROV,Dive_1_T4,29.6,inner_reef,Pseudocaranx sp,1,Feb_21_44233_Saumarez_ROV_Dive_1_T4,0:03:20
Feb_21,6/2/2021,Saumarez,ROV,Dive_1_T5,29.6,inner_reef,NA,1,Feb_21_44233_Saumarez_ROV_Dive_1_T5,0:03:20
Feb_21,6/2/2021,Saumarez,ROV,Dive_1_T5,29.5,inner_reef,Labroides dimidiatus,2,Feb_21_44233_Saumarez_ROV_Dive_1_T5,0:03:20
Feb_21,6/2/2021,Saumarez,ROV,Dive_1_T5,29.5,inner_reef,Gymnocranius euanus,1,Feb_21_44233_Saumarez_ROV_Dive_1_T5,0:03:20
Feb_21,6/2/2021,Saumarez,ROV,Dive_1_T5,29.5,inner_reef,Acanthurus dussumieri,1,Feb_21_44233_Saumarez_ROV_Dive_1_T5,0:03:20
Feb_21,6/2/2021,Saumarez,ROV,Dive_1_T5,29.5,inner_reef,Acanthurus dussumieri,2,Feb_21_44233_Saumarez_ROV_Dive_1_T5,0:03:20
Feb_21,6/2/2021,Saumarez,ROV,Dive_1_T5,29.5,inner_reef,Acanthurus dussumieri,2,Feb_21_44233_Saumarez_ROV_Dive_1_T5,0:03:20
Feb_21,6/2/2021,Saumarez,ROV,Dive_1_T5,29.5,inner_reef,Balistoides viridescens,1,Feb_21_44233_Saumarez_ROV_Dive_1_T5,0:03:20
Feb_21,6/2/2021,Saumarez,ROV,Dive_1_T5,29.5,inner_reef,Acanthurus dussumieri,1,Feb_21_44233_Saumarez_ROV_Dive_1_T5,0:03:20
Feb_21,6/2/2021,Saumarez,ROV,Dive_1_T5,29.5,inner_reef,Gymnocranius superciliosus,1,Feb_21_44233_Saumarez_ROV_Dive_1_T5,0:03:20
Feb_21,6/2/2021,Saumarez,ROV,Dive_1_T5,29.5,inner_reef,Acanthurus dussumieri,1,Feb_21_44233_Saumarez_ROV_Dive_1_T5,0:03:20
Feb_21,6/2/2021,Saumarez,ROV,Dive_1_T5,29.5,inner_reef,Acanthurus dussumieri,1,Feb_21_44233_Saumarez_ROV_Dive_1_T5,0:03:20
Feb_21,6/2/2021,Saumarez,ROV,Dive_1_T5,29.5,inner_reef,Acanthurus dussumieri,1,Feb_21_44233_Saumarez_ROV_Dive_1_T5,0:03:20
Feb_21,6/2/2021,Saumarez,ROV,Dive_1_T5,29.5,inner_reef,Gymnocranius euanus,1,Feb_21_44233_Saumarez_ROV_Dive_1_T5,0:03:20
Feb_21,6/2/2021,Saumarez,ROV,Dive_1_T5,29.5,inner_reef,Acanthurus dussumieri,2,Feb_21_44233_Saumarez_ROV_Dive_1_T5,0:03:20
Feb_21,6/2/2021,Saumarez,ROV,Dive_1_T5,29.5,inner_reef,Naso hexacanthus,1,Feb_21_44233_Saumarez_ROV_Dive_1_T5,0:03:20
Feb_21,6/2/2021,Saumarez,ROV,Dive_1_T5,29.5,inner_reef,Acanthurus dussumieri,2,Feb_21_44233_Saumarez_ROV_Dive_1_T5,0:03:20
Feb_21,6/2/2021,Saumarez,ROV,Dive_1_T5,29.5,inner_reef,Naso tonganus,2,Feb_21_44233_Saumarez_ROV_Dive_1_T5,0:03:20
Feb_21,6/2/2021,Saumarez,ROV,Dive_1_T5,29.5,inner_reef,Naso hexacanthus,1,Feb_21_44233_Saumarez_ROV_Dive_1_T5,0:03:20
Feb_21,6/2/2021,Saumarez,ROV,Dive_1_T6,29.5,inner_reef,Pseudocaranx sp,1,Feb_21_44233_Saumarez_ROV_Dive_1_T6,0:03:20
Feb_21,6/2/2021,Saumarez,ROV,Dive_1_T6,29.9,inner_reef,Sufflamen chrysopterum,1,Feb_21_44233_Saumarez_ROV_Dive_1_T6,0:03:20
Feb_21,6/2/2021,Saumarez,ROV,Dive_1_T6,29.9,inner_reef,Gymnocranius euanus,2,Feb_21_44233_Saumarez_ROV_Dive_1_T6,0:03:20
Feb_21,6/2/2021,Saumarez,ROV,Dive_1_T6,29.9,inner_reef,Acanthurus dussumieri,6,Feb_21_44233_Saumarez_ROV_Dive_1_T6,0:03:20
Feb_21,6/2/2021,Saumarez,ROV,Dive_1_T6,29.9,inner_reef,Gymnocranius euanus,1,Feb_21_44233_Saumarez_ROV_Dive_1_T6,0:03:20
Feb_21,6/2/2021,Saumarez,ROV,Dive_1_T1,29.9,inner_reef,Gobiidae sp,1,Feb_21_44233_Saumarez_ROV_Dive_1_T1,0:03:20
Feb_21,7/2/2021,Wreck,ROV,Dive_1_T1,31.5,outer_reef,Chromis iomelas,1,Feb_21_44234_Wreck_ROV_Dive_1_T1,0:03:20
Feb_21,7/2/2021,Wreck,ROV,Dive_1_T1,31.5,outer_reef,Chromis iomelas,1,Feb_21_44234_Wreck_ROV_Dive_1_T1,0:03:20
Feb_21,7/2/2021,Wreck,ROV,Dive_1_T1,31.5,outer_reef,Chromis iomelas,1,Feb_21_44234_Wreck_ROV_Dive_1_T1,0:03:20
Feb_21,7/2/2021,Wreck,ROV,Dive_1_T1,31.5,outer_reef,Chromis iomelas,1,Feb_21_44234_Wreck_ROV_Dive_1_T1,0:03:20
Feb_21,7/2/2021,Wreck,ROV,Dive_1_T1,31.5,outer_reef,Genicanthus watanabei,5,Feb_21_44234_Wreck_ROV_Dive_1_T1,0:03:20
Feb_21,7/2/2021,Wreck,ROV,Dive_1_T1,31.5,outer_reef,Chromis xanthura,1,Feb_21_44234_Wreck_ROV_Dive_1_T1,0:03:20
Feb_21,7/2/2021,Wreck,ROV,Dive_1_T1,31.5,outer_reef,Chromis xanthura,1,Feb_21_44234_Wreck_ROV_Dive_1_T1,0:03:20
Feb_21,7/2/2021,Wreck,ROV,Dive_1_T1,31.5,outer_reef,Chromis xanthura,4,Feb_21_44234_Wreck_ROV_Dive_1_T1,0:03:20
Feb_21,7/2/2021,Wreck,ROV,Dive_1_T1,31.5,outer_reef,Acanthurus nigrofuscus,1,Feb_21_44234_Wreck_ROV_Dive_1_T1,0:03:20
Feb_21,7/2/2021,Wreck,ROV,Dive_1_T1,31.5,outer_reef,Genicanthus watanabei,1,Feb_21_44234_Wreck_ROV_Dive_1_T1,0:03:20
Feb_21,7/2/2021,Wreck,ROV,Dive_1_T1,31.5,outer_reef,Ctenochaetus binotatus,1,Feb_21_44234_Wreck_ROV_Dive_1_T1,0:03:20
Feb_21,7/2/2021,Wreck,ROV,Dive_1_T1,31.5,outer_reef,Thalassoma hardwicke,1,Feb_21_44234_Wreck_ROV_Dive_1_T1,0:03:20
Feb_21,7/2/2021,Wreck,ROV,Dive_1_T1,31.5,outer_reef,Chaetodon melannotus,1,Feb_21_44234_Wreck_ROV_Dive_1_T1,0:03:20
Feb_21,7/2/2021,Wreck,ROV,Dive_1_T1,31.5,outer_reef,Pterocaesio tile,15,Feb_21_44234_Wreck_ROV_Dive_1_T1,0:03:20
Feb_21,7/2/2021,Wreck,ROV,Dive_1_T1,31.5,outer_reef,Chaetodon pelewensis,1,Feb_21_44234_Wreck_ROV_Dive_1_T1,0:03:20
Feb_21,7/2/2021,Wreck,ROV,Dive_1_T1,31.5,outer_reef,Chaetodon ornatissimus,1,Feb_21_44234_Wreck_ROV_Dive_1_T1,0:03:20
Feb_21,7/2/2021,Wreck,ROV,Dive_1_T1,31.5,outer_reef,Chromis xanthura,1,Feb_21_44234_Wreck_ROV_Dive_1_T1,0:03:20
Feb_21,7/2/2021,Wreck,ROV,Dive_1_T1,31.5,outer_reef,Chromis xanthura,4,Feb_21_44234_Wreck_ROV_Dive_1_T1,0:03:20
Feb_21,7/2/2021,Wreck,ROV,Dive_1_T1,31.5,outer_reef,Pterocaesio tile,1,Feb_21_44234_Wreck_ROV_Dive_1_T1,0:03:20
Feb_21,7/2/2021,Wreck,ROV,Dive_1_T1,31.5,outer_reef,Genicanthus watanabei,1,Feb_21_44234_Wreck_ROV_Dive_1_T1,0:03:20
Feb_21,7/2/2021,Wreck,ROV,Dive_1_T1,31.5,outer_reef,Parupeneus multifasciatus,1,Feb_21_44234_Wreck_ROV_Dive_1_T1,0:03:20
Feb_21,7/2/2021,Wreck,ROV,Dive_1_T1,31.5,outer_reef,Ctenochaetus binotatus,1,Feb_21_44234_Wreck_ROV_Dive_1_T1,0:03:20
Feb_21,7/2/2021,Wreck,ROV,Dive_1_T1,31.5,outer_reef,Parupeneus multifasciatus,3,Feb_21_44234_Wreck_ROV_Dive_1_T1,0:03:20
Feb_21,7/2/2021,Wreck,ROV,Dive_1_T1,31.5,outer_reef,Ctenochaetus striatus,1,Feb_21_44234_Wreck_ROV_Dive_1_T1,0:03:20
Feb_21,7/2/2021,Wreck,ROV,Dive_1_T1,31.5,outer_reef,Zebrasoma scopas,1,Feb_21_44234_Wreck_ROV_Dive_1_T1,0:03:20
Feb_21,7/2/2021,Wreck,ROV,Dive_1_T1,31.5,outer_reef,Forcipiger flavissimus,1,Feb_21_44234_Wreck_ROV_Dive_1_T1,0:03:20
Feb_21,7/2/2021,Wreck,ROV,Dive_1_T1,31.5,outer_reef,Chaetodon lunulatus,2,Feb_21_44234_Wreck_ROV_Dive_1_T1,0:03:20
Feb_21,7/2/2021,Wreck,ROV,Dive_1_T1,31.5,outer_reef,Forcipiger flavissimus,1,Feb_21_44234_Wreck_ROV_Dive_1_T1,0:03:20
Feb_21,7/2/2021,Wreck,ROV,Dive_1_T1,31.5,outer_reef,Zanclus cornutus,1,Feb_21_44234_Wreck_ROV_Dive_1_T1,0:03:20
Feb_21,7/2/2021,Wreck,ROV,Dive_1_T1,31.5,outer_reef,Forcipiger flavissimus,1,Feb_21_44234_Wreck_ROV_Dive_1_T1,0:03:20
Feb_21,7/2/2021,Wreck,ROV,Dive_1_T1,31.5,outer_reef,Forcipiger flavissimus,1,Feb_21_44234_Wreck_ROV_Dive_1_T1,0:03:20
Feb_21,7/2/2021,Wreck,ROV,Dive_1_T1,31.5,outer_reef,Pterocaesio tile,10,Feb_21_44234_Wreck_ROV_Dive_1_T1,0:03:20
Feb_21,7/2/2021,Wreck,ROV,Dive_1_T1,31.5,outer_reef,Acanthurus pyroferus,1,Feb_21_44234_Wreck_ROV_Dive_1_T1,0:03:20
Feb_21,7/2/2021,Wreck,ROV,Dive_1_T1,31.5,outer_reef,Acanthurus pyroferus,1,Feb_21_44234_Wreck_ROV_Dive_1_T1,0:03:20
Feb_21,7/2/2021,Wreck,ROV,Dive_1_T1,31.5,outer_reef,Parupeneus multifasciatus,3,Feb_21_44234_Wreck_ROV_Dive_1_T1,0:03:20
Feb_21,7/2/2021,Wreck,ROV,Dive_1_T1,31.5,outer_reef,Thalassoma hardwicke,2,Feb_21_44234_Wreck_ROV_Dive_1_T1,0:03:20
Feb_21,7/2/2021,Wreck,ROV,Dive_1_T1,31.5,outer_reef,Gomphosus varius,1,Feb_21_44234_Wreck_ROV_Dive_1_T1,0:03:20
Feb_21,7/2/2021,Wreck,ROV,Dive_1_T1,31.5,outer_reef,Acanthurus pyroferus,1,Feb_21_44234_Wreck_ROV_Dive_1_T1,0:03:20
Feb_21,7/2/2021,Wreck,ROV,Dive_1_T1,31.5,outer_reef,Halichoeres hortulanus,1,Feb_21_44234_Wreck_ROV_Dive_1_T1,0:03:20
Feb_21,7/2/2021,Wreck,ROV,Dive_1_T1,31.5,outer_reef,Acanthurus pyroferus,1,Feb_21_44234_Wreck_ROV_Dive_1_T1,0:03:20
Feb_21,7/2/2021,Wreck,ROV,Dive_1_T1,31.5,outer_reef,Caesio lunaris,45,Feb_21_44234_Wreck_ROV_Dive_1_T1,0:03:20
Feb_21,7/2/2021,Wreck,ROV,Dive_1_T1,31.5,outer_reef,Acanthurus pyroferus,1,Feb_21_44234_Wreck_ROV_Dive_1_T1,0:03:20
Feb_21,7/2/2021,Wreck,ROV,Dive_1_T1,31.5,outer_reef,Caesio lunaris,25,Feb_21_44234_Wreck_ROV_Dive_1_T1,0:03:20
Feb_21,7/2/2021,Wreck,ROV,Dive_1_T1,31.5,outer_reef,Pterocaesio tile,1,Feb_21_44234_Wreck_ROV_Dive_1_T1,0:03:20
Feb_21,7/2/2021,Wreck,ROV,Dive_1_T1,31.5,outer_reef,Acanthurus albipectoralis,1,Feb_21_44234_Wreck_ROV_Dive_1_T1,0:03:20
Feb_21,7/2/2021,Wreck,ROV,Dive_1_T1,31.5,outer_reef,Scarus dimidiatus,1,Feb_21_44234_Wreck_ROV_Dive_1_T1,0:03:20
Feb_21,7/2/2021,Wreck,ROV,Dive_1_T1,31.5,outer_reef,Scarus dimidiatus,1,Feb_21_44234_Wreck_ROV_Dive_1_T1,0:03:20
Feb_21,7/2/2021,Wreck,ROV,Dive_1_T1,31.5,outer_reef,Acanthurus thompsoni,1,Feb_21_44234_Wreck_ROV_Dive_1_T1,0:03:20
Feb_21,7/2/2021,Wreck,ROV,Dive_1_T1,31.5,outer_reef,Epibulus insidiator,1,Feb_21_44234_Wreck_ROV_Dive_1_T1,0:03:20
Feb_21,7/2/2021,Wreck,ROV,Dive_1_T1,31.5,outer_reef,Acanthurus albipectoralis,2,Feb_21_44234_Wreck_ROV_Dive_1_T1,0:03:20
Feb_21,7/2/2021,Wreck,ROV,Dive_1_T1,31.5,outer_reef,Caesio lunaris,30,Feb_21_44234_Wreck_ROV_Dive_1_T1,0:03:20
Feb_21,7/2/2021,Wreck,ROV,Dive_1_T1,31.5,outer_reef,Macolor niger,1,Feb_21_44234_Wreck_ROV_Dive_1_T1,0:03:20
Feb_21,7/2/2021,Wreck,ROV,Dive_1_T2,31.5,outer_reef,Scarus dimidiatus,1,Feb_21_44234_Wreck_ROV_Dive_1_T2,0:03:20
Feb_21,7/2/2021,Wreck,ROV,Dive_1_T2,36.5,outer_reef,Chrysiptera flavipinnis,1,Feb_21_44234_Wreck_ROV_Dive_1_T2,0:03:20
Feb_21,7/2/2021,Wreck,ROV,Dive_1_T2,36.5,outer_reef,Chromis iomelas,2,Feb_21_44234_Wreck_ROV_Dive_1_T2,0:03:20
Feb_21,7/2/2021,Wreck,ROV,Dive_1_T2,36.5,outer_reef,Dascyllus reticulatus,18,Feb_21_44234_Wreck_ROV_Dive_1_T2,0:03:20
Feb_21,7/2/2021,Wreck,ROV,Dive_1_T2,36.5,outer_reef,Chrysiptera flavipinnis,1,Feb_21_44234_Wreck_ROV_Dive_1_T2,0:03:20
Feb_21,7/2/2021,Wreck,ROV,Dive_1_T2,36.5,outer_reef,Chaetodon pelewensis,2,Feb_21_44234_Wreck_ROV_Dive_1_T2,0:03:20
Feb_21,7/2/2021,Wreck,ROV,Dive_1_T2,36.5,outer_reef,Ptereleotris evides,2,Feb_21_44234_Wreck_ROV_Dive_1_T2,0:03:20
Feb_21,7/2/2021,Wreck,ROV,Dive_1_T2,36.5,outer_reef,Genicanthus watanabei,3,Feb_21_44234_Wreck_ROV_Dive_1_T2,0:03:20
Feb_21,7/2/2021,Wreck,ROV,Dive_1_T2,36.5,outer_reef,Centropyge heraldi,1,Feb_21_44234_Wreck_ROV_Dive_1_T2,0:03:20
Feb_21,7/2/2021,Wreck,ROV,Dive_1_T2,36.5,outer_reef,Chaetodon kleinii,1,Feb_21_44234_Wreck_ROV_Dive_1_T2,0:03:20
Feb_21,7/2/2021,Wreck,ROV,Dive_1_T2,36.5,outer_reef,Genicanthus watanabei,1,Feb_21_44234_Wreck_ROV_Dive_1_T2,0:03:20
Feb_21,7/2/2021,Wreck,ROV,Dive_1_T2,36.5,outer_reef,Genicanthus watanabei,1,Feb_21_44234_Wreck_ROV_Dive_1_T2,0:03:20
Feb_21,7/2/2021,Wreck,ROV,Dive_1_T2,36.5,outer_reef,Chaetodon lunulatus,1,Feb_21_44234_Wreck_ROV_Dive_1_T2,0:03:20
Feb_21,7/2/2021,Wreck,ROV,Dive_1_T2,36.5,outer_reef,Ctenochaetus striatus,1,Feb_21_44234_Wreck_ROV_Dive_1_T2,0:03:20
Feb_21,7/2/2021,Wreck,ROV,Dive_1_T2,36.5,outer_reef,Genicanthus watanabei,2,Feb_21_44234_Wreck_ROV_Dive_1_T2,0:03:20
Feb_21,7/2/2021,Wreck,ROV,Dive_1_T2,36.5,outer_reef,Ctenochaetus striatus,2,Feb_21_44234_Wreck_ROV_Dive_1_T2,0:03:20
Feb_21,7/2/2021,Wreck,ROV,Dive_1_T2,36.5,outer_reef,Acanthurus pyroferus,1,Feb_21_44234_Wreck_ROV_Dive_1_T2,0:03:20
Feb_21,7/2/2021,Wreck,ROV,Dive_1_T2,36.5,outer_reef,Genicanthus watanabei,1,Feb_21_44234_Wreck_ROV_Dive_1_T2,0:03:20
Feb_21,7/2/2021,Wreck,ROV,Dive_1_T2,36.5,outer_reef,Ctenochaetus striatus,2,Feb_21_44234_Wreck_ROV_Dive_1_T2,0:03:20
Feb_21,7/2/2021,Wreck,ROV,Dive_1_T2,36.5,outer_reef,Ctenochaetus striatus,1,Feb_21_44234_Wreck_ROV_Dive_1_T2,0:03:20
Feb_21,7/2/2021,Wreck,ROV,Dive_1_T2,36.5,outer_reef,Acanthochromis polyacanthus,5,Feb_21_44234_Wreck_ROV_Dive_1_T2,0:03:20
Feb_21,7/2/2021,Wreck,ROV,Dive_1_T2,36.5,outer_reef,Chromis xanthura,3,Feb_21_44234_Wreck_ROV_Dive_1_T2,0:03:20
Feb_21,7/2/2021,Wreck,ROV,Dive_1_T2,36.5,outer_reef,Ctenochaetus striatus,1,Feb_21_44234_Wreck_ROV_Dive_1_T2,0:03:20
Feb_21,7/2/2021,Wreck,ROV,Dive_1_T2,36.5,outer_reef,Forcipiger flavissimus,1,Feb_21_44234_Wreck_ROV_Dive_1_T2,0:03:20
Feb_21,7/2/2021,Wreck,ROV,Dive_1_T2,36.5,outer_reef,Forcipiger flavissimus,1,Feb_21_44234_Wreck_ROV_Dive_1_T2,0:03:20
Feb_21,7/2/2021,Wreck,ROV,Dive_1_T2,36.5,outer_reef,Parupeneus multifasciatus,1,Feb_21_44234_Wreck_ROV_Dive_1_T2,0:03:20
Feb_21,7/2/2021,Wreck,ROV,Dive_1_T2,36.5,outer_reef,Chromis xanthura,1,Feb_21_44234_Wreck_ROV_Dive_1_T2,0:03:20
Feb_21,7/2/2021,Wreck,ROV,Dive_1_T2,36.5,outer_reef,Acanthurus pyroferus,1,Feb_21_44234_Wreck_ROV_Dive_1_T2,0:03:20
Feb_21,7/2/2021,Wreck,ROV,Dive_1_T2,36.5,outer_reef,Rhinecanthus lunula,1,Feb_21_44234_Wreck_ROV_Dive_1_T2,0:03:20
Feb_21,7/2/2021,Wreck,ROV,Dive_1_T2,36.5,outer_reef,Chromis xanthura,3,Feb_21_44234_Wreck_ROV_Dive_1_T2,0:03:20
Feb_21,7/2/2021,Wreck,ROV,Dive_1_T2,36.5,outer_reef,Thalassoma lutescens,1,Feb_21_44234_Wreck_ROV_Dive_1_T2,0:03:20
Feb_21,7/2/2021,Wreck,ROV,Dive_1_T2,36.5,outer_reef,Gomphosus varius,1,Feb_21_44234_Wreck_ROV_Dive_1_T2,0:03:20
Feb_21,7/2/2021,Wreck,ROV,Dive_1_T2,36.5,outer_reef,Acanthurus pyroferus,1,Feb_21_44234_Wreck_ROV_Dive_1_T2,0:03:20
Feb_21,7/2/2021,Wreck,ROV,Dive_1_T2,36.5,outer_reef,Balistoides viridescens,1,Feb_21_44234_Wreck_ROV_Dive_1_T2,0:03:20
Feb_21,7/2/2021,Wreck,ROV,Dive_1_T2,36.5,outer_reef,Scarus oviceps,1,Feb_21_44234_Wreck_ROV_Dive_1_T2,0:03:20
Feb_21,7/2/2021,Wreck,ROV,Dive_1_T2,36.5,outer_reef,Scarus dimidiatus,2,Feb_21_44234_Wreck_ROV_Dive_1_T2,0:03:20
Feb_21,7/2/2021,Wreck,ROV,Dive_1_T2,36.5,outer_reef,Scarus oviceps,2,Feb_21_44234_Wreck_ROV_Dive_1_T2,0:03:20
Feb_21,7/2/2021,Wreck,ROV,Dive_1_T2,36.5,outer_reef,Acanthurus olivaceus,3,Feb_21_44234_Wreck_ROV_Dive_1_T2,0:03:20
Feb_21,7/2/2021,Wreck,ROV,Dive_1_T2,36.5,outer_reef,Acanthurus albipectoralis,4,Feb_21_44234_Wreck_ROV_Dive_1_T2,0:03:20
Feb_21,7/2/2021,Wreck,ROV,Dive_1_T3,36.5,outer_reef,Scarus sp,1,Feb_21_44234_Wreck_ROV_Dive_1_T3,0:03:20
Feb_21,7/2/2021,Wreck,ROV,Dive_1_T3,36.3,outer_reef,Chromis iomelas,1,Feb_21_44234_Wreck_ROV_Dive_1_T3,0:03:20
Feb_21,7/2/2021,Wreck,ROV,Dive_1_T3,36.3,outer_reef,Chromis iomelas,1,Feb_21_44234_Wreck_ROV_Dive_1_T3,0:03:20
Feb_21,7/2/2021,Wreck,ROV,Dive_1_T3,36.3,outer_reef,Chromis iomelas,10,Feb_21_44234_Wreck_ROV_Dive_1_T3,0:03:20
Feb_21,7/2/2021,Wreck,ROV,Dive_1_T3,36.3,outer_reef,Centropyge heraldi,2,Feb_21_44234_Wreck_ROV_Dive_1_T3,0:03:20
Feb_21,7/2/2021,Wreck,ROV,Dive_1_T3,36.3,outer_reef,Chromis iomelas,5,Feb_21_44234_Wreck_ROV_Dive_1_T3,0:03:20
Feb_21,7/2/2021,Wreck,ROV,Dive_1_T3,36.3,outer_reef,Genicanthus watanabei,2,Feb_21_44234_Wreck_ROV_Dive_1_T3,0:03:20
Feb_21,7/2/2021,Wreck,ROV,Dive_1_T3,36.3,outer_reef,Centropyge vrolikii,1,Feb_21_44234_Wreck_ROV_Dive_1_T3,0:03:20
Feb_21,7/2/2021,Wreck,ROV,Dive_1_T3,36.3,outer_reef,Centropyge heraldi,1,Feb_21_44234_Wreck_ROV_Dive_1_T3,0:03:20
Feb_21,7/2/2021,Wreck,ROV,Dive_1_T3,36.3,outer_reef,Centropyge heraldi,1,Feb_21_44234_Wreck_ROV_Dive_1_T3,0:03:20
Feb_21,7/2/2021,Wreck,ROV,Dive_1_T3,36.3,outer_reef,Ptereleotris evides,2,Feb_21_44234_Wreck_ROV_Dive_1_T3,0:03:20
Feb_21,7/2/2021,Wreck,ROV,Dive_1_T3,36.3,outer_reef,Genicanthus watanabei,4,Feb_21_44234_Wreck_ROV_Dive_1_T3,0:03:20
Feb_21,7/2/2021,Wreck,ROV,Dive_1_T3,36.3,outer_reef,Ctenochaetus striatus,1,Feb_21_44234_Wreck_ROV_Dive_1_T3,0:03:20
Feb_21,7/2/2021,Wreck,ROV,Dive_1_T3,36.3,outer_reef,Labroides bicolor,1,Feb_21_44234_Wreck_ROV_Dive_1_T3,0:03:20
Feb_21,7/2/2021,Wreck,ROV,Dive_1_T3,36.3,outer_reef,Genicanthus watanabei,2,Feb_21_44234_Wreck_ROV_Dive_1_T3,0:03:20
Feb_21,7/2/2021,Wreck,ROV,Dive_1_T3,36.3,outer_reef,Ctenochaetus striatus,4,Feb_21_44234_Wreck_ROV_Dive_1_T3,0:03:20
Feb_21,7/2/2021,Wreck,ROV,Dive_1_T3,36.3,outer_reef,Chromis xanthura,1,Feb_21_44234_Wreck_ROV_Dive_1_T3,0:03:20
Feb_21,7/2/2021,Wreck,ROV,Dive_1_T3,36.3,outer_reef,Ctenochaetus striatus,1,Feb_21_44234_Wreck_ROV_Dive_1_T3,0:03:20
Feb_21,7/2/2021,Wreck,ROV,Dive_1_T3,36.3,outer_reef,Genicanthus watanabei,1,Feb_21_44234_Wreck_ROV_Dive_1_T3,0:03:20
Feb_21,7/2/2021,Wreck,ROV,Dive_1_T3,36.3,outer_reef,Chromis xanthura,3,Feb_21_44234_Wreck_ROV_Dive_1_T3,0:03:20
Feb_21,7/2/2021,Wreck,ROV,Dive_1_T3,36.3,outer_reef,Acanthurus pyroferus,1,Feb_21_44234_Wreck_ROV_Dive_1_T3,0:03:20
Feb_21,7/2/2021,Wreck,ROV,Dive_1_T3,36.3,outer_reef,Ctenochaetus striatus,1,Feb_21_44234_Wreck_ROV_Dive_1_T3,0:03:20
Feb_21,7/2/2021,Wreck,ROV,Dive_1_T3,36.3,outer_reef,Chromis xanthura,1,Feb_21_44234_Wreck_ROV_Dive_1_T3,0:03:20
Feb_21,7/2/2021,Wreck,ROV,Dive_1_T3,36.3,outer_reef,Genicanthus watanabei,3,Feb_21_44234_Wreck_ROV_Dive_1_T3,0:03:20
Feb_21,7/2/2021,Wreck,ROV,Dive_1_T3,36.3,outer_reef,Scarus dimidiatus,1,Feb_21_44234_Wreck_ROV_Dive_1_T3,0:03:20
Feb_21,7/2/2021,Wreck,ROV,Dive_1_T3,36.3,outer_reef,Acanthurus nigrofuscus,1,Feb_21_44234_Wreck_ROV_Dive_1_T3,0:03:20
Feb_21,7/2/2021,Wreck,ROV,Dive_1_T3,36.3,outer_reef,Zebrasoma scopas,1,Feb_21_44234_Wreck_ROV_Dive_1_T3,0:03:20
Feb_21,7/2/2021,Wreck,ROV,Dive_1_T3,36.3,outer_reef,Ctenochaetus striatus,1,Feb_21_44234_Wreck_ROV_Dive_1_T3,0:03:20
Feb_21,7/2/2021,Wreck,ROV,Dive_1_T3,36.3,outer_reef,Ctenochaetus striatus,1,Feb_21_44234_Wreck_ROV_Dive_1_T3,0:03:20
Feb_21,7/2/2021,Wreck,ROV,Dive_1_T3,36.3,outer_reef,Ctenochaetus striatus,1,Feb_21_44234_Wreck_ROV_Dive_1_T3,0:03:20
Feb_21,7/2/2021,Wreck,ROV,Dive_1_T3,36.3,outer_reef,Acanthurus pyroferus,1,Feb_21_44234_Wreck_ROV_Dive_1_T3,0:03:20
Feb_21,7/2/2021,Wreck,ROV,Dive_1_T3,36.3,outer_reef,Acanthurus pyroferus,1,Feb_21_44234_Wreck_ROV_Dive_1_T3,0:03:20
Feb_21,7/2/2021,Wreck,ROV,Dive_1_T3,36.3,outer_reef,Acanthurus pyroferus,1,Feb_21_44234_Wreck_ROV_Dive_1_T3,0:03:20
Feb_21,7/2/2021,Wreck,ROV,Dive_1_T3,36.3,outer_reef,Acanthurus olivaceus,1,Feb_21_44234_Wreck_ROV_Dive_1_T3,0:03:20
Feb_21,7/2/2021,Wreck,ROV,Dive_1_T3,36.3,outer_reef,Acanthurus olivaceus,1,Feb_21_44234_Wreck_ROV_Dive_1_T3,0:03:20
Feb_21,7/2/2021,Wreck,ROV,Dive_1_T3,36.3,outer_reef,Parupeneus multifasciatus,2,Feb_21_44234_Wreck_ROV_Dive_1_T3,0:03:20
Feb_21,7/2/2021,Wreck,ROV,Dive_1_T3,36.3,outer_reef,Cheilinus fasciatus,1,Feb_21_44234_Wreck_ROV_Dive_1_T3,0:03:20
Feb_21,7/2/2021,Wreck,ROV,Dive_1_T3,36.3,outer_reef,Acanthurus olivaceus,1,Feb_21_44234_Wreck_ROV_Dive_1_T3,0:03:20
Feb_21,7/2/2021,Wreck,ROV,Dive_1_T3,36.3,outer_reef,Parupeneus multifasciatus,2,Feb_21_44234_Wreck_ROV_Dive_1_T3,0:03:20
Feb_21,7/2/2021,Wreck,ROV,Dive_1_T3,36.3,outer_reef,Acanthurus olivaceus,1,Feb_21_44234_Wreck_ROV_Dive_1_T3,0:03:20
Feb_21,7/2/2021,Wreck,ROV,Dive_1_T3,36.3,outer_reef,Acanthurus pyroferus,1,Feb_21_44234_Wreck_ROV_Dive_1_T3,0:03:20
Feb_21,7/2/2021,Wreck,ROV,Dive_1_T3,36.3,outer_reef,Acanthurus pyroferus,2,Feb_21_44234_Wreck_ROV_Dive_1_T3,0:03:20
Feb_21,7/2/2021,Wreck,ROV,Dive_1_T3,36.3,outer_reef,Scarus frenatus,1,Feb_21_44234_Wreck_ROV_Dive_1_T3,0:03:20
Feb_21,7/2/2021,Wreck,ROV,Dive_1_T3,36.3,outer_reef,Parupeneus multifasciatus,1,Feb_21_44234_Wreck_ROV_Dive_1_T3,0:03:20
Feb_21,7/2/2021,Wreck,ROV,Dive_1_T3,36.3,outer_reef,Acanthurus pyroferus,1,Feb_21_44234_Wreck_ROV_Dive_1_T3,0:03:20
Feb_21,7/2/2021,Wreck,ROV,Dive_1_T3,36.3,outer_reef,Caesio lunaris,12,Feb_21_44234_Wreck_ROV_Dive_1_T3,0:03:20
Feb_21,7/2/2021,Wreck,ROV,Dive_1_T3,36.3,outer_reef,Aulostomus chinensis,1,Feb_21_44234_Wreck_ROV_Dive_1_T3,0:03:20
Feb_21,7/2/2021,Wreck,ROV,Dive_1_T1,36.3,outer_reef,Gymnosarda unicolor,1,Feb_21_44234_Wreck_ROV_Dive_1_T1,0:03:20
Feb_21,8/2/2021,Kenn,ROV,Dive_1_T1,40.8,outer_reef,Chromis iomelas,30,Feb_21_44235_Kenn_ROV_Dive_1_T1,0:03:20
Feb_21,8/2/2021,Kenn,ROV,Dive_1_T1,40.8,outer_reef,Chromis ternatensis,12,Feb_21_44235_Kenn_ROV_Dive_1_T1,0:03:20
Feb_21,8/2/2021,Kenn,ROV,Dive_1_T1,40.8,outer_reef,Chromis iomelas,15,Feb_21_44235_Kenn_ROV_Dive_1_T1,0:03:20
Feb_21,8/2/2021,Kenn,ROV,Dive_1_T1,40.8,outer_reef,Chromis iomelas,25,Feb_21_44235_Kenn_ROV_Dive_1_T1,0:03:20
Feb_21,8/2/2021,Kenn,ROV,Dive_1_T1,40.8,outer_reef,Zebrasoma scopas,1,Feb_21_44235_Kenn_ROV_Dive_1_T1,0:03:20
Feb_21,8/2/2021,Kenn,ROV,Dive_1_T1,40.8,outer_reef,Chaetodon lunulatus,1,Feb_21_44235_Kenn_ROV_Dive_1_T1,0:03:20
Feb_21,8/2/2021,Kenn,ROV,Dive_1_T1,40.8,outer_reef,Chaetodon lunulatus,1,Feb_21_44235_Kenn_ROV_Dive_1_T1,0:03:20
Feb_21,8/2/2021,Kenn,ROV,Dive_1_T1,40.8,outer_reef,Zanclus cornutus,1,Feb_21_44235_Kenn_ROV_Dive_1_T1,0:03:20
Feb_21,8/2/2021,Kenn,ROV,Dive_1_T1,40.8,outer_reef,Zebrasoma scopas,1,Feb_21_44235_Kenn_ROV_Dive_1_T1,0:03:20
Feb_21,8/2/2021,Kenn,ROV,Dive_1_T1,40.8,outer_reef,Acanthurus pyroferus,2,Feb_21_44235_Kenn_ROV_Dive_1_T1,0:03:20
Feb_21,8/2/2021,Kenn,ROV,Dive_1_T1,40.8,outer_reef,Ctenochaetus striatus,1,Feb_21_44235_Kenn_ROV_Dive_1_T1,0:03:20
Feb_21,8/2/2021,Kenn,ROV,Dive_1_T1,40.8,outer_reef,Chromis xanthura,1,Feb_21_44235_Kenn_ROV_Dive_1_T1,0:03:20
Feb_21,8/2/2021,Kenn,ROV,Dive_1_T1,40.8,outer_reef,Chromis xanthura,1,Feb_21_44235_Kenn_ROV_Dive_1_T1,0:03:20
Feb_21,8/2/2021,Kenn,ROV,Dive_1_T1,40.8,outer_reef,Gnathodentex aureolineatus,1,Feb_21_44235_Kenn_ROV_Dive_1_T1,0:03:20
Feb_21,8/2/2021,Kenn,ROV,Dive_1_T1,40.8,outer_reef,Gnathodentex aureolineatus,1,Feb_21_44235_Kenn_ROV_Dive_1_T1,0:03:20
Feb_21,8/2/2021,Kenn,ROV,Dive_1_T1,40.8,outer_reef,Ctenochaetus striatus,1,Feb_21_44235_Kenn_ROV_Dive_1_T1,0:03:20
Feb_21,8/2/2021,Kenn,ROV,Dive_1_T1,40.8,outer_reef,Oxycheilinus unifasciatus,1,Feb_21_44235_Kenn_ROV_Dive_1_T1,0:03:20
Feb_21,8/2/2021,Kenn,ROV,Dive_1_T1,40.8,outer_reef,Parupeneus multifasciatus,2,Feb_21_44235_Kenn_ROV_Dive_1_T1,0:03:20
Feb_21,8/2/2021,Kenn,ROV,Dive_1_T1,40.8,outer_reef,Gnathodentex aureolineatus,1,Feb_21_44235_Kenn_ROV_Dive_1_T1,0:03:20
Feb_21,8/2/2021,Kenn,ROV,Dive_1_T1,40.8,outer_reef,Scarus longipinnis,1,Feb_21_44235_Kenn_ROV_Dive_1_T1,0:03:20
Feb_21,8/2/2021,Kenn,ROV,Dive_1_T1,40.8,outer_reef,Ctenochaetus striatus,2,Feb_21_44235_Kenn_ROV_Dive_1_T1,0:03:20
Feb_21,8/2/2021,Kenn,ROV,Dive_1_T1,40.8,outer_reef,Scarus niger,1,Feb_21_44235_Kenn_ROV_Dive_1_T1,0:03:20
Feb_21,8/2/2021,Kenn,ROV,Dive_1_T1,40.8,outer_reef,Acanthurus pyroferus,1,Feb_21_44235_Kenn_ROV_Dive_1_T1,0:03:20
Feb_21,8/2/2021,Kenn,ROV,Dive_1_T1,40.8,outer_reef,Naso lituratus,1,Feb_21_44235_Kenn_ROV_Dive_1_T1,0:03:20
Feb_21,8/2/2021,Kenn,ROV,Dive_1_T1,40.8,outer_reef,Gymnocranius euanus,1,Feb_21_44235_Kenn_ROV_Dive_1_T1,0:03:20
Feb_21,8/2/2021,Kenn,ROV,Dive_1_T2,40.8,outer_reef,Plectropomus laevis,1,Feb_21_44235_Kenn_ROV_Dive_1_T2,0:03:20
Feb_21,8/2/2021,Kenn,ROV,Dive_1_T2,31.1,outer_reef,Chromis iomelas,4,Feb_21_44235_Kenn_ROV_Dive_1_T2,0:03:20
Feb_21,8/2/2021,Kenn,ROV,Dive_1_T2,31.1,outer_reef,Chromis iomelas,12,Feb_21_44235_Kenn_ROV_Dive_1_T2,0:03:20
Feb_21,8/2/2021,Kenn,ROV,Dive_1_T2,31.1,outer_reef,Chromis ternatensis,12,Feb_21_44235_Kenn_ROV_Dive_1_T2,0:03:20
Feb_21,8/2/2021,Kenn,ROV,Dive_1_T2,31.1,outer_reef,Chaetodon pelewensis,1,Feb_21_44235_Kenn_ROV_Dive_1_T2,0:03:20
Feb_21,8/2/2021,Kenn,ROV,Dive_1_T2,31.1,outer_reef,Chromis iomelas,10,Feb_21_44235_Kenn_ROV_Dive_1_T2,0:03:20
Feb_21,8/2/2021,Kenn,ROV,Dive_1_T2,31.1,outer_reef,Forcipiger flavissimus,1,Feb_21_44235_Kenn_ROV_Dive_1_T2,0:03:20
Feb_21,8/2/2021,Kenn,ROV,Dive_1_T2,31.1,outer_reef,Acanthochromis polyacanthus,14,Feb_21_44235_Kenn_ROV_Dive_1_T2,0:03:20
Feb_21,8/2/2021,Kenn,ROV,Dive_1_T2,31.1,outer_reef,Acanthochromis polyacanthus,8,Feb_21_44235_Kenn_ROV_Dive_1_T2,0:03:20
Feb_21,8/2/2021,Kenn,ROV,Dive_1_T2,31.1,outer_reef,Chromis ternatensis,6,Feb_21_44235_Kenn_ROV_Dive_1_T2,0:03:20
Feb_21,8/2/2021,Kenn,ROV,Dive_1_T2,31.1,outer_reef,Ctenochaetus binotatus,1,Feb_21_44235_Kenn_ROV_Dive_1_T2,0:03:20
Feb_21,8/2/2021,Kenn,ROV,Dive_1_T2,31.1,outer_reef,Acanthochromis polyacanthus,1,Feb_21_44235_Kenn_ROV_Dive_1_T2,0:03:20
Feb_21,8/2/2021,Kenn,ROV,Dive_1_T2,31.1,outer_reef,Chaetodon pelewensis,1,Feb_21_44235_Kenn_ROV_Dive_1_T2,0:03:20
Feb_21,8/2/2021,Kenn,ROV,Dive_1_T2,31.1,outer_reef,Zebrasoma scopas,1,Feb_21_44235_Kenn_ROV_Dive_1_T2,0:03:20
Feb_21,8/2/2021,Kenn,ROV,Dive_1_T2,31.1,outer_reef,Macolor niger,1,Feb_21_44235_Kenn_ROV_Dive_1_T2,0:03:20
Feb_21,8/2/2021,Kenn,ROV,Dive_1_T2,31.1,outer_reef,Chromis xanthura,5,Feb_21_44235_Kenn_ROV_Dive_1_T2,0:03:20
Feb_21,8/2/2021,Kenn,ROV,Dive_1_T2,31.1,outer_reef,Gomphosus varius,1,Feb_21_44235_Kenn_ROV_Dive_1_T2,0:03:20
Feb_21,8/2/2021,Kenn,ROV,Dive_1_T2,31.1,outer_reef,Ctenochaetus binotatus,1,Feb_21_44235_Kenn_ROV_Dive_1_T2,0:03:20
Feb_21,8/2/2021,Kenn,ROV,Dive_1_T2,31.1,outer_reef,Acanthurus thompsoni,1,Feb_21_44235_Kenn_ROV_Dive_1_T2,0:03:20
Feb_21,8/2/2021,Kenn,ROV,Dive_1_T2,31.1,outer_reef,Ctenochaetus striatus,1,Feb_21_44235_Kenn_ROV_Dive_1_T2,0:03:20
Feb_21,8/2/2021,Kenn,ROV,Dive_1_T2,31.1,outer_reef,Acanthurus pyroferus,2,Feb_21_44235_Kenn_ROV_Dive_1_T2,0:03:20
Feb_21,8/2/2021,Kenn,ROV,Dive_1_T2,31.1,outer_reef,Gomphosus varius,1,Feb_21_44235_Kenn_ROV_Dive_1_T2,0:03:20
Feb_21,8/2/2021,Kenn,ROV,Dive_1_T2,31.1,outer_reef,Zanclus cornutus,1,Feb_21_44235_Kenn_ROV_Dive_1_T2,0:03:20
Feb_21,8/2/2021,Kenn,ROV,Dive_1_T2,31.1,outer_reef,Acanthurus thompsoni,5,Feb_21_44235_Kenn_ROV_Dive_1_T2,0:03:20
Feb_21,8/2/2021,Kenn,ROV,Dive_1_T2,31.1,outer_reef,Acanthurus thompsoni,1,Feb_21_44235_Kenn_ROV_Dive_1_T2,0:03:20
Feb_21,8/2/2021,Kenn,ROV,Dive_1_T2,31.1,outer_reef,Scarus longipinnis,1,Feb_21_44235_Kenn_ROV_Dive_1_T2,0:03:20
Feb_21,8/2/2021,Kenn,ROV,Dive_1_T2,31.1,outer_reef,Acanthurus albipectoralis,5,Feb_21_44235_Kenn_ROV_Dive_1_T2,0:03:20
Feb_21,8/2/2021,Kenn,ROV,Dive_1_T2,31.1,outer_reef,Acanthurus pyroferus,1,Feb_21_44235_Kenn_ROV_Dive_1_T2,0:03:20
Feb_21,8/2/2021,Kenn,ROV,Dive_1_T2,31.1,outer_reef,Scarus niger,1,Feb_21_44235_Kenn_ROV_Dive_1_T2,0:03:20
Feb_21,8/2/2021,Kenn,ROV,Dive_1_T2,31.1,outer_reef,Acanthurus albipectoralis,2,Feb_21_44235_Kenn_ROV_Dive_1_T2,0:03:20
Feb_21,8/2/2021,Kenn,ROV,Dive_1_T2,31.1,outer_reef,Chlorurus spilurus,1,Feb_21_44235_Kenn_ROV_Dive_1_T2,0:03:20
Feb_21,8/2/2021,Kenn,ROV,Dive_1_T2,31.1,outer_reef,Acanthurus albipectoralis,2,Feb_21_44235_Kenn_ROV_Dive_1_T2,0:03:20
Feb_21,8/2/2021,Kenn,ROV,Dive_1_T2,31.1,outer_reef,Oxycheilinus digramma,1,Feb_21_44235_Kenn_ROV_Dive_1_T2,0:03:20
Feb_21,8/2/2021,Kenn,ROV,Dive_1_T2,31.1,outer_reef,Gymnocranius euanus,1,Feb_21_44235_Kenn_ROV_Dive_1_T2,0:03:20
Feb_21,8/2/2021,Kenn,ROV,Dive_1_T2,31.1,outer_reef,Naso caesius,1,Feb_21_44235_Kenn_ROV_Dive_1_T2,0:03:20
Feb_21,8/2/2021,Kenn,ROV,Dive_1_T3,31.1,outer_reef,Scarus sp,1,Feb_21_44235_Kenn_ROV_Dive_1_T3,0:03:20
Feb_21,8/2/2021,Kenn,ROV,Dive_1_T3,31.4,outer_reef,Chromis ternatensis,12,Feb_21_44235_Kenn_ROV_Dive_1_T3,0:03:20
Feb_21,8/2/2021,Kenn,ROV,Dive_1_T3,31.4,outer_reef,Chromis iomelas,10,Feb_21_44235_Kenn_ROV_Dive_1_T3,0:03:20
Feb_21,8/2/2021,Kenn,ROV,Dive_1_T3,31.4,outer_reef,Chromis iomelas,5,Feb_21_44235_Kenn_ROV_Dive_1_T3,0:03:20
Feb_21,8/2/2021,Kenn,ROV,Dive_1_T3,31.4,outer_reef,Chromis iomelas,8,Feb_21_44235_Kenn_ROV_Dive_1_T3,0:03:20
Feb_21,8/2/2021,Kenn,ROV,Dive_1_T3,31.4,outer_reef,Chromis ternatensis,6,Feb_21_44235_Kenn_ROV_Dive_1_T3,0:03:20
Feb_21,8/2/2021,Kenn,ROV,Dive_1_T3,31.4,outer_reef,Halichoeres chrysus,1,Feb_21_44235_Kenn_ROV_Dive_1_T3,0:03:20
Feb_21,8/2/2021,Kenn,ROV,Dive_1_T3,31.4,outer_reef,Chromis iomelas,12,Feb_21_44235_Kenn_ROV_Dive_1_T3,0:03:20
Feb_21,8/2/2021,Kenn,ROV,Dive_1_T3,31.4,outer_reef,Chromis iomelas,25,Feb_21_44235_Kenn_ROV_Dive_1_T3,0:03:20
Feb_21,8/2/2021,Kenn,ROV,Dive_1_T3,31.4,outer_reef,Chromis iomelas,30,Feb_21_44235_Kenn_ROV_Dive_1_T3,0:03:20
Feb_21,8/2/2021,Kenn,ROV,Dive_1_T3,31.4,outer_reef,Acanthurus pyroferus,1,Feb_21_44235_Kenn_ROV_Dive_1_T3,0:03:20
Feb_21,8/2/2021,Kenn,ROV,Dive_1_T3,31.4,outer_reef,Acanthurus nigrofuscus,1,Feb_21_44235_Kenn_ROV_Dive_1_T3,0:03:20
Feb_21,8/2/2021,Kenn,ROV,Dive_1_T3,31.4,outer_reef,Acanthurus pyroferus,2,Feb_21_44235_Kenn_ROV_Dive_1_T3,0:03:20
Feb_21,8/2/2021,Kenn,ROV,Dive_1_T3,31.4,outer_reef,Acanthurus pyroferus,1,Feb_21_44235_Kenn_ROV_Dive_1_T3,0:03:20
Feb_21,8/2/2021,Kenn,ROV,Dive_1_T3,31.4,outer_reef,Acanthurus pyroferus,1,Feb_21_44235_Kenn_ROV_Dive_1_T3,0:03:20
Feb_21,8/2/2021,Kenn,ROV,Dive_1_T3,31.4,outer_reef,Zebrasoma scopas,1,Feb_21_44235_Kenn_ROV_Dive_1_T3,0:03:20
Feb_21,8/2/2021,Kenn,ROV,Dive_1_T3,31.4,outer_reef,Halichoeres chrysus,1,Feb_21_44235_Kenn_ROV_Dive_1_T3,0:03:20
Feb_21,8/2/2021,Kenn,ROV,Dive_1_T3,31.4,outer_reef,Zebrasoma scopas,1,Feb_21_44235_Kenn_ROV_Dive_1_T3,0:03:20
Feb_21,8/2/2021,Kenn,ROV,Dive_1_T3,31.4,outer_reef,Amblyglyphidodon leucogaster,1,Feb_21_44235_Kenn_ROV_Dive_1_T3,0:03:20
Feb_21,8/2/2021,Kenn,ROV,Dive_1_T3,31.4,outer_reef,Amblyglyphidodon leucogaster,1,Feb_21_44235_Kenn_ROV_Dive_1_T3,0:03:20
Feb_21,8/2/2021,Kenn,ROV,Dive_1_T3,31.4,outer_reef,Zebrasoma scopas,1,Feb_21_44235_Kenn_ROV_Dive_1_T3,0:03:20
Feb_21,8/2/2021,Kenn,ROV,Dive_1_T3,31.4,outer_reef,Scarus niger,1,Feb_21_44235_Kenn_ROV_Dive_1_T3,0:03:20
Feb_21,8/2/2021,Kenn,ROV,Dive_1_T3,31.4,outer_reef,Ctenochaetus striatus,1,Feb_21_44235_Kenn_ROV_Dive_1_T3,0:03:20
Feb_21,8/2/2021,Kenn,ROV,Dive_1_T3,31.4,outer_reef,Zebrasoma scopas,1,Feb_21_44235_Kenn_ROV_Dive_1_T3,0:03:20
Feb_21,8/2/2021,Kenn,ROV,Dive_1_T3,31.4,outer_reef,Zebrasoma scopas,1,Feb_21_44235_Kenn_ROV_Dive_1_T3,0:03:20
Feb_21,8/2/2021,Kenn,ROV,Dive_1_T3,31.4,outer_reef,Zebrasoma scopas,1,Feb_21_44235_Kenn_ROV_Dive_1_T3,0:03:20
Feb_21,8/2/2021,Kenn,ROV,Dive_1_T3,31.4,outer_reef,Zebrasoma scopas,1,Feb_21_44235_Kenn_ROV_Dive_1_T3,0:03:20
Feb_21,8/2/2021,Kenn,ROV,Dive_1_T3,31.4,outer_reef,Zebrasoma velifer,1,Feb_21_44235_Kenn_ROV_Dive_1_T3,0:03:20
Feb_21,8/2/2021,Kenn,ROV,Dive_1_T3,31.4,outer_reef,Ctenochaetus striatus,1,Feb_21_44235_Kenn_ROV_Dive_1_T3,0:03:20
Feb_21,8/2/2021,Kenn,ROV,Dive_1_T3,31.4,outer_reef,Zebrasoma scopas,1,Feb_21_44235_Kenn_ROV_Dive_1_T3,0:03:20
Feb_21,8/2/2021,Kenn,ROV,Dive_1_T3,31.4,outer_reef,Ctenochaetus striatus,1,Feb_21_44235_Kenn_ROV_Dive_1_T3,0:03:20
Feb_21,8/2/2021,Kenn,ROV,Dive_1_T3,31.4,outer_reef,Acanthurus nigroris,1,Feb_21_44235_Kenn_ROV_Dive_1_T3,0:03:20
Feb_21,8/2/2021,Kenn,ROV,Dive_1_T3,31.4,outer_reef,Zebrasoma scopas,1,Feb_21_44235_Kenn_ROV_Dive_1_T3,0:03:20
Feb_21,8/2/2021,Kenn,ROV,Dive_1_T3,31.4,outer_reef,Acanthurus pyroferus,1,Feb_21_44235_Kenn_ROV_Dive_1_T3,0:03:20
Feb_21,8/2/2021,Kenn,ROV,Dive_1_T3,31.4,outer_reef,Zebrasoma scopas,4,Feb_21_44235_Kenn_ROV_Dive_1_T3,0:03:20
Feb_21,8/2/2021,Kenn,ROV,Dive_1_T3,31.4,outer_reef,Acanthurus nigrofuscus,1,Feb_21_44235_Kenn_ROV_Dive_1_T3,0:03:20
Feb_21,8/2/2021,Kenn,ROV,Dive_1_T3,31.4,outer_reef,Ctenochaetus striatus,1,Feb_21_44235_Kenn_ROV_Dive_1_T3,0:03:20
Feb_21,8/2/2021,Kenn,ROV,Dive_1_T3,31.4,outer_reef,Scarus niger,1,Feb_21_44235_Kenn_ROV_Dive_1_T3,0:03:20
Feb_21,8/2/2021,Kenn,ROV,Dive_1_T3,31.4,outer_reef,Gomphosus varius,1,Feb_21_44235_Kenn_ROV_Dive_1_T3,0:03:20
Feb_21,8/2/2021,Kenn,ROV,Dive_1_T3,31.4,outer_reef,Acanthurus nigrofuscus,1,Feb_21_44235_Kenn_ROV_Dive_1_T3,0:03:20
Feb_21,8/2/2021,Kenn,ROV,Dive_1_T3,31.4,outer_reef,Zanclus cornutus,1,Feb_21_44235_Kenn_ROV_Dive_1_T3,0:03:20
Feb_21,8/2/2021,Kenn,ROV,Dive_1_T3,31.4,outer_reef,Ctenochaetus striatus,1,Feb_21_44235_Kenn_ROV_Dive_1_T3,0:03:20
Feb_21,8/2/2021,Kenn,ROV,Dive_1_T3,31.4,outer_reef,Acanthurus nigrofuscus,1,Feb_21_44235_Kenn_ROV_Dive_1_T3,0:03:20
Feb_21,8/2/2021,Kenn,ROV,Dive_1_T3,31.4,outer_reef,Parupeneus multifasciatus,1,Feb_21_44235_Kenn_ROV_Dive_1_T3,0:03:20
Feb_21,8/2/2021,Kenn,ROV,Dive_1_T3,31.4,outer_reef,Gomphosus varius,1,Feb_21_44235_Kenn_ROV_Dive_1_T3,0:03:20
Feb_21,8/2/2021,Kenn,ROV,Dive_1_T3,31.4,outer_reef,Siganus argenteus,2,Feb_21_44235_Kenn_ROV_Dive_1_T3,0:03:20
Feb_21,8/2/2021,Kenn,ROV,Dive_1_T3,31.4,outer_reef,Acanthurus pyroferus,1,Feb_21_44235_Kenn_ROV_Dive_1_T3,0:03:20
Feb_21,8/2/2021,Kenn,ROV,Dive_1_T3,31.4,outer_reef,Naso lituratus,1,Feb_21_44235_Kenn_ROV_Dive_1_T3,0:03:20
Feb_21,8/2/2021,Kenn,ROV,Dive_1_T3,31.4,outer_reef,Zebrasoma velifer,1,Feb_21_44235_Kenn_ROV_Dive_1_T3,0:03:20
Feb_21,8/2/2021,Kenn,ROV,Dive_1_T3,31.4,outer_reef,Naso lituratus,1,Feb_21_44235_Kenn_ROV_Dive_1_T3,0:03:20
Feb_21,8/2/2021,Kenn,ROV,Dive_1_T3,31.4,outer_reef,Scarus niger,1,Feb_21_44235_Kenn_ROV_Dive_1_T3,0:03:20
Feb_21,8/2/2021,Kenn,ROV,Dive_1_T3,31.4,outer_reef,Scarus flavipectoralis,1,Feb_21_44235_Kenn_ROV_Dive_1_T3,0:03:20
Feb_21,8/2/2021,Kenn,ROV,Dive_1_T3,31.4,outer_reef,Lutjanus bohar,1,Feb_21_44235_Kenn_ROV_Dive_1_T3,0:03:20
Feb_21,8/2/2021,Kenn,ROV,Dive_1_T3,31.4,outer_reef,Naso vlamingii,4,Feb_21_44235_Kenn_ROV_Dive_1_T3,0:03:20
Feb_21,8/2/2021,Kenn,ROV,Dive_1_T3,31.4,outer_reef,Naso vlamingii,5,Feb_21_44235_Kenn_ROV_Dive_1_T3,0:03:20
Feb_21,8/2/2021,Kenn,ROV,Dive_1_T3,31.4,outer_reef,Macolor niger,1,Feb_21_44235_Kenn_ROV_Dive_1_T3,0:03:20
Feb_21,8/2/2021,Kenn,ROV,Dive_1_T3,31.4,outer_reef,Naso caesius,1,Feb_21_44235_Kenn_ROV_Dive_1_T3,0:03:20
Feb_21,8/2/2021,Kenn,ROV,Dive_1_T3,31.4,outer_reef,Naso caesius,3,Feb_21_44235_Kenn_ROV_Dive_1_T3,0:03:20
Feb_21,8/2/2021,Kenn,ROV,Dive_1_T3,31.4,outer_reef,Variola louti,1,Feb_21_44235_Kenn_ROV_Dive_1_T3,0:03:20
Feb_21,8/2/2021,Kenn,ROV,Dive_1_T3,31.4,outer_reef,Chlorurus microrhinos,1,Feb_21_44235_Kenn_ROV_Dive_1_T3,0:03:20
Feb_21,8/2/2021,Kenn,ROV,Dive_1_T3,31.4,outer_reef,Naso lituratus,1,Feb_21_44235_Kenn_ROV_Dive_1_T3,0:03:20
Feb_21,8/2/2021,Kenn,ROV,Dive_1_T3,31.4,outer_reef,Naso vlamingii,1,Feb_21_44235_Kenn_ROV_Dive_1_T3,0:03:20
Feb_21,8/2/2021,Kenn,ROV,Dive_1_T3,31.4,outer_reef,Synodus sp,3,Feb_21_44235_Kenn_ROV_Dive_1_T3,0:03:20
Feb_21,8/2/2021,Kenn,ROV,Dive_1_T4,31.4,outer_reef,Scarus sp,6,Feb_21_44235_Kenn_ROV_Dive_1_T4,0:03:20
Feb_21,8/2/2021,Kenn,ROV,Dive_1_T4,32.3,outer_reef,Chromis iomelas,3,Feb_21_44235_Kenn_ROV_Dive_1_T4,0:03:20
Feb_21,8/2/2021,Kenn,ROV,Dive_1_T4,32.3,outer_reef,Chrysiptera flavipinnis,2,Feb_21_44235_Kenn_ROV_Dive_1_T4,0:03:20
Feb_21,8/2/2021,Kenn,ROV,Dive_1_T4,32.3,outer_reef,Chromis iomelas,20,Feb_21_44235_Kenn_ROV_Dive_1_T4,0:03:20
Feb_21,8/2/2021,Kenn,ROV,Dive_1_T4,32.3,outer_reef,Ptereleotris evides,1,Feb_21_44235_Kenn_ROV_Dive_1_T4,0:03:20
Feb_21,8/2/2021,Kenn,ROV,Dive_1_T4,32.3,outer_reef,Ptereleotris evides,1,Feb_21_44235_Kenn_ROV_Dive_1_T4,0:03:20
Feb_21,8/2/2021,Kenn,ROV,Dive_1_T4,32.3,outer_reef,Chromis iomelas,15,Feb_21_44235_Kenn_ROV_Dive_1_T4,0:03:20
Feb_21,8/2/2021,Kenn,ROV,Dive_1_T4,32.3,outer_reef,Chromis amboinensis,5,Feb_21_44235_Kenn_ROV_Dive_1_T4,0:03:20
Feb_21,8/2/2021,Kenn,ROV,Dive_1_T4,32.3,outer_reef,Chromis iomelas,15,Feb_21_44235_Kenn_ROV_Dive_1_T4,0:03:20
Feb_21,8/2/2021,Kenn,ROV,Dive_1_T4,32.3,outer_reef,Centropyge heraldi,2,Feb_21_44235_Kenn_ROV_Dive_1_T4,0:03:20
Feb_21,8/2/2021,Kenn,ROV,Dive_1_T4,32.3,outer_reef,Acanthochromis polyacanthus,15,Feb_21_44235_Kenn_ROV_Dive_1_T4,0:03:20
Feb_21,8/2/2021,Kenn,ROV,Dive_1_T4,32.3,outer_reef,Zebrasoma scopas,1,Feb_21_44235_Kenn_ROV_Dive_1_T4,0:03:20
Feb_21,8/2/2021,Kenn,ROV,Dive_1_T4,32.3,outer_reef,Zebrasoma scopas,1,Feb_21_44235_Kenn_ROV_Dive_1_T4,0:03:20
Feb_21,8/2/2021,Kenn,ROV,Dive_1_T4,32.3,outer_reef,Acanthochromis polyacanthus,15,Feb_21_44235_Kenn_ROV_Dive_1_T4,0:03:20
Feb_21,8/2/2021,Kenn,ROV,Dive_1_T4,32.3,outer_reef,Acanthochromis polyacanthus,1,Feb_21_44235_Kenn_ROV_Dive_1_T4,0:03:20
Feb_21,8/2/2021,Kenn,ROV,Dive_1_T4,32.3,outer_reef,Chromis weberi,5,Feb_21_44235_Kenn_ROV_Dive_1_T4,0:03:20
Feb_21,8/2/2021,Kenn,ROV,Dive_1_T4,32.3,outer_reef,Chaetodon pelewensis,2,Feb_21_44235_Kenn_ROV_Dive_1_T4,0:03:20
Feb_21,8/2/2021,Kenn,ROV,Dive_1_T4,32.3,outer_reef,Chromis xanthura,6,Feb_21_44235_Kenn_ROV_Dive_1_T4,0:03:20
Feb_21,8/2/2021,Kenn,ROV,Dive_1_T4,32.3,outer_reef,Acanthochromis polyacanthus,10,Feb_21_44235_Kenn_ROV_Dive_1_T4,0:03:20
Feb_21,8/2/2021,Kenn,ROV,Dive_1_T4,32.3,outer_reef,Acanthochromis polyacanthus,15,Feb_21_44235_Kenn_ROV_Dive_1_T4,0:03:20
Feb_21,8/2/2021,Kenn,ROV,Dive_1_T4,32.3,outer_reef,Pseudanthias tuka,1,Feb_21_44235_Kenn_ROV_Dive_1_T4,0:03:20
Feb_21,8/2/2021,Kenn,ROV,Dive_1_T4,32.3,outer_reef,Acanthochromis polyacanthus,10,Feb_21_44235_Kenn_ROV_Dive_1_T4,0:03:20
Feb_21,8/2/2021,Kenn,ROV,Dive_1_T4,32.3,outer_reef,Pseudanthias tuka,1,Feb_21_44235_Kenn_ROV_Dive_1_T4,0:03:20
Feb_21,8/2/2021,Kenn,ROV,Dive_1_T4,32.3,outer_reef,Pseudanthias tuka,1,Feb_21_44235_Kenn_ROV_Dive_1_T4,0:03:20
Feb_21,8/2/2021,Kenn,ROV,Dive_1_T4,32.3,outer_reef,Acanthochromis polyacanthus,15,Feb_21_44235_Kenn_ROV_Dive_1_T4,0:03:20
Feb_21,8/2/2021,Kenn,ROV,Dive_1_T4,32.3,outer_reef,Chromis weberi,8,Feb_21_44235_Kenn_ROV_Dive_1_T4,0:03:20
Feb_21,8/2/2021,Kenn,ROV,Dive_1_T4,32.3,outer_reef,Pseudanthias tuka,1,Feb_21_44235_Kenn_ROV_Dive_1_T4,0:03:20
Feb_21,8/2/2021,Kenn,ROV,Dive_1_T4,32.3,outer_reef,Chromis weberi,1,Feb_21_44235_Kenn_ROV_Dive_1_T4,0:03:20
Feb_21,8/2/2021,Kenn,ROV,Dive_1_T4,32.3,outer_reef,Forcipiger flavissimus,1,Feb_21_44235_Kenn_ROV_Dive_1_T4,0:03:20
Feb_21,8/2/2021,Kenn,ROV,Dive_1_T4,32.3,outer_reef,Pseudanthias tuka,1,Feb_21_44235_Kenn_ROV_Dive_1_T4,0:03:20
Feb_21,8/2/2021,Kenn,ROV,Dive_1_T4,32.3,outer_reef,Chromis weberi,1,Feb_21_44235_Kenn_ROV_Dive_1_T4,0:03:20
Feb_21,8/2/2021,Kenn,ROV,Dive_1_T4,32.3,outer_reef,Chaetodon pelewensis,1,Feb_21_44235_Kenn_ROV_Dive_1_T4,0:03:20
Feb_21,8/2/2021,Kenn,ROV,Dive_1_T4,32.3,outer_reef,Chromis weberi,1,Feb_21_44235_Kenn_ROV_Dive_1_T4,0:03:20
Feb_21,8/2/2021,Kenn,ROV,Dive_1_T4,32.3,outer_reef,Acanthurus thompsoni,6,Feb_21_44235_Kenn_ROV_Dive_1_T4,0:03:20
Feb_21,8/2/2021,Kenn,ROV,Dive_1_T4,32.3,outer_reef,Zebrasoma scopas,2,Feb_21_44235_Kenn_ROV_Dive_1_T4,0:03:20
Feb_21,8/2/2021,Kenn,ROV,Dive_1_T4,32.3,outer_reef,Acanthurus nigroris,1,Feb_21_44235_Kenn_ROV_Dive_1_T4,0:03:20
Feb_21,8/2/2021,Kenn,ROV,Dive_1_T4,32.3,outer_reef,Acanthurus thompsoni,6,Feb_21_44235_Kenn_ROV_Dive_1_T4,0:03:20
Feb_21,8/2/2021,Kenn,ROV,Dive_1_T4,32.3,outer_reef,Caesio lunaris,40,Feb_21_44235_Kenn_ROV_Dive_1_T4,0:03:20
Feb_21,8/2/2021,Kenn,ROV,Dive_1_T4,32.3,outer_reef,Caesio lunaris,50,Feb_21_44235_Kenn_ROV_Dive_1_T4,0:03:20
Feb_21,8/2/2021,Kenn,ROV,Dive_1_T4,32.3,outer_reef,Acanthurus albipectoralis,2,Feb_21_44235_Kenn_ROV_Dive_1_T4,0:03:20
Feb_21,8/2/2021,Kenn,ROV,Dive_1_T4,32.3,outer_reef,Heniochus chrysostomus,1,Feb_21_44235_Kenn_ROV_Dive_1_T4,0:03:20
Feb_21,8/2/2021,Kenn,ROV,Dive_1_T4,32.3,outer_reef,Acanthurus pyroferus,1,Feb_21_44235_Kenn_ROV_Dive_1_T4,0:03:20
Feb_21,8/2/2021,Kenn,ROV,Dive_1_T4,32.3,outer_reef,Parupeneus multifasciatus,1,Feb_21_44235_Kenn_ROV_Dive_1_T4,0:03:20
Feb_21,8/2/2021,Kenn,ROV,Dive_1_T4,32.3,outer_reef,Naso vlamingii,1,Feb_21_44235_Kenn_ROV_Dive_1_T4,0:03:20
Feb_21,8/2/2021,Kenn,ROV,Dive_1_T4,32.3,outer_reef,Macolor niger,1,Feb_21_44235_Kenn_ROV_Dive_1_T4,0:03:20
Feb_21,8/2/2021,Kenn,ROV,Dive_1_T4,32.3,outer_reef,Naso vlamingii,1,Feb_21_44235_Kenn_ROV_Dive_1_T4,0:03:20
Feb_21,8/2/2021,Kenn,ROV,Dive_1_T4,32.3,outer_reef,Naso vlamingii,1,Feb_21_44235_Kenn_ROV_Dive_1_T4,0:03:20
Feb_21,8/2/2021,Kenn,ROV,Dive_1_T4,32.3,outer_reef,Caranx ignobilis,1,Feb_21_44235_Kenn_ROV_Dive_1_T4,0:03:20
Feb_21,8/2/2021,Kenn,ROV,Dive_1_T4,32.3,outer_reef,Naso vlamingii,1,Feb_21_44235_Kenn_ROV_Dive_1_T4,0:03:20
Feb_21,8/2/2021,Kenn,ROV,Dive_1_T4,32.3,outer_reef,Plectropomus leopardus,1,Feb_21_44235_Kenn_ROV_Dive_1_T4,0:03:20
Feb_21,8/2/2021,Kenn,ROV,Dive_1_T1,32.3,outer_reef,Plectropomus laevis,1,Feb_21_44235_Kenn_ROV_Dive_1_T1,0:03:20
Feb_21,10/2/2021,Marion,ROV,Dive_1_T1,33.9,lagoon,Ctenochaetus striatus,3,Feb_21_44237_Marion_ROV_Dive_1_T1,0:03:20
Feb_21,10/2/2021,Marion,ROV,Dive_1_T1,33.9,lagoon,Ctenochaetus striatus,1,Feb_21_44237_Marion_ROV_Dive_1_T1,0:03:20
Feb_21,10/2/2021,Marion,ROV,Dive_1_T1,33.9,lagoon,Plectropomus leopardus,1,Feb_21_44237_Marion_ROV_Dive_1_T1,0:03:20
Feb_21,10/2/2021,Marion,ROV,Dive_1_T1,33.9,lagoon,Zebrasoma scopas,1,Feb_21_44237_Marion_ROV_Dive_1_T1,0:03:20
Feb_21,10/2/2021,Marion,ROV,Dive_1_T1,33.9,lagoon,Monotaxis grandoculis,1,Feb_21_44237_Marion_ROV_Dive_1_T1,0:03:20
Feb_21,10/2/2021,Marion,ROV,Dive_1_T1,33.9,lagoon,Sufflamen chrysopterum,1,Feb_21_44237_Marion_ROV_Dive_1_T1,0:03:20
Feb_21,10/2/2021,Marion,ROV,Dive_1_T1,33.9,lagoon,Ctenochaetus striatus,3,Feb_21_44237_Marion_ROV_Dive_1_T1,0:03:20
Feb_21,10/2/2021,Marion,ROV,Dive_1_T1,33.9,lagoon,Lutjanus adetii,1,Feb_21_44237_Marion_ROV_Dive_1_T1,0:03:20
Feb_21,10/2/2021,Marion,ROV,Dive_1_T1,33.9,lagoon,Mulloidichthys vanicolensis,2,Feb_21_44237_Marion_ROV_Dive_1_T1,0:03:20
Feb_21,10/2/2021,Marion,ROV,Dive_1_T1,33.9,lagoon,Scarus flavipectoralis,1,Feb_21_44237_Marion_ROV_Dive_1_T1,0:03:20
Feb_21,10/2/2021,Marion,ROV,Dive_1_T1,33.9,lagoon,Plectropomus leopardus,1,Feb_21_44237_Marion_ROV_Dive_1_T1,0:03:20
Feb_21,10/2/2021,Marion,ROV,Dive_1_T1,33.9,lagoon,Plectropomus leopardus,1,Feb_21_44237_Marion_ROV_Dive_1_T1,0:03:20
Feb_21,10/2/2021,Marion,ROV,Dive_1_T2,33.9,lagoon,Carcharhinus amblyrhynchos,1,Feb_21_44237_Marion_ROV_Dive_1_T2,0:03:20
Feb_21,10/2/2021,Marion,ROV,Dive_1_T3,34.5,lagoon,,,Feb_21_44237_Marion_ROV_Dive_1_T3,0:03:20
Feb_21,10/2/2021,Marion,ROV,Dive_1_T4,34.7,lagoon,Aprion virescens,1,Feb_21_44237_Marion_ROV_Dive_1_T4,0:03:20
Feb_21,10/2/2021,Marion,ROV,Dive_1_T5,35,lagoon,Pomacentrus moluccensis,2,Feb_21_44237_Marion_ROV_Dive_1_T5,0:03:20
Feb_21,10/2/2021,Marion,ROV,Dive_1_T5,34.9,lagoon,Pomacentrus moluccensis,3,Feb_21_44237_Marion_ROV_Dive_1_T5,0:03:20
Feb_21,10/2/2021,Marion,ROV,Dive_1_T5,34.9,lagoon,Dipterygonotus balteatus,400,Feb_21_44237_Marion_ROV_Dive_1_T5,0:03:20
Feb_21,10/2/2021,Marion,ROV,Dive_1_T6,34.9,lagoon,Aprion virescens,1,Feb_21_44237_Marion_ROV_Dive_1_T6,0:03:20
Feb_21,10/2/2021,Marion,ROV,Dive_1_T6,35,lagoon,Pomacentrus moluccensis,1,Feb_21_44237_Marion_ROV_Dive_1_T6,0:03:20
Feb_21,10/2/2021,Marion,ROV,Dive_1_T6,35,lagoon,Ctenochaetus striatus,3,Feb_21_44237_Marion_ROV_Dive_1_T6,0:03:20
Feb_21,10/2/2021,Marion,ROV,Dive_1_T6,35,lagoon,Ctenochaetus striatus,1,Feb_21_44237_Marion_ROV_Dive_1_T6,0:03:20
Feb_21,10/2/2021,Marion,ROV,Dive_1_T6,35,lagoon,Acanthurus nigricans,1,Feb_21_44237_Marion_ROV_Dive_1_T6,0:03:20
Feb_21,10/2/2021,Marion,ROV,Dive_1_T7,35,lagoon,Scarus flavipectoralis,1,Feb_21_44237_Marion_ROV_Dive_1_T7,0:03:20
Feb_21,10/2/2021,Marion,ROV,Dive_1_T8,34.9,lagoon,Labroides dimidiatus,1,Feb_21_44237_Marion_ROV_Dive_1_T8,0:03:20
Feb_21,10/2/2021,Marion,ROV,Dive_1_T8,35.1,lagoon,Pomacentrus moluccensis,1,Feb_21_44237_Marion_ROV_Dive_1_T8,0:03:20
Feb_21,10/2/2021,Marion,ROV,Dive_1_T8,35.1,lagoon,Chaetodon pelewensis,1,Feb_21_44237_Marion_ROV_Dive_1_T8,0:03:20
Feb_21,10/2/2021,Marion,ROV,Dive_1_T1,35.1,lagoon,Balistoides viridescens,1,Feb_21_44237_Marion_ROV_Dive_1_T1,0:03:20
Feb_21,11/2/2021,Lihou,ROV,Dive_1_T1,46.2,lagoon,Chromis ternatensis,12,Feb_21_44238_Lihou_ROV_Dive_1_T1,0:03:20
Feb_21,11/2/2021,Lihou,ROV,Dive_1_T1,46.2,lagoon,Chromis iomelas,1,Feb_21_44238_Lihou_ROV_Dive_1_T1,0:03:20
Feb_21,11/2/2021,Lihou,ROV,Dive_1_T1,46.2,lagoon,Chaetodon mertensii,2,Feb_21_44238_Lihou_ROV_Dive_1_T1,0:03:20
Feb_21,11/2/2021,Lihou,ROV,Dive_1_T1,46.2,lagoon,Ctenochaetus striatus,1,Feb_21_44238_Lihou_ROV_Dive_1_T1,0:03:20
Feb_21,11/2/2021,Lihou,ROV,Dive_1_T1,46.2,lagoon,Thalassoma lutescens,1,Feb_21_44238_Lihou_ROV_Dive_1_T1,0:03:20
Feb_21,11/2/2021,Lihou,ROV,Dive_1_T1,46.2,lagoon,Ctenochaetus striatus,1,Feb_21_44238_Lihou_ROV_Dive_1_T1,0:03:20
Feb_21,11/2/2021,Lihou,ROV,Dive_1_T1,46.2,lagoon,Chaetodon lineolatus,1,Feb_21_44238_Lihou_ROV_Dive_1_T1,0:03:20
Feb_21,11/2/2021,Lihou,ROV,Dive_1_T1,46.2,lagoon,Scarus niger,2,Feb_21_44238_Lihou_ROV_Dive_1_T1,0:03:20
Feb_21,11/2/2021,Lihou,ROV,Dive_1_T1,46.2,lagoon,Acanthurus blochii,2,Feb_21_44238_Lihou_ROV_Dive_1_T1,0:03:20
Feb_21,11/2/2021,Lihou,ROV,Dive_1_T1,46.2,lagoon,Acanthurus auranticavus,8,Feb_21_44238_Lihou_ROV_Dive_1_T1,0:03:20
Feb_21,11/2/2021,Lihou,ROV,Dive_1_T1,46.2,lagoon,Scarus niger,2,Feb_21_44238_Lihou_ROV_Dive_1_T1,0:03:20
Feb_21,11/2/2021,Lihou,ROV,Dive_1_T1,46.2,lagoon,Lutjanus adetii,1,Feb_21_44238_Lihou_ROV_Dive_1_T1,0:03:20
Feb_21,11/2/2021,Lihou,ROV,Dive_1_T1,46.2,lagoon,Monotaxis grandoculis,1,Feb_21_44238_Lihou_ROV_Dive_1_T1,0:03:20
Feb_21,11/2/2021,Lihou,ROV,Dive_1_T1,46.2,lagoon,Scarus flavipectoralis,2,Feb_21_44238_Lihou_ROV_Dive_1_T1,0:03:20
Feb_21,11/2/2021,Lihou,ROV,Dive_1_T1,46.2,lagoon,Plectropomus leopardus,1,Feb_21_44238_Lihou_ROV_Dive_1_T1,0:03:20
Feb_21,11/2/2021,Lihou,ROV,Dive_1_T2,46.2,lagoon,Balistapus undulatus,1,Feb_21_44238_Lihou_ROV_Dive_1_T2,0:03:20
Feb_21,11/2/2021,Lihou,ROV,Dive_1_T2,46.6,lagoon,Pomacentrus moluccensis,3,Feb_21_44238_Lihou_ROV_Dive_1_T2,0:03:20
Feb_21,11/2/2021,Lihou,ROV,Dive_1_T2,46.6,lagoon,Pomacentrus moluccensis,2,Feb_21_44238_Lihou_ROV_Dive_1_T2,0:03:20
Feb_21,11/2/2021,Lihou,ROV,Dive_1_T2,46.6,lagoon,Centropyge heraldi,1,Feb_21_44238_Lihou_ROV_Dive_1_T2,0:03:20
Feb_21,11/2/2021,Lihou,ROV,Dive_1_T2,46.6,lagoon,Choerodon jordani,1,Feb_21_44238_Lihou_ROV_Dive_1_T2,0:03:20
Feb_21,11/2/2021,Lihou,ROV,Dive_1_T2,46.6,lagoon,Sufflamen bursa,1,Feb_21_44238_Lihou_ROV_Dive_1_T2,0:03:20
Feb_21,11/2/2021,Lihou,ROV,Dive_1_T2,46.6,lagoon,Parupeneus multifasciatus,1,Feb_21_44238_Lihou_ROV_Dive_1_T2,0:03:20
Feb_21,11/2/2021,Lihou,ROV,Dive_1_T2,46.6,lagoon,Scarus frenatus,1,Feb_21_44238_Lihou_ROV_Dive_1_T2,0:03:20
Feb_21,11/2/2021,Lihou,ROV,Dive_1_T2,46.6,lagoon,Diagramma pictum,1,Feb_21_44238_Lihou_ROV_Dive_1_T2,0:03:20
Feb_21,11/2/2021,Lihou,ROV,Dive_1_T2,46.6,lagoon,Acanthurus nigricauda,8,Feb_21_44238_Lihou_ROV_Dive_1_T2,0:03:20
Feb_21,11/2/2021,Lihou,ROV,Dive_1_T3,46.6,lagoon,Stegastes fasciolatus,2,Feb_21_44238_Lihou_ROV_Dive_1_T3,0:03:20
Feb_21,11/2/2021,Lihou,ROV,Dive_2_T4,47.3,lagoon,,,Feb_21_44238_Lihou_ROV_Dive_2_T4,0:03:20
Feb_21,11/2/2021,Lihou,ROV,Dive_2_T4,47.1,lagoon,Centropyge heraldi,1,Feb_21_44238_Lihou_ROV_Dive_2_T4,0:03:20
Feb_21,11/2/2021,Lihou,ROV,Dive_2_T4,47.1,lagoon,Plectropomus laevis,1,Feb_21_44238_Lihou_ROV_Dive_2_T4,0:03:20
Feb_21,11/2/2021,Lihou,ROV,Dive_2_T5,47.1,lagoon,Stegastes fasciolatus,1,Feb_21_44238_Lihou_ROV_Dive_2_T5,0:03:20
Feb_21,11/2/2021,Lihou,ROV,Dive_2_T5,46.4,lagoon,Pomacentrus moluccensis,1,Feb_21_44238_Lihou_ROV_Dive_2_T5,0:03:20
Feb_21,11/2/2021,Lihou,ROV,Dive_2_T5,46.4,lagoon,Chaetodon mertensii,1,Feb_21_44238_Lihou_ROV_Dive_2_T5,0:03:20
Feb_21,11/2/2021,Lihou,ROV,Dive_2_T5,46.4,lagoon,Parupeneus pleurostigma,1,Feb_21_44238_Lihou_ROV_Dive_2_T5,0:03:20
Feb_21,11/2/2021,Lihou,ROV,Dive_2_T5,46.4,lagoon,Parupeneus pleurostigma,1,Feb_21_44238_Lihou_ROV_Dive_2_T5,0:03:20
Feb_21,11/2/2021,Lihou,ROV,Dive_2_T5,46.4,lagoon,Zanclus cornutus,1,Feb_21_44238_Lihou_ROV_Dive_2_T5,0:03:20
Feb_21,11/2/2021,Lihou,ROV,Dive_2_T5,46.4,lagoon,Parupeneus barberinoides,1,Feb_21_44238_Lihou_ROV_Dive_2_T5,0:03:20
Feb_21,11/2/2021,Lihou,ROV,Dive_2_T5,46.4,lagoon,Parupeneus barberinoides,1,Feb_21_44238_Lihou_ROV_Dive_2_T5,0:03:20
Feb_21,11/2/2021,Lihou,ROV,Dive_2_T5,46.4,lagoon,Parupeneus pleurostigma,1,Feb_21_44238_Lihou_ROV_Dive_2_T5,0:03:20
Feb_21,11/2/2021,Lihou,ROV,Dive_2_T5,46.4,lagoon,Acanthurus blochii,5,Feb_21_44238_Lihou_ROV_Dive_2_T5,0:03:20
Feb_21,11/2/2021,Lihou,ROV,Dive_2_T5,46.4,lagoon,Balistoides conspicillum,1,Feb_21_44238_Lihou_ROV_Dive_2_T5,0:03:20
Feb_21,11/2/2021,Lihou,ROV,Dive_2_T5,46.4,lagoon,Plectropomus leopardus,1,Feb_21_44238_Lihou_ROV_Dive_2_T5,0:03:20
Feb_21,11/2/2021,Lihou,ROV,Dive_2_T5,46.4,lagoon,Cirrhilabrus scottorum,1,Feb_21_44238_Lihou_ROV_Dive_2_T5,0:03:20
Feb_21,11/2/2021,Lihou,ROV,Dive_2_T5,46.4,lagoon,Cirrhilabrus punctatus,1,Feb_21_44238_Lihou_ROV_Dive_2_T5,0:03:20
Feb_21,11/2/2021,Lihou,ROV,Dive_2_T5,46.4,lagoon,Chromis iomelas,2,Feb_21_44238_Lihou_ROV_Dive_2_T5,0:03:20
Feb_21,11/2/2021,Lihou,ROV,Dive_2_T6,46.4,lagoon,Choerodon jordani,1,Feb_21_44238_Lihou_ROV_Dive_2_T6,0:03:20
Feb_21,11/2/2021,Lihou,ROV,Dive_2_T7,48.1,lagoon,,,Feb_21_44238_Lihou_ROV_Dive_2_T7,0:03:20
Feb_21,11/2/2021,Lihou,ROV,Dive_2_T7,47.7,lagoon,Centropyge heraldi,1,Feb_21_44238_Lihou_ROV_Dive_2_T7,0:03:20
Feb_21,11/2/2021,Lihou,ROV,Dive_2_T7,47.7,lagoon,Cephalopholis urodeta,1,Feb_21_44238_Lihou_ROV_Dive_2_T7,0:03:20
Feb_21,11/2/2021,Lihou,ROV,Dive_2_T7,47.7,lagoon,Cephalopholis miniata,1,Feb_21_44238_Lihou_ROV_Dive_2_T7,0:03:20
Feb_21,11/2/2021,Lihou,ROV,Dive_2_T7,47.7,lagoon,Ctenochaetus striatus,1,Feb_21_44238_Lihou_ROV_Dive_2_T7,0:03:20
Feb_21,11/2/2021,Lihou,ROV,Dive_2_T7,47.7,lagoon,Gymnocranius euanus,5,Feb_21_44238_Lihou_ROV_Dive_2_T7,0:03:20
Feb_21,11/2/2021,Lihou,ROV,Dive_2_T7,47.7,lagoon,Parupeneus multifasciatus,1,Feb_21_44238_Lihou_ROV_Dive_2_T7,0:03:20
Feb_21,11/2/2021,Lihou,ROV,Dive_2_T7,47.7,lagoon,Acanthurus grammoptilus,2,Feb_21_44238_Lihou_ROV_Dive_2_T7,0:03:20
Feb_21,11/2/2021,Lihou,ROV,Dive_2_T7,47.7,lagoon,Stegastes fasciolatus,1,Feb_21_44238_Lihou_ROV_Dive_2_T7,0:03:20
Feb_21,11/2/2021,Lihou,ROV,Dive_2_T8,47.7,lagoon,Pomacentrus sp,8,Feb_21_44238_Lihou_ROV_Dive_2_T8,0:03:20
Feb_21,11/2/2021,Lihou,ROV,Dive_2_T8,47.9,lagoon,Pomacentrus moluccensis,1,Feb_21_44238_Lihou_ROV_Dive_2_T8,0:03:20
Feb_21,11/2/2021,Lihou,ROV,Dive_2_T8,47.9,lagoon,Pomacentrus moluccensis,7,Feb_21_44238_Lihou_ROV_Dive_2_T8,0:03:20
Feb_21,11/2/2021,Lihou,ROV,Dive_2_T8,47.9,lagoon,Pomacentrus moluccensis,2,Feb_21_44238_Lihou_ROV_Dive_2_T8,0:03:20
Feb_21,11/2/2021,Lihou,ROV,Dive_2_T8,47.9,lagoon,Pomacentrus moluccensis,2,Feb_21_44238_Lihou_ROV_Dive_2_T8,0:03:20
Feb_21,11/2/2021,Lihou,ROV,Dive_2_T8,47.9,lagoon,Labroides dimidiatus,1,Feb_21_44238_Lihou_ROV_Dive_2_T8,0:03:20
Feb_21,11/2/2021,Lihou,ROV,Dive_2_T8,47.9,lagoon,Acanthurus nubilus,1,Feb_21_44238_Lihou_ROV_Dive_2_T8,0:03:20
Feb_21,11/2/2021,Lihou,ROV,Dive_2_T8,47.9,lagoon,Parupeneus barberinoides,2,Feb_21_44238_Lihou_ROV_Dive_2_T8,0:03:20
Feb_21,11/2/2021,Lihou,ROV,Dive_2_T8,47.9,lagoon,Cephalopholis urodeta,1,Feb_21_44238_Lihou_ROV_Dive_2_T8,0:03:20
Feb_21,11/2/2021,Lihou,ROV,Dive_2_T8,47.9,lagoon,Choerodon jordani,1,Feb_21_44238_Lihou_ROV_Dive_2_T8,0:03:20
Feb_21,11/2/2021,Lihou,ROV,Dive_2_T8,47.9,lagoon,Parupeneus barberinoides,1,Feb_21_44238_Lihou_ROV_Dive_2_T8,0:03:20
Feb_21,11/2/2021,Lihou,ROV,Dive_2_T8,47.9,lagoon,Sufflamen chrysopterum,1,Feb_21_44238_Lihou_ROV_Dive_2_T8,0:03:20
Feb_21,11/2/2021,Lihou,ROV,Dive_2_T8,47.9,lagoon,Oxycheilinus digramma,1,Feb_21_44238_Lihou_ROV_Dive_2_T8,0:03:20
Feb_21,11/2/2021,Lihou,ROV,Dive_2_T8,47.9,lagoon,Scarus niger,6,Feb_21_44238_Lihou_ROV_Dive_2_T8,0:03:20
Feb_21,11/2/2021,Lihou,ROV,Dive_2_T8,47.9,lagoon,Sufflamen bursa,1,Feb_21_44238_Lihou_ROV_Dive_2_T8,0:03:20
Feb_21,11/2/2021,Lihou,ROV,Dive_2_T8,47.9,lagoon,Acanthurus grammoptilus,2,Feb_21_44238_Lihou_ROV_Dive_2_T8,0:03:20
Feb_21,11/2/2021,Lihou,ROV,Dive_2_T8,47.9,lagoon,Pseudobalistes fuscus,1,Feb_21_44238_Lihou_ROV_Dive_2_T8,0:03:20
Feb_21,11/2/2021,Lihou,ROV,Dive_2_T8,47.9,lagoon,Plectropomus leopardus,1,Feb_21_44238_Lihou_ROV_Dive_2_T8,0:03:20
Feb_21,11/2/2021,Lihou,ROV,Dive_2_T8,47.9,lagoon,Balistoides viridescens,1,Feb_21_44238_Lihou_ROV_Dive_2_T8,0:03:20
Feb_21,11/2/2021,Lihou,ROV,Dive_2_T8,47.9,lagoon,Pomacentrus sp,6,Feb_21_44238_Lihou_ROV_Dive_2_T8,0:03:20
Feb_21,11/2/2021,Lihou,ROV,Dive_2_T8,47.9,lagoon,Pomacentrus sp,1,Feb_21_44238_Lihou_ROV_Dive_2_T8,0:03:20
Feb_21,11/2/2021,Lihou,ROV,Dive_2_T9,47.9,lagoon,Clupeidae sp,3000,Feb_21_44238_Lihou_ROV_Dive_2_T9,0:03:20
Feb_21,11/2/2021,Lihou,ROV,Dive_2_T9,48.9,lagoon,Pomacentrus moluccensis,2,Feb_21_44238_Lihou_ROV_Dive_2_T9,0:03:20
Feb_21,11/2/2021,Lihou,ROV,Dive_2_T9,48.9,lagoon,Pomacentrus moluccensis,2,Feb_21_44238_Lihou_ROV_Dive_2_T9,0:03:20
Feb_21,11/2/2021,Lihou,ROV,Dive_2_T9,48.9,lagoon,Amphiprion chrysopterus,2,Feb_21_44238_Lihou_ROV_Dive_2_T9,0:03:20
Feb_21,11/2/2021,Lihou,ROV,Dive_2_T9,48.9,lagoon,Parupeneus barberinoides,2,Feb_21_44238_Lihou_ROV_Dive_2_T9,0:03:20
Feb_21,11/2/2021,Lihou,ROV,Dive_2_T9,48.9,lagoon,Parupeneus cyclostomus,1,Feb_21_44238_Lihou_ROV_Dive_2_T9,0:03:20
Feb_21,11/2/2021,Lihou,ROV,Dive_2_T9,48.9,lagoon,Pomacentrus sp,4,Feb_21_44238_Lihou_ROV_Dive_2_T9,0:03:20
Feb_21,11/2/2021,Lihou,ROV,Dive_2_T9,48.9,lagoon,Pomacentrus sp,6,Feb_21_44238_Lihou_ROV_Dive_2_T9,0:03:20
Feb_21,11/2/2021,Lihou,ROV,Dive_2_T10,48.9,lagoon,Cirrhilabrus sp,2,Feb_21_44238_Lihou_ROV_Dive_2_T10,0:03:20
Feb_21,11/2/2021,Lihou,ROV,Dive_1_T1,48.8,lagoon,,,Feb_21_44238_Lihou_ROV_Dive_1_T1,0:03:20
Feb_21,12/2/2021,Lihou,ROV,Dive_1_T1,45.1,outer_slope,Chromis ternatensis,6,Feb_21_44239_Lihou_ROV_Dive_1_T1,0:03:20
Feb_21,12/2/2021,Lihou,ROV,Dive_1_T1,45.1,outer_slope,Chromis iomelas,8,Feb_21_44239_Lihou_ROV_Dive_1_T1,0:03:20
Feb_21,12/2/2021,Lihou,ROV,Dive_1_T1,45.1,outer_slope,Pomacentrus nigromarginatus,4,Feb_21_44239_Lihou_ROV_Dive_1_T1,0:03:20
Feb_21,12/2/2021,Lihou,ROV,Dive_1_T1,45.1,outer_slope,Acanthochromis polyacanthus,6,Feb_21_44239_Lihou_ROV_Dive_1_T1,0:03:20
Feb_21,12/2/2021,Lihou,ROV,Dive_1_T1,45.1,outer_slope,Ctenochaetus striatus,5,Feb_21_44239_Lihou_ROV_Dive_1_T1,0:03:20
Feb_21,12/2/2021,Lihou,ROV,Dive_1_T1,45.1,outer_slope,Amblyglyphidodon aureus,1,Feb_21_44239_Lihou_ROV_Dive_1_T1,0:03:20
Feb_21,12/2/2021,Lihou,ROV,Dive_1_T1,45.1,outer_slope,Genicanthus watanabei,4,Feb_21_44239_Lihou_ROV_Dive_1_T1,0:03:20
Feb_21,12/2/2021,Lihou,ROV,Dive_1_T1,45.1,outer_slope,Genicanthus watanabei,1,Feb_21_44239_Lihou_ROV_Dive_1_T1,0:03:20
Feb_21,12/2/2021,Lihou,ROV,Dive_1_T1,45.1,outer_slope,Pseudanthias pleurotaenia,5,Feb_21_44239_Lihou_ROV_Dive_1_T1,0:03:20
Feb_21,12/2/2021,Lihou,ROV,Dive_1_T1,45.1,outer_slope,Acanthurus thompsoni,1,Feb_21_44239_Lihou_ROV_Dive_1_T1,0:03:20
Feb_21,12/2/2021,Lihou,ROV,Dive_1_T1,45.1,outer_slope,Pseudanthias pleurotaenia,12,Feb_21_44239_Lihou_ROV_Dive_1_T1,0:03:20
Feb_21,12/2/2021,Lihou,ROV,Dive_1_T1,45.1,outer_slope,Acanthurus thompsoni,12,Feb_21_44239_Lihou_ROV_Dive_1_T1,0:03:20
Feb_21,12/2/2021,Lihou,ROV,Dive_1_T1,45.1,outer_slope,Chaetodon mertensii,2,Feb_21_44239_Lihou_ROV_Dive_1_T1,0:03:20
Feb_21,12/2/2021,Lihou,ROV,Dive_1_T1,45.1,outer_slope,Ctenochaetus striatus,4,Feb_21_44239_Lihou_ROV_Dive_1_T1,0:03:20
Feb_21,12/2/2021,Lihou,ROV,Dive_1_T1,45.1,outer_slope,Acanthurus pyroferus,6,Feb_21_44239_Lihou_ROV_Dive_1_T1,0:03:20
Feb_21,12/2/2021,Lihou,ROV,Dive_1_T1,45.1,outer_slope,Parupeneus multifasciatus,1,Feb_21_44239_Lihou_ROV_Dive_1_T1,0:03:20
Feb_21,12/2/2021,Lihou,ROV,Dive_1_T1,45.1,outer_slope,Scarus frenatus,2,Feb_21_44239_Lihou_ROV_Dive_1_T1,0:03:20
Feb_21,12/2/2021,Lihou,ROV,Dive_1_T1,45.1,outer_slope,Pseudanthias sp,2,Feb_21_44239_Lihou_ROV_Dive_1_T1,0:03:20
Feb_21,12/2/2021,Lihou,ROV,Dive_1_T1,45.1,outer_slope,Pomacentridae sp,12,Feb_21_44239_Lihou_ROV_Dive_1_T1,0:03:20
Feb_21,12/2/2021,Lihou,ROV,Dive_1_T2,45.1,outer_slope,Labridae sp,6,Feb_21_44239_Lihou_ROV_Dive_1_T2,0:03:20
Feb_21,12/2/2021,Lihou,ROV,Dive_1_T2,31.2,outer_slope,Chromis iomelas,4,Feb_21_44239_Lihou_ROV_Dive_1_T2,0:03:20
Feb_21,12/2/2021,Lihou,ROV,Dive_1_T2,31.2,outer_slope,Dascyllus trimaculatus,2,Feb_21_44239_Lihou_ROV_Dive_1_T2,0:03:20
Feb_21,12/2/2021,Lihou,ROV,Dive_1_T2,31.2,outer_slope,Dascyllus reticulatus,4,Feb_21_44239_Lihou_ROV_Dive_1_T2,0:03:20
Feb_21,12/2/2021,Lihou,ROV,Dive_1_T2,31.2,outer_slope,Sufflamen bursa,1,Feb_21_44239_Lihou_ROV_Dive_1_T2,0:03:20
Feb_21,12/2/2021,Lihou,ROV,Dive_1_T2,31.2,outer_slope,Chaetodon pelewensis,1,Feb_21_44239_Lihou_ROV_Dive_1_T2,0:03:20
Feb_21,12/2/2021,Lihou,ROV,Dive_1_T2,31.2,outer_slope,Chromis weberi,2,Feb_21_44239_Lihou_ROV_Dive_1_T2,0:03:20
Feb_21,12/2/2021,Lihou,ROV,Dive_1_T2,31.2,outer_slope,Chaetodon mertensii,1,Feb_21_44239_Lihou_ROV_Dive_1_T2,0:03:20
Feb_21,12/2/2021,Lihou,ROV,Dive_1_T2,31.2,outer_slope,Thalassoma lutescens,1,Feb_21_44239_Lihou_ROV_Dive_1_T2,0:03:20
Feb_21,12/2/2021,Lihou,ROV,Dive_1_T2,31.2,outer_slope,Thalassoma lutescens,1,Feb_21_44239_Lihou_ROV_Dive_1_T2,0:03:20
Feb_21,12/2/2021,Lihou,ROV,Dive_1_T2,31.2,outer_slope,Choerodon jordani,1,Feb_21_44239_Lihou_ROV_Dive_1_T2,0:03:20
Feb_21,12/2/2021,Lihou,ROV,Dive_1_T2,31.2,outer_slope,Thalassoma lutescens,1,Feb_21_44239_Lihou_ROV_Dive_1_T2,0:03:20
Feb_21,12/2/2021,Lihou,ROV,Dive_1_T2,31.2,outer_slope,Pseudobalistes fuscus,1,Feb_21_44239_Lihou_ROV_Dive_1_T2,0:03:20
Feb_21,12/2/2021,Lihou,ROV,Dive_1_T2,31.2,outer_slope,Pomacentrus sp,6,Feb_21_44239_Lihou_ROV_Dive_1_T2,0:03:20
Feb_21,12/2/2021,Lihou,ROV,Dive_1_T3,31.2,outer_slope,Coris sp,4,Feb_21_44239_Lihou_ROV_Dive_1_T3,0:03:20
Feb_21,12/2/2021,Lihou,ROV,Dive_1_T3,30.8,outer_slope,Cantherhines dumerilii,1,Feb_21_44239_Lihou_ROV_Dive_1_T3,0:03:20
Feb_21,12/2/2021,Lihou,ROV,Dive_1_T3,30.8,outer_slope,Thalassoma hardwicke,1,Feb_21_44239_Lihou_ROV_Dive_1_T3,0:03:20
Feb_21,12/2/2021,Lihou,ROV,Dive_1_T3,30.8,outer_slope,Sufflamen chrysopterum,1,Feb_21_44239_Lihou_ROV_Dive_1_T3,0:03:20
Feb_21,12/2/2021,Lihou,ROV,Dive_1_T3,30.8,outer_slope,Pomacentrus sp,2,Feb_21_44239_Lihou_ROV_Dive_1_T3,0:03:20
Feb_21,12/2/2021,Lihou,ROV,Dive_1_T3,30.8,outer_slope,Cirrhilabrus sp,4,Feb_21_44239_Lihou_ROV_Dive_1_T3,0:03:20
Feb_21,12/2/2021,Lihou,ROV,Dive_1_T4,30.8,outer_slope,Stegastes sp,1,Feb_21_44239_Lihou_ROV_Dive_1_T4,0:03:20
Feb_21,12/2/2021,Lihou,ROV,Dive_1_T4,33,outer_slope,Pomacentrus moluccensis,4,Feb_21_44239_Lihou_ROV_Dive_1_T4,0:03:20
Feb_21,12/2/2021,Lihou,ROV,Dive_1_T4,33,outer_slope,Chaetodon kleinii,2,Feb_21_44239_Lihou_ROV_Dive_1_T4,0:03:20
Feb_21,12/2/2021,Lihou,ROV,Dive_1_T4,33,outer_slope,Chaetodon mertensii,2,Feb_21_44239_Lihou_ROV_Dive_1_T4,0:03:20
Feb_21,12/2/2021,Lihou,ROV,Dive_1_T4,33,outer_slope,Acanthurus thompsoni,2,Feb_21_44239_Lihou_ROV_Dive_1_T4,0:03:20
Feb_21,12/2/2021,Lihou,ROV,Dive_1_T4,33,outer_slope,Choerodon jordani,2,Feb_21_44239_Lihou_ROV_Dive_1_T4,0:03:20
Feb_21,12/2/2021,Lihou,ROV,Dive_1_T4,33,outer_slope,Sufflamen chrysopterum,1,Feb_21_44239_Lihou_ROV_Dive_1_T4,0:03:20
Feb_21,12/2/2021,Lihou,ROV,Dive_1_T4,33,outer_slope,Cantherhines dumerilii,1,Feb_21_44239_Lihou_ROV_Dive_1_T4,0:03:20
Feb_21,12/2/2021,Lihou,ROV,Dive_1_T4,33,outer_slope,Oxycheilinus unifasciatus,1,Feb_21_44239_Lihou_ROV_Dive_1_T4,0:03:20
Feb_21,12/2/2021,Lihou,ROV,Dive_1_T4,33,outer_slope,Pomacentrus sp,6,Feb_21_44239_Lihou_ROV_Dive_1_T4,0:03:20
Feb_21,12/2/2021,Lihou,ROV,Dive_1_T4,33,outer_slope,Ctenochaetus sp,5,Feb_21_44239_Lihou_ROV_Dive_1_T4,0:03:20
Feb_21,12/2/2021,Lihou,ROV,Dive_1_T5,33,outer_slope,Scarus sp,2,Feb_21_44239_Lihou_ROV_Dive_1_T5,0:03:20
Feb_21,12/2/2021,Lihou,ROV,Dive_1_T5,31.7,outer_slope,Pomacentrus moluccensis,2,Feb_21_44239_Lihou_ROV_Dive_1_T5,0:03:20
Feb_21,12/2/2021,Lihou,ROV,Dive_1_T5,31.7,outer_slope,Chaetodon kleinii,1,Feb_21_44239_Lihou_ROV_Dive_1_T5,0:03:20
Feb_21,12/2/2021,Lihou,ROV,Dive_1_T5,31.7,outer_slope,Centropyge bicolor,1,Feb_21_44239_Lihou_ROV_Dive_1_T5,0:03:20
Feb_21,12/2/2021,Lihou,ROV,Dive_1_T5,31.7,outer_slope,Chaetodon mertensii,2,Feb_21_44239_Lihou_ROV_Dive_1_T5,0:03:20
Feb_21,12/2/2021,Lihou,ROV,Dive_1_T5,31.7,outer_slope,Rhinecanthus rectangulus,1,Feb_21_44239_Lihou_ROV_Dive_1_T5,0:03:20
Feb_21,12/2/2021,Lihou,ROV,Dive_1_T5,31.7,outer_slope,Cantherhines dumerilii,1,Feb_21_44239_Lihou_ROV_Dive_1_T5,0:03:20
Feb_21,12/2/2021,Lihou,ROV,Dive_1_T5,31.7,outer_slope,Gymnocranius euanus,1,Feb_21_44239_Lihou_ROV_Dive_1_T5,0:03:20
Feb_21,12/2/2021,Lihou,ROV,Dive_1_T5,31.7,outer_slope,Melichthys vidua,1,Feb_21_44239_Lihou_ROV_Dive_1_T5,0:03:20
Feb_21,12/2/2021,Lihou,ROV,Dive_1_T6,31.7,outer_slope,Balistoides viridescens,1,Feb_21_44239_Lihou_ROV_Dive_1_T6,0:03:20
Feb_21,12/2/2021,Lihou,ROV,Dive_1_T6,32.5,outer_slope,Chrysiptera taupou,3,Feb_21_44239_Lihou_ROV_Dive_1_T6,0:03:20
Feb_21,12/2/2021,Lihou,ROV,Dive_1_T6,32.5,outer_slope,Pseudanthias pictilis,12,Feb_21_44239_Lihou_ROV_Dive_1_T6,0:03:20
Feb_21,12/2/2021,Lihou,ROV,Dive_1_T6,32.5,outer_slope,Genicanthus watanabei,8,Feb_21_44239_Lihou_ROV_Dive_1_T6,0:03:20
Feb_21,12/2/2021,Lihou,ROV,Dive_1_T6,32.5,outer_slope,Chromis weberi,1,Feb_21_44239_Lihou_ROV_Dive_1_T6,0:03:20
Feb_21,12/2/2021,Lihou,ROV,Dive_1_T6,32.5,outer_slope,Centropyge heraldi,1,Feb_21_44239_Lihou_ROV_Dive_1_T6,0:03:20
Feb_21,12/2/2021,Lihou,ROV,Dive_1_T6,32.5,outer_slope,Centropyge heraldi,2,Feb_21_44239_Lihou_ROV_Dive_1_T6,0:03:20
Feb_21,12/2/2021,Lihou,ROV,Dive_1_T6,32.5,outer_slope,Chaetodon mertensii,1,Feb_21_44239_Lihou_ROV_Dive_1_T6,0:03:20
Feb_21,12/2/2021,Lihou,ROV,Dive_1_T6,32.5,outer_slope,Ctenochaetus striatus,2,Feb_21_44239_Lihou_ROV_Dive_1_T6,0:03:20
Feb_21,12/2/2021,Lihou,ROV,Dive_1_T6,32.5,outer_slope,Zebrasoma scopas,1,Feb_21_44239_Lihou_ROV_Dive_1_T6,0:03:20
Feb_21,12/2/2021,Lihou,ROV,Dive_1_T6,32.5,outer_slope,Thalassoma lutescens,1,Feb_21_44239_Lihou_ROV_Dive_1_T6,0:03:20
Feb_21,12/2/2021,Lihou,ROV,Dive_1_T6,32.5,outer_slope,Choerodon jordani,1,Feb_21_44239_Lihou_ROV_Dive_1_T6,0:03:20
Feb_21,12/2/2021,Lihou,ROV,Dive_1_T6,32.5,outer_slope,Zanclus cornutus,1,Feb_21_44239_Lihou_ROV_Dive_1_T6,0:03:20
Feb_21,12/2/2021,Lihou,ROV,Dive_1_T6,32.5,outer_slope,Rhinecanthus aculeatus,1,Feb_21_44239_Lihou_ROV_Dive_1_T6,0:03:20
Feb_21,12/2/2021,Lihou,ROV,Dive_1_T6,32.5,outer_slope,Bodianus loxozonus,1,Feb_21_44239_Lihou_ROV_Dive_1_T6,0:03:20
Feb_21,12/2/2021,Lihou,ROV,Dive_1_T6,32.5,outer_slope,Bodianus loxozonus,1,Feb_21_44239_Lihou_ROV_Dive_1_T6,0:03:20
Feb_21,12/2/2021,Lihou,ROV,Dive_1_T6,32.5,outer_slope,Zanclus cornutus,3,Feb_21_44239_Lihou_ROV_Dive_1_T6,0:03:20
Feb_21,12/2/2021,Lihou,ROV,Dive_1_T6,32.5,outer_slope,Oxycheilinus unifasciatus,1,Feb_21_44239_Lihou_ROV_Dive_1_T6,0:03:20
Feb_21,12/2/2021,Lihou,ROV,Dive_1_T6,32.5,outer_slope,Oxycheilinus unifasciatus,1,Feb_21_44239_Lihou_ROV_Dive_1_T6,0:03:20
Feb_21,12/2/2021,Lihou,ROV,Dive_1_T6,32.5,outer_slope,Gymnocranius euanus,3,Feb_21_44239_Lihou_ROV_Dive_1_T6,0:03:20
Feb_21,12/2/2021,Lihou,ROV,Dive_1_T6,32.5,outer_slope,Scarus forsteni,1,Feb_21_44239_Lihou_ROV_Dive_1_T6,0:03:20
Feb_21,12/2/2021,Lihou,ROV,Dive_1_T6,32.5,outer_slope,Variola louti,1,Feb_21_44239_Lihou_ROV_Dive_1_T6,0:03:20
Feb_21,12/2/2021,Lihou,ROV,Dive_1_T6,32.5,outer_slope,Balistoides viridescens,1,Feb_21_44239_Lihou_ROV_Dive_1_T6,0:03:20
Feb_21,12/2/2021,Lihou,ROV,Dive_1_T7,32.5,outer_slope,Cirrhilabrus sp,4,Feb_21_44239_Lihou_ROV_Dive_1_T7,0:03:20
Feb_21,12/2/2021,Lihou,ROV,Dive_1_T7,36.5,outer_slope,Chromis iomelas,4,Feb_21_44239_Lihou_ROV_Dive_1_T7,0:03:20
Feb_21,12/2/2021,Lihou,ROV,Dive_1_T7,36.5,outer_slope,Chromis iomelas,1,Feb_21_44239_Lihou_ROV_Dive_1_T7,0:03:20
Feb_21,12/2/2021,Lihou,ROV,Dive_1_T7,36.5,outer_slope,Dascyllus reticulatus,11,Feb_21_44239_Lihou_ROV_Dive_1_T7,0:03:20
Feb_21,12/2/2021,Lihou,ROV,Dive_1_T7,36.5,outer_slope,Centropyge flavissima,1,Feb_21_44239_Lihou_ROV_Dive_1_T7,0:03:20
Feb_21,12/2/2021,Lihou,ROV,Dive_1_T7,36.5,outer_slope,Chromis weberi,1,Feb_21_44239_Lihou_ROV_Dive_1_T7,0:03:20
Feb_21,12/2/2021,Lihou,ROV,Dive_1_T7,36.5,outer_slope,Acanthurus thompsoni,3,Feb_21_44239_Lihou_ROV_Dive_1_T7,0:03:20
Feb_21,12/2/2021,Lihou,ROV,Dive_1_T7,36.5,outer_slope,Acanthurus thompsoni,23,Feb_21_44239_Lihou_ROV_Dive_1_T7,0:03:20
Feb_21,12/2/2021,Lihou,ROV,Dive_1_T7,36.5,outer_slope,Acanthurus dussumieri,1,Feb_21_44239_Lihou_ROV_Dive_1_T7,0:03:20
Feb_21,12/2/2021,Lihou,ROV,Dive_1_T7,36.5,outer_slope,Acanthurus dussumieri,1,Feb_21_44239_Lihou_ROV_Dive_1_T7,0:03:20
Feb_21,12/2/2021,Lihou,ROV,Dive_1_T7,36.5,outer_slope,Macolor niger,1,Feb_21_44239_Lihou_ROV_Dive_1_T7,0:03:20
Feb_21,12/2/2021,Lihou,ROV,Dive_1_T7,36.5,outer_slope,Cirrhilabrus sp,4,Feb_21_44239_Lihou_ROV_Dive_1_T7,0:03:20
Feb_21,12/2/2021,Lihou,ROV,Dive_1_T7,36.5,outer_slope,Pomacentrus sp,1,Feb_21_44239_Lihou_ROV_Dive_1_T7,0:03:20
Feb_21,12/2/2021,Lihou,ROV,Dive_1_T8,36.5,outer_slope,Ctenochaetus sp,1,Feb_21_44239_Lihou_ROV_Dive_1_T8,0:03:20
Feb_21,12/2/2021,Lihou,ROV,Dive_1_T8,40,outer_slope,Chromis ternatensis,5,Feb_21_44239_Lihou_ROV_Dive_1_T8,0:03:20
Feb_21,12/2/2021,Lihou,ROV,Dive_1_T8,40,outer_slope,Chromis iomelas,4,Feb_21_44239_Lihou_ROV_Dive_1_T8,0:03:20
Feb_21,12/2/2021,Lihou,ROV,Dive_1_T8,40,outer_slope,Dascyllus reticulatus,4,Feb_21_44239_Lihou_ROV_Dive_1_T8,0:03:20
Feb_21,12/2/2021,Lihou,ROV,Dive_1_T8,40,outer_slope,Chromis ternatensis,6,Feb_21_44239_Lihou_ROV_Dive_1_T8,0:03:20
Feb_21,12/2/2021,Lihou,ROV,Dive_1_T8,40,outer_slope,Chromis atripes,6,Feb_21_44239_Lihou_ROV_Dive_1_T8,0:03:20
Feb_21,12/2/2021,Lihou,ROV,Dive_1_T8,40,outer_slope,Chromis ternatensis,12,Feb_21_44239_Lihou_ROV_Dive_1_T8,0:03:20
Feb_21,12/2/2021,Lihou,ROV,Dive_1_T8,40,outer_slope,Dascyllus reticulatus,8,Feb_21_44239_Lihou_ROV_Dive_1_T8,0:03:20
Feb_21,12/2/2021,Lihou,ROV,Dive_1_T8,40,outer_slope,Dascyllus reticulatus,20,Feb_21_44239_Lihou_ROV_Dive_1_T8,0:03:20
Feb_21,12/2/2021,Lihou,ROV,Dive_1_T8,40,outer_slope,Dascyllus reticulatus,5,Feb_21_44239_Lihou_ROV_Dive_1_T8,0:03:20
Feb_21,12/2/2021,Lihou,ROV,Dive_1_T8,40,outer_slope,Zebrasoma scopas,1,Feb_21_44239_Lihou_ROV_Dive_1_T8,0:03:20
Feb_21,12/2/2021,Lihou,ROV,Dive_1_T8,40,outer_slope,Chromis weberi,6,Feb_21_44239_Lihou_ROV_Dive_1_T8,0:03:20
Feb_21,12/2/2021,Lihou,ROV,Dive_1_T8,40,outer_slope,Forcipiger flavissimus,1,Feb_21_44239_Lihou_ROV_Dive_1_T8,0:03:20
Feb_21,12/2/2021,Lihou,ROV,Dive_1_T8,40,outer_slope,Chaetodon kleinii,2,Feb_21_44239_Lihou_ROV_Dive_1_T8,0:03:20
Feb_21,12/2/2021,Lihou,ROV,Dive_1_T8,40,outer_slope,Caesio lunaris,120,Feb_21_44239_Lihou_ROV_Dive_1_T8,0:03:20
Feb_21,12/2/2021,Lihou,ROV,Dive_1_T8,40,outer_slope,Chaetodon auriga,2,Feb_21_44239_Lihou_ROV_Dive_1_T8,0:03:20
Feb_21,12/2/2021,Lihou,ROV,Dive_1_T8,40,outer_slope,Forcipiger flavissimus,1,Feb_21_44239_Lihou_ROV_Dive_1_T8,0:03:20
Feb_21,12/2/2021,Lihou,ROV,Dive_1_T8,40,outer_slope,Acanthurus thompsoni,6,Feb_21_44239_Lihou_ROV_Dive_1_T8,0:03:20
Feb_21,12/2/2021,Lihou,ROV,Dive_1_T8,40,outer_slope,Forcipiger flavissimus,2,Feb_21_44239_Lihou_ROV_Dive_1_T8,0:03:20
Feb_21,12/2/2021,Lihou,ROV,Dive_1_T8,40,outer_slope,Acanthochromis polyacanthus,4,Feb_21_44239_Lihou_ROV_Dive_1_T8,0:03:20
Feb_21,12/2/2021,Lihou,ROV,Dive_1_T8,40,outer_slope,Chaetodon vagabundus,1,Feb_21_44239_Lihou_ROV_Dive_1_T8,0:03:20
Feb_21,12/2/2021,Lihou,ROV,Dive_1_T8,40,outer_slope,Choerodon jordani,3,Feb_21_44239_Lihou_ROV_Dive_1_T8,0:03:20
Feb_21,12/2/2021,Lihou,ROV,Dive_1_T8,40,outer_slope,Acanthurus thompsoni,4,Feb_21_44239_Lihou_ROV_Dive_1_T8,0:03:20
Feb_21,12/2/2021,Lihou,ROV,Dive_1_T8,40,outer_slope,Acanthurus thompsoni,25,Feb_21_44239_Lihou_ROV_Dive_1_T8,0:03:20
Feb_21,12/2/2021,Lihou,ROV,Dive_1_T8,40,outer_slope,Ctenochaetus striatus,2,Feb_21_44239_Lihou_ROV_Dive_1_T8,0:03:20
Feb_21,12/2/2021,Lihou,ROV,Dive_1_T8,40,outer_slope,Ctenochaetus striatus,2,Feb_21_44239_Lihou_ROV_Dive_1_T8,0:03:20
Feb_21,12/2/2021,Lihou,ROV,Dive_1_T8,40,outer_slope,Gomphosus varius,3,Feb_21_44239_Lihou_ROV_Dive_1_T8,0:03:20
Feb_21,12/2/2021,Lihou,ROV,Dive_1_T8,40,outer_slope,Zanclus cornutus,2,Feb_21_44239_Lihou_ROV_Dive_1_T8,0:03:20
Feb_21,12/2/2021,Lihou,ROV,Dive_1_T8,40,outer_slope,Cephalopholis urodeta,1,Feb_21_44239_Lihou_ROV_Dive_1_T8,0:03:20
Feb_21,12/2/2021,Lihou,ROV,Dive_1_T8,40,outer_slope,Caesio lunaris,45,Feb_21_44239_Lihou_ROV_Dive_1_T8,0:03:20
Feb_21,12/2/2021,Lihou,ROV,Dive_1_T8,40,outer_slope,Caesio lunaris,45,Feb_21_44239_Lihou_ROV_Dive_1_T8,0:03:20
Feb_21,12/2/2021,Lihou,ROV,Dive_1_T8,40,outer_slope,Acanthurus pyroferus,2,Feb_21_44239_Lihou_ROV_Dive_1_T8,0:03:20
Feb_21,12/2/2021,Lihou,ROV,Dive_1_T8,40,outer_slope,Novaculichthys taeniourus,1,Feb_21_44239_Lihou_ROV_Dive_1_T8,0:03:20
Feb_21,12/2/2021,Lihou,ROV,Dive_1_T8,40,outer_slope,Acanthurus pyroferus,3,Feb_21_44239_Lihou_ROV_Dive_1_T8,0:03:20
Feb_21,12/2/2021,Lihou,ROV,Dive_1_T8,40,outer_slope,Oxycheilinus unifasciatus,3,Feb_21_44239_Lihou_ROV_Dive_1_T8,0:03:20
Feb_21,12/2/2021,Lihou,ROV,Dive_1_T8,40,outer_slope,Parupeneus multifasciatus,2,Feb_21_44239_Lihou_ROV_Dive_1_T8,0:03:20
Feb_21,12/2/2021,Lihou,ROV,Dive_1_T8,40,outer_slope,Naso lituratus,2,Feb_21_44239_Lihou_ROV_Dive_1_T8,0:03:20
Feb_21,12/2/2021,Lihou,ROV,Dive_1_T8,40,outer_slope,Acanthurus blochii,2,Feb_21_44239_Lihou_ROV_Dive_1_T8,0:03:20
Feb_21,12/2/2021,Lihou,ROV,Dive_1_T8,40,outer_slope,Naso vlamingii,2,Feb_21_44239_Lihou_ROV_Dive_1_T8,0:03:20
Feb_21,12/2/2021,Lihou,ROV,Dive_1_T8,40,outer_slope,Lutjanus bohar,1,Feb_21_44239_Lihou_ROV_Dive_1_T8,0:03:20
Feb_21,12/2/2021,Lihou,ROV,Dive_1_T8,40,outer_slope,Lutjanus bohar,1,Feb_21_44239_Lihou_ROV_Dive_1_T8,0:03:20
Feb_21,12/2/2021,Lihou,ROV,Dive_1_T8,40,outer_slope,Chromis iomelas,12,Feb_21_44239_Lihou_ROV_Dive_1_T8,0:03:20
Feb_21,12/2/2021,Lihou,ROV,Dive_1_T8,40,outer_slope,Chaetodon pelewensis,2,Feb_21_44239_Lihou_ROV_Dive_1_T8,0:03:20
Feb_21,12/2/2021,Lihou,ROV,Dive_1_T8,40,outer_slope,Centropyge heraldi,2,Feb_21_44239_Lihou_ROV_Dive_1_T8,0:03:20
Feb_21,12/2/2021,Lihou,ROV,Dive_1_T8,40,outer_slope,Genicanthus watanabei,6,Feb_21_44239_Lihou_ROV_Dive_1_T8,0:03:20
Feb_21,12/2/2021,Lihou,ROV,Dive_1_T8,40,outer_slope,Genicanthus watanabei,5,Feb_21_44239_Lihou_ROV_Dive_1_T8,0:03:20
Feb_21,12/2/2021,Lihou,ROV,Dive_1_T8,40,outer_slope,Bodianus loxozonus,1,Feb_21_44239_Lihou_ROV_Dive_1_T8,0:03:20
Feb_21,12/2/2021,Lihou,ROV,Dive_1_T8,40,outer_slope,Pomacentrus sp,6,Feb_21_44239_Lihou_ROV_Dive_1_T8,0:03:20
Feb_21,12/2/2021,Lihou,ROV,Dive_1_T8,40,outer_slope,Pseudocheilinus sp,4,Feb_21_44239_Lihou_ROV_Dive_1_T8,0:03:20
Feb_21,12/2/2021,Lihou,ROV,Dive_1_T8,40,outer_slope,Chromis sp,2,Feb_21_44239_Lihou_ROV_Dive_1_T8,0:03:20
Feb_21,12/2/2021,Lihou,ROV,Dive_1_T8,40,outer_slope,Halichoeres sp,13,Feb_21_44239_Lihou_ROV_Dive_1_T8,0:03:20
Feb_21,12/2/2021,Lihou,ROV,Dive_1_T8,40,outer_slope,Stegastes sp,4,Feb_21_44239_Lihou_ROV_Dive_1_T8,0:03:20
Feb_21,12/2/2021,Lihou,ROV,Dive_1_T8,40,outer_slope,Halichoeres sp,4,Feb_21_44239_Lihou_ROV_Dive_1_T8,0:03:20
Feb_21,12/2/2021,Lihou,ROV,Dive_1_T8,40,outer_slope,Scarus sp,1,Feb_21_44239_Lihou_ROV_Dive_1_T8,0:03:20
Feb_21,12/2/2021,Lihou,ROV,Dive_1_T8,40,outer_slope,Scarus sp,4,Feb_21_44239_Lihou_ROV_Dive_1_T8,0:03:20
Feb_21,12/2/2021,Lihou,ROV,Dive_1_T8,40,outer_slope,Scarus sp,6,Feb_21_44239_Lihou_ROV_Dive_1_T8,0:03:20
Feb_21,12/2/2021,Lihou,ROV,Dive_1_T8,40,outer_slope,Sufflamen sp,1,Feb_21_44239_Lihou_ROV_Dive_1_T8,0:03:20
Feb_21,12/2/2021,Lihou,ROV,Dive_1_T9,40,outer_slope,Acanthurus sp,3,Feb_21_44239_Lihou_ROV_Dive_1_T9,0:03:20
Feb_21,12/2/2021,Lihou,ROV,Dive_1_T9,44.8,outer_slope,Chromis iomelas,5,Feb_21_44239_Lihou_ROV_Dive_1_T9,0:03:20
Feb_21,12/2/2021,Lihou,ROV,Dive_1_T9,44.8,outer_slope,Chromis ternatensis,6,Feb_21_44239_Lihou_ROV_Dive_1_T9,0:03:20
Feb_21,12/2/2021,Lihou,ROV,Dive_1_T9,44.8,outer_slope,Chaetodon kleinii,2,Feb_21_44239_Lihou_ROV_Dive_1_T9,0:03:20
Feb_21,12/2/2021,Lihou,ROV,Dive_1_T9,44.8,outer_slope,Amblyglyphidodon aureus,2,Feb_21_44239_Lihou_ROV_Dive_1_T9,0:03:20
Feb_21,12/2/2021,Lihou,ROV,Dive_1_T9,44.8,outer_slope,Amblyglyphidodon aureus,1,Feb_21_44239_Lihou_ROV_Dive_1_T9,0:03:20
Feb_21,12/2/2021,Lihou,ROV,Dive_1_T9,44.8,outer_slope,Amblyglyphidodon aureus,1,Feb_21_44239_Lihou_ROV_Dive_1_T9,0:03:20
Feb_21,12/2/2021,Lihou,ROV,Dive_1_T9,44.8,outer_slope,Amblyglyphidodon aureus,1,Feb_21_44239_Lihou_ROV_Dive_1_T9,0:03:20
Feb_21,12/2/2021,Lihou,ROV,Dive_1_T9,44.8,outer_slope,Amblyglyphidodon aureus,1,Feb_21_44239_Lihou_ROV_Dive_1_T9,0:03:20
Feb_21,12/2/2021,Lihou,ROV,Dive_1_T9,44.8,outer_slope,Amblyglyphidodon aureus,1,Feb_21_44239_Lihou_ROV_Dive_1_T9,0:03:20
Feb_21,12/2/2021,Lihou,ROV,Dive_1_T9,44.8,outer_slope,Amblyglyphidodon aureus,1,Feb_21_44239_Lihou_ROV_Dive_1_T9,0:03:20
Feb_21,12/2/2021,Lihou,ROV,Dive_1_T9,44.8,outer_slope,Amblyglyphidodon aureus,1,Feb_21_44239_Lihou_ROV_Dive_1_T9,0:03:20
Feb_21,12/2/2021,Lihou,ROV,Dive_1_T9,44.8,outer_slope,Centropyge heraldi,1,Feb_21_44239_Lihou_ROV_Dive_1_T9,0:03:20
Feb_21,12/2/2021,Lihou,ROV,Dive_1_T9,44.8,outer_slope,Amblyglyphidodon aureus,2,Feb_21_44239_Lihou_ROV_Dive_1_T9,0:03:20
Feb_21,12/2/2021,Lihou,ROV,Dive_1_T9,44.8,outer_slope,Acanthurus nigrofuscus,5,Feb_21_44239_Lihou_ROV_Dive_1_T9,0:03:20
Feb_21,12/2/2021,Lihou,ROV,Dive_1_T9,44.8,outer_slope,Amblyglyphidodon aureus,1,Feb_21_44239_Lihou_ROV_Dive_1_T9,0:03:20
Feb_21,12/2/2021,Lihou,ROV,Dive_1_T9,44.8,outer_slope,Ctenochaetus striatus,2,Feb_21_44239_Lihou_ROV_Dive_1_T9,0:03:20
Feb_21,12/2/2021,Lihou,ROV,Dive_1_T9,44.8,outer_slope,Forcipiger flavissimus,2,Feb_21_44239_Lihou_ROV_Dive_1_T9,0:03:20
Feb_21,12/2/2021,Lihou,ROV,Dive_1_T9,44.8,outer_slope,Acanthurus thompsoni,6,Feb_21_44239_Lihou_ROV_Dive_1_T9,0:03:20
Feb_21,12/2/2021,Lihou,ROV,Dive_1_T9,44.8,outer_slope,Chaetodon ornatissimus,2,Feb_21_44239_Lihou_ROV_Dive_1_T9,0:03:20
Feb_21,12/2/2021,Lihou,ROV,Dive_1_T9,44.8,outer_slope,Heniochus acuminatus,2,Feb_21_44239_Lihou_ROV_Dive_1_T9,0:03:20
Feb_21,12/2/2021,Lihou,ROV,Dive_1_T9,44.8,outer_slope,Acanthurus nubilus,1,Feb_21_44239_Lihou_ROV_Dive_1_T9,0:03:20
Feb_21,12/2/2021,Lihou,ROV,Dive_1_T9,44.8,outer_slope,Acanthurus pyroferus,1,Feb_21_44239_Lihou_ROV_Dive_1_T9,0:03:20
Feb_21,12/2/2021,Lihou,ROV,Dive_1_T9,44.8,outer_slope,Rhinecanthus rectangulus,1,Feb_21_44239_Lihou_ROV_Dive_1_T9,0:03:20
Feb_21,12/2/2021,Lihou,ROV,Dive_1_T9,44.8,outer_slope,Monotaxis grandoculis,2,Feb_21_44239_Lihou_ROV_Dive_1_T9,0:03:20
Feb_21,12/2/2021,Lihou,ROV,Dive_1_T9,44.8,outer_slope,Cantherhines dumerilii,1,Feb_21_44239_Lihou_ROV_Dive_1_T9,0:03:20
Feb_21,12/2/2021,Lihou,ROV,Dive_1_T9,44.8,outer_slope,Gymnocranius euanus,1,Feb_21_44239_Lihou_ROV_Dive_1_T9,0:03:20
Feb_21,12/2/2021,Lihou,ROV,Dive_1_T9,44.8,outer_slope,Acanthurus dussumieri,2,Feb_21_44239_Lihou_ROV_Dive_1_T9,0:03:20
Feb_21,12/2/2021,Lihou,ROV,Dive_1_T9,44.8,outer_slope,Monotaxis grandoculis,1,Feb_21_44239_Lihou_ROV_Dive_1_T9,0:03:20
Feb_21,12/2/2021,Lihou,ROV,Dive_1_T9,44.8,outer_slope,Naso caesius,2,Feb_21_44239_Lihou_ROV_Dive_1_T9,0:03:20
Feb_21,12/2/2021,Lihou,ROV,Dive_2_T10,44.8,outer_slope,Lutjanus bohar,1,Feb_21_44239_Lihou_ROV_Dive_2_T10,0:03:20
Feb_21,12/2/2021,Lihou,ROV,Dive_2_T10,50.1,outer_slope,Pseudanthias pleurotaenia,4,Feb_21_44239_Lihou_ROV_Dive_2_T10,0:03:20
Feb_21,12/2/2021,Lihou,ROV,Dive_2_T10,50.1,outer_slope,Sufflamen bursa,1,Feb_21_44239_Lihou_ROV_Dive_2_T10,0:03:20
Feb_21,12/2/2021,Lihou,ROV,Dive_2_T10,50.1,outer_slope,Chromis chrysura,5,Feb_21_44239_Lihou_ROV_Dive_2_T10,0:03:20
Feb_21,12/2/2021,Lihou,ROV,Dive_2_T11,50.1,outer_slope,Chaetodon mertensii,1,Feb_21_44239_Lihou_ROV_Dive_2_T11,0:03:20
Feb_21,12/2/2021,Lihou,ROV,Dive_2_T11,50.1,outer_slope,Chromis amboinensis,6,Feb_21_44239_Lihou_ROV_Dive_2_T11,0:03:20
Feb_21,12/2/2021,Lihou,ROV,Dive_2_T11,50.1,outer_slope,Chromis amboinensis,6,Feb_21_44239_Lihou_ROV_Dive_2_T11,0:03:20
Feb_21,12/2/2021,Lihou,ROV,Dive_2_T11,50.1,outer_slope,Chromis ternatensis,6,Feb_21_44239_Lihou_ROV_Dive_2_T11,0:03:20
Feb_21,12/2/2021,Lihou,ROV,Dive_2_T11,50.1,outer_slope,Genicanthus melanospilos,3,Feb_21_44239_Lihou_ROV_Dive_2_T11,0:03:20
Feb_21,12/2/2021,Lihou,ROV,Dive_2_T11,50.1,outer_slope,Genicanthus melanospilos,2,Feb_21_44239_Lihou_ROV_Dive_2_T11,0:03:20
Feb_21,12/2/2021,Lihou,ROV,Dive_2_T11,50.1,outer_slope,Amblyglyphidodon aureus,1,Feb_21_44239_Lihou_ROV_Dive_2_T11,0:03:20
Feb_21,12/2/2021,Lihou,ROV,Dive_2_T11,50.1,outer_slope,Genicanthus melanospilos,1,Feb_21_44239_Lihou_ROV_Dive_2_T11,0:03:20
Feb_21,12/2/2021,Lihou,ROV,Dive_2_T11,50.1,outer_slope,Chaetodon kleinii,2,Feb_21_44239_Lihou_ROV_Dive_2_T11,0:03:20
Feb_21,12/2/2021,Lihou,ROV,Dive_2_T11,50.1,outer_slope,Pseudanthias pleurotaenia,15,Feb_21_44239_Lihou_ROV_Dive_2_T11,0:03:20
Feb_21,12/2/2021,Lihou,ROV,Dive_2_T11,50.1,outer_slope,Pseudanthias rubrizonatus,9,Feb_21_44239_Lihou_ROV_Dive_2_T11,0:03:20
Feb_21,12/2/2021,Lihou,ROV,Dive_2_T11,50.1,outer_slope,Oxycheilinus orientalis,2,Feb_21_44239_Lihou_ROV_Dive_2_T11,0:03:20
Feb_21,12/2/2021,Lihou,ROV,Dive_2_T11,50.1,outer_slope,Oxycheilinus orientalis,1,Feb_21_44239_Lihou_ROV_Dive_2_T11,0:03:20
Feb_21,12/2/2021,Lihou,ROV,Dive_2_T11,50.1,outer_slope,Rhinecanthus rectangulus,1,Feb_21_44239_Lihou_ROV_Dive_2_T11,0:03:20
Feb_21,12/2/2021,Lihou,ROV,Dive_2_T11,50.1,outer_slope,Bodianus anthioides,1,Feb_21_44239_Lihou_ROV_Dive_2_T11,0:03:20
Feb_21,12/2/2021,Lihou,ROV,Dive_2_T11,50.1,outer_slope,Parupeneus multifasciatus,1,Feb_21_44239_Lihou_ROV_Dive_2_T11,0:03:20
Feb_21,12/2/2021,Lihou,ROV,Dive_2_T11,50.1,outer_slope,Pomacanthus semicirculatus,1,Feb_21_44239_Lihou_ROV_Dive_2_T11,0:03:20
Feb_21,12/2/2021,Lihou,ROV,Dive_2_T11,50.1,outer_slope,Lutjanus bohar,1,Feb_21_44239_Lihou_ROV_Dive_2_T11,0:03:20
Feb_21,12/2/2021,Lihou,ROV,Dive_2_T11,50.1,outer_slope,Plectropomus laevis,1,Feb_21_44239_Lihou_ROV_Dive_2_T11,0:03:20
Feb_21,12/2/2021,Lihou,ROV,Dive_2_T11,50.1,outer_slope,Naso annulatus,11,Feb_21_44239_Lihou_ROV_Dive_2_T11,0:03:20
Feb_21,12/2/2021,Lihou,ROV,Dive_2_T11,50.1,outer_slope,Cirrhilabrus sp,8,Feb_21_44239_Lihou_ROV_Dive_2_T11,0:03:20
Feb_21,12/2/2021,Lihou,ROV,Dive_2_T11,50.1,outer_slope,Pomacentrus sp,4,Feb_21_44239_Lihou_ROV_Dive_2_T11,0:03:20
Feb_21,12/2/2021,Lihou,ROV,Dive_3_T12,50.1,outer_slope,Labridae sp,6,Feb_21_44239_Lihou_ROV_Dive_3_T12,0:03:20
Feb_21,12/2/2021,Lihou,ROV,Dive_3_T12,55.6,outer_slope,Amblyglyphidodon aureus,2,Feb_21_44239_Lihou_ROV_Dive_3_T12,0:03:20
Feb_21,12/2/2021,Lihou,ROV,Dive_3_T12,55.6,outer_slope,Chromis amboinensis,1,Feb_21_44239_Lihou_ROV_Dive_3_T12,0:03:20
Feb_21,12/2/2021,Lihou,ROV,Dive_3_T12,55.6,outer_slope,Amblyglyphidodon aureus,4,Feb_21_44239_Lihou_ROV_Dive_3_T12,0:03:20
Feb_21,12/2/2021,Lihou,ROV,Dive_3_T12,55.6,outer_slope,Amblyglyphidodon aureus,3,Feb_21_44239_Lihou_ROV_Dive_3_T12,0:03:20
Feb_21,12/2/2021,Lihou,ROV,Dive_3_T12,55.6,outer_slope,Amblyglyphidodon aureus,1,Feb_21_44239_Lihou_ROV_Dive_3_T12,0:03:20
Feb_21,12/2/2021,Lihou,ROV,Dive_3_T12,55.6,outer_slope,Amblyglyphidodon aureus,2,Feb_21_44239_Lihou_ROV_Dive_3_T12,0:03:20
Feb_21,12/2/2021,Lihou,ROV,Dive_3_T12,55.6,outer_slope,Bodianus axillaris,1,Feb_21_44239_Lihou_ROV_Dive_3_T12,0:03:20
Feb_21,12/2/2021,Lihou,ROV,Dive_3_T12,55.6,outer_slope,Forcipiger flavissimus,1,Feb_21_44239_Lihou_ROV_Dive_3_T12,0:03:20
Feb_21,12/2/2021,Lihou,ROV,Dive_3_T12,55.6,outer_slope,Acanthurus thompsoni,13,Feb_21_44239_Lihou_ROV_Dive_3_T12,0:03:20
Feb_21,12/2/2021,Lihou,ROV,Dive_3_T12,55.6,outer_slope,Acanthurus thompsoni,15,Feb_21_44239_Lihou_ROV_Dive_3_T12,0:03:20
Feb_21,12/2/2021,Lihou,ROV,Dive_3_T12,55.6,outer_slope,Acanthurus thompsoni,1,Feb_21_44239_Lihou_ROV_Dive_3_T12,0:03:20
Feb_21,12/2/2021,Lihou,ROV,Dive_3_T12,55.6,outer_slope,Zanclus cornutus,1,Feb_21_44239_Lihou_ROV_Dive_3_T12,0:03:20
Feb_21,12/2/2021,Lihou,ROV,Dive_3_T12,55.6,outer_slope,Bodianus dictynna,1,Feb_21_44239_Lihou_ROV_Dive_3_T12,0:03:20
Feb_21,12/2/2021,Lihou,ROV,Dive_3_T12,55.6,outer_slope,Scarus chameleon,1,Feb_21_44239_Lihou_ROV_Dive_3_T12,0:03:20
Feb_21,12/2/2021,Lihou,ROV,Dive_3_T12,55.6,outer_slope,Acanthurus pyroferus,1,Feb_21_44239_Lihou_ROV_Dive_3_T12,0:03:20
Feb_21,12/2/2021,Lihou,ROV,Dive_3_T12,55.6,outer_slope,Chromis sp,6,Feb_21_44239_Lihou_ROV_Dive_3_T12,0:03:20
Feb_21,12/2/2021,Lihou,ROV,Dive_3_T12,55.6,outer_slope,Chromis sp,18,Feb_21_44239_Lihou_ROV_Dive_3_T12,0:03:20
Feb_21,12/2/2021,Lihou,ROV,Dive_3_T13,55.6,outer_slope,Cirrhilabrus sp,2,Feb_21_44239_Lihou_ROV_Dive_3_T13,0:03:20
Feb_21,12/2/2021,Lihou,ROV,Dive_3_T13,55.2,outer_slope,Chromis amboinensis,5,Feb_21_44239_Lihou_ROV_Dive_3_T13,0:03:20
Feb_21,12/2/2021,Lihou,ROV,Dive_3_T13,55.2,outer_slope,Chromis amboinensis,12,Feb_21_44239_Lihou_ROV_Dive_3_T13,0:03:20
Feb_21,12/2/2021,Lihou,ROV,Dive_3_T13,55.2,outer_slope,Chromis amboinensis,8,Feb_21_44239_Lihou_ROV_Dive_3_T13,0:03:20
Feb_21,12/2/2021,Lihou,ROV,Dive_3_T13,55.2,outer_slope,Chromis amboinensis,7,Feb_21_44239_Lihou_ROV_Dive_3_T13,0:03:20
Feb_21,12/2/2021,Lihou,ROV,Dive_3_T13,55.2,outer_slope,Pseudanthias pleurotaenia,3,Feb_21_44239_Lihou_ROV_Dive_3_T13,0:03:20
Feb_21,12/2/2021,Lihou,ROV,Dive_3_T13,55.2,outer_slope,Amblyglyphidodon aureus,2,Feb_21_44239_Lihou_ROV_Dive_3_T13,0:03:20
Feb_21,12/2/2021,Lihou,ROV,Dive_3_T13,55.2,outer_slope,Chaetodon kleinii,1,Feb_21_44239_Lihou_ROV_Dive_3_T13,0:03:20
Feb_21,12/2/2021,Lihou,ROV,Dive_3_T13,55.2,outer_slope,Labroides dimidiatus,1,Feb_21_44239_Lihou_ROV_Dive_3_T13,0:03:20
Feb_21,12/2/2021,Lihou,ROV,Dive_3_T13,55.2,outer_slope,Chaetodon kleinii,2,Feb_21_44239_Lihou_ROV_Dive_3_T13,0:03:20
Feb_21,12/2/2021,Lihou,ROV,Dive_3_T13,55.2,outer_slope,Forcipiger flavissimus,1,Feb_21_44239_Lihou_ROV_Dive_3_T13,0:03:20
Feb_21,12/2/2021,Lihou,ROV,Dive_3_T13,55.2,outer_slope,Acanthurus thompsoni,5,Feb_21_44239_Lihou_ROV_Dive_3_T13,0:03:20
Feb_21,12/2/2021,Lihou,ROV,Dive_3_T13,55.2,outer_slope,Forcipiger flavissimus,1,Feb_21_44239_Lihou_ROV_Dive_3_T13,0:03:20
Feb_21,12/2/2021,Lihou,ROV,Dive_3_T13,55.2,outer_slope,Forcipiger flavissimus,1,Feb_21_44239_Lihou_ROV_Dive_3_T13,0:03:20
Feb_21,12/2/2021,Lihou,ROV,Dive_3_T13,55.2,outer_slope,Acanthurus thompsoni,12,Feb_21_44239_Lihou_ROV_Dive_3_T13,0:03:20
Feb_21,12/2/2021,Lihou,ROV,Dive_3_T13,55.2,outer_slope,Acanthurus thompsoni,7,Feb_21_44239_Lihou_ROV_Dive_3_T13,0:03:20
Feb_21,12/2/2021,Lihou,ROV,Dive_3_T13,55.2,outer_slope,Acanthurus thompsoni,6,Feb_21_44239_Lihou_ROV_Dive_3_T13,0:03:20
Feb_21,12/2/2021,Lihou,ROV,Dive_3_T13,55.2,outer_slope,Ctenochaetus striatus,1,Feb_21_44239_Lihou_ROV_Dive_3_T13,0:03:20
Feb_21,12/2/2021,Lihou,ROV,Dive_3_T13,55.2,outer_slope,Acanthurus thompsoni,17,Feb_21_44239_Lihou_ROV_Dive_3_T13,0:03:20
Feb_21,12/2/2021,Lihou,ROV,Dive_3_T13,55.2,outer_slope,Lutjanus kasmira,1,Feb_21_44239_Lihou_ROV_Dive_3_T13,0:03:20
Feb_21,12/2/2021,Lihou,ROV,Dive_3_T13,55.2,outer_slope,Acanthurus olivaceus,1,Feb_21_44239_Lihou_ROV_Dive_3_T13,0:03:20
Feb_21,12/2/2021,Lihou,ROV,Dive_3_T13,55.2,outer_slope,Parupeneus multifasciatus,1,Feb_21_44239_Lihou_ROV_Dive_3_T13,0:03:20
Feb_21,12/2/2021,Lihou,ROV,Dive_3_T13,55.2,outer_slope,Scarus longipinnis,1,Feb_21_44239_Lihou_ROV_Dive_3_T13,0:03:20
Feb_21,12/2/2021,Lihou,ROV,Dive_3_T13,55.2,outer_slope,Chromis iomelas,5,Feb_21_44239_Lihou_ROV_Dive_3_T13,0:03:20
Feb_21,12/2/2021,Lihou,ROV,Dive_1_T1,55.2,outer_slope,Acanthurus sp,1,Feb_21_44239_Lihou_ROV_Dive_1_T1,0:03:20
Feb_21,14/2/2021,Willis,ROV,Dive_1_T1,35.2,outer_reef,Chromis iomelas,14,Feb_21_44241_Willis_ROV_Dive_1_T1,0:03:20
Feb_21,14/2/2021,Willis,ROV,Dive_1_T1,35.2,outer_reef,Chromis iomelas,2,Feb_21_44241_Willis_ROV_Dive_1_T1,0:03:20
Feb_21,14/2/2021,Willis,ROV,Dive_1_T1,35.2,outer_reef,Chromis iomelas,8,Feb_21_44241_Willis_ROV_Dive_1_T1,0:03:20
Feb_21,14/2/2021,Willis,ROV,Dive_1_T1,35.2,outer_reef,Chromis iomelas,8,Feb_21_44241_Willis_ROV_Dive_1_T1,0:03:20
Feb_21,14/2/2021,Willis,ROV,Dive_1_T1,35.2,outer_reef,Chromis iomelas,10,Feb_21_44241_Willis_ROV_Dive_1_T1,0:03:20
Feb_21,14/2/2021,Willis,ROV,Dive_1_T1,35.2,outer_reef,Chromis amboinensis,14,Feb_21_44241_Willis_ROV_Dive_1_T1,0:03:20
Feb_21,14/2/2021,Willis,ROV,Dive_1_T1,35.2,outer_reef,Chromis iomelas,16,Feb_21_44241_Willis_ROV_Dive_1_T1,0:03:20
Feb_21,14/2/2021,Willis,ROV,Dive_1_T1,35.2,outer_reef,Chromis amboinensis,16,Feb_21_44241_Willis_ROV_Dive_1_T1,0:03:20
Feb_21,14/2/2021,Willis,ROV,Dive_1_T1,35.2,outer_reef,Chromis amboinensis,16,Feb_21_44241_Willis_ROV_Dive_1_T1,0:03:20
Feb_21,14/2/2021,Willis,ROV,Dive_1_T1,35.2,outer_reef,Chromis amboinensis,8,Feb_21_44241_Willis_ROV_Dive_1_T1,0:03:20
Feb_21,14/2/2021,Willis,ROV,Dive_1_T1,35.2,outer_reef,Chaetodon mertensii,1,Feb_21_44241_Willis_ROV_Dive_1_T1,0:03:20
Feb_21,14/2/2021,Willis,ROV,Dive_1_T1,35.2,outer_reef,Chromis amboinensis,12,Feb_21_44241_Willis_ROV_Dive_1_T1,0:03:20
Feb_21,14/2/2021,Willis,ROV,Dive_1_T1,35.2,outer_reef,Chromis weberi,9,Feb_21_44241_Willis_ROV_Dive_1_T1,0:03:20
Feb_21,14/2/2021,Willis,ROV,Dive_1_T1,35.2,outer_reef,Chaetodon kleinii,1,Feb_21_44241_Willis_ROV_Dive_1_T1,0:03:20
Feb_21,14/2/2021,Willis,ROV,Dive_1_T1,35.2,outer_reef,Chaetodon mertensii,1,Feb_21_44241_Willis_ROV_Dive_1_T1,0:03:20
Feb_21,14/2/2021,Willis,ROV,Dive_1_T1,35.2,outer_reef,Ctenochaetus striatus,4,Feb_21_44241_Willis_ROV_Dive_1_T1,0:03:20
Feb_21,14/2/2021,Willis,ROV,Dive_1_T1,35.2,outer_reef,Amblyglyphidodon aureus,4,Feb_21_44241_Willis_ROV_Dive_1_T1,0:03:20
Feb_21,14/2/2021,Willis,ROV,Dive_1_T1,35.2,outer_reef,Acanthurus pyroferus,1,Feb_21_44241_Willis_ROV_Dive_1_T1,0:03:20
Feb_21,14/2/2021,Willis,ROV,Dive_1_T1,35.2,outer_reef,Hemitaurichthys polylepis,4,Feb_21_44241_Willis_ROV_Dive_1_T1,0:03:20
Feb_21,14/2/2021,Willis,ROV,Dive_1_T1,35.2,outer_reef,Forcipiger flavissimus,1,Feb_21_44241_Willis_ROV_Dive_1_T1,0:03:20
Feb_21,14/2/2021,Willis,ROV,Dive_1_T1,35.2,outer_reef,Acanthurus thompsoni,1,Feb_21_44241_Willis_ROV_Dive_1_T1,0:03:20
Feb_21,14/2/2021,Willis,ROV,Dive_1_T1,35.2,outer_reef,Acanthurus thompsoni,4,Feb_21_44241_Willis_ROV_Dive_1_T1,0:03:20
Feb_21,14/2/2021,Willis,ROV,Dive_1_T1,35.2,outer_reef,Gnathodentex aureolineatus,16,Feb_21_44241_Willis_ROV_Dive_1_T1,0:03:20
Feb_21,14/2/2021,Willis,ROV,Dive_1_T1,35.2,outer_reef,Myripristis kuntee,1,Feb_21_44241_Willis_ROV_Dive_1_T1,0:03:20
Feb_21,14/2/2021,Willis,ROV,Dive_1_T1,35.2,outer_reef,Gnathodentex aureolineatus,12,Feb_21_44241_Willis_ROV_Dive_1_T1,0:03:20
Feb_21,14/2/2021,Willis,ROV,Dive_1_T1,35.2,outer_reef,Plectropomus leopardus,1,Feb_21_44241_Willis_ROV_Dive_1_T1,0:03:20
Feb_21,14/2/2021,Willis,ROV,Dive_1_T1,35.2,outer_reef,Ctenochaetus striatus,1,Feb_21_44241_Willis_ROV_Dive_1_T1,0:03:20
Feb_21,14/2/2021,Willis,ROV,Dive_1_T1,35.2,outer_reef,Lutjanus kasmira,4,Feb_21_44241_Willis_ROV_Dive_1_T1,0:03:20
Feb_21,14/2/2021,Willis,ROV,Dive_1_T1,35.2,outer_reef,Lutjanus kasmira,14,Feb_21_44241_Willis_ROV_Dive_1_T1,0:03:20
Feb_21,14/2/2021,Willis,ROV,Dive_1_T1,35.2,outer_reef,Acanthurus nigricans,1,Feb_21_44241_Willis_ROV_Dive_1_T1,0:03:20
Feb_21,14/2/2021,Willis,ROV,Dive_1_T1,35.2,outer_reef,Ctenochaetus striatus,1,Feb_21_44241_Willis_ROV_Dive_1_T1,0:03:20
Feb_21,14/2/2021,Willis,ROV,Dive_1_T1,35.2,outer_reef,Parupeneus spilurus,1,Feb_21_44241_Willis_ROV_Dive_1_T1,0:03:20
Feb_21,14/2/2021,Willis,ROV,Dive_1_T1,35.2,outer_reef,Scarus flavipectoralis,1,Feb_21_44241_Willis_ROV_Dive_1_T1,0:03:20
Feb_21,14/2/2021,Willis,ROV,Dive_1_T1,35.2,outer_reef,Gymnocranius euanus,1,Feb_21_44241_Willis_ROV_Dive_1_T1,0:03:20
Feb_21,14/2/2021,Willis,ROV,Dive_1_T1,35.2,outer_reef,Hipposcarus longiceps,1,Feb_21_44241_Willis_ROV_Dive_1_T1,0:03:20
Feb_21,14/2/2021,Willis,ROV,Dive_1_T1,35.2,outer_reef,Carcharhinus amblyrhynchos,1,Feb_21_44241_Willis_ROV_Dive_1_T1,0:03:20
Feb_21,14/2/2021,Willis,ROV,Dive_1_T1,35.2,outer_reef,Carcharhinus amblyrhynchos,1,Feb_21_44241_Willis_ROV_Dive_1_T1,0:03:20
Feb_21,14/2/2021,Willis,ROV,Dive_1_T1,35.2,outer_reef,Carcharhinus amblyrhynchos,8,Feb_21_44241_Willis_ROV_Dive_1_T1,0:03:20
Feb_21,14/2/2021,Willis,ROV,Dive_1_T1,35.2,outer_reef,Carcharhinus amblyrhynchos,1,Feb_21_44241_Willis_ROV_Dive_1_T1,0:03:20
Feb_21,14/2/2021,Willis,ROV,Dive_1_T1,35.2,outer_reef,Pomacentrus sp,1,Feb_21_44241_Willis_ROV_Dive_1_T1,0:03:20
Feb_21,14/2/2021,Willis,ROV,Dive_1_T1,35.2,outer_reef,Pomacentrus sp,1,Feb_21_44241_Willis_ROV_Dive_1_T1,0:03:20
Feb_21,14/2/2021,Willis,ROV,Dive_1_T1,35.2,outer_reef,Halichoeres sp,1,Feb_21_44241_Willis_ROV_Dive_1_T1,0:03:20
Feb_21,14/2/2021,Willis,ROV,Dive_1_T1,35.2,outer_reef,Acanthurus sp,3,Feb_21_44241_Willis_ROV_Dive_1_T1,0:03:20
Feb_21,14/2/2021,Willis,ROV,Dive_1_T2,35.2,outer_reef,Acanthurus sp,1,Feb_21_44241_Willis_ROV_Dive_1_T2,0:03:20
Feb_21,14/2/2021,Willis,ROV,Dive_1_T2,42.3,outer_reef,Chromis retrofasciata,6,Feb_21_44241_Willis_ROV_Dive_1_T2,0:03:20
Feb_21,14/2/2021,Willis,ROV,Dive_1_T2,42.3,outer_reef,Chromis atripes,6,Feb_21_44241_Willis_ROV_Dive_1_T2,0:03:20
Feb_21,14/2/2021,Willis,ROV,Dive_1_T2,42.3,outer_reef,Chromis amboinensis,8,Feb_21_44241_Willis_ROV_Dive_1_T2,0:03:20
Feb_21,14/2/2021,Willis,ROV,Dive_1_T2,42.3,outer_reef,Chromis iomelas,8,Feb_21_44241_Willis_ROV_Dive_1_T2,0:03:20
Feb_21,14/2/2021,Willis,ROV,Dive_1_T2,42.3,outer_reef,Chromis amboinensis,12,Feb_21_44241_Willis_ROV_Dive_1_T2,0:03:20
Feb_21,14/2/2021,Willis,ROV,Dive_1_T2,42.3,outer_reef,Chromis amboinensis,5,Feb_21_44241_Willis_ROV_Dive_1_T2,0:03:20
Feb_21,14/2/2021,Willis,ROV,Dive_1_T2,42.3,outer_reef,Chromis amboinensis,12,Feb_21_44241_Willis_ROV_Dive_1_T2,0:03:20
Feb_21,14/2/2021,Willis,ROV,Dive_1_T2,42.3,outer_reef,Chromis amboinensis,4,Feb_21_44241_Willis_ROV_Dive_1_T2,0:03:20
Feb_21,14/2/2021,Willis,ROV,Dive_1_T2,42.3,outer_reef,Chromis agilis,4,Feb_21_44241_Willis_ROV_Dive_1_T2,0:03:20
Feb_21,14/2/2021,Willis,ROV,Dive_1_T2,42.3,outer_reef,Dascyllus reticulatus,4,Feb_21_44241_Willis_ROV_Dive_1_T2,0:03:20
Feb_21,14/2/2021,Willis,ROV,Dive_1_T2,42.3,outer_reef,Genicanthus watanabei,1,Feb_21_44241_Willis_ROV_Dive_1_T2,0:03:20
Feb_21,14/2/2021,Willis,ROV,Dive_1_T2,42.3,outer_reef,Meiacanthus atrodorsalis,2,Feb_21_44241_Willis_ROV_Dive_1_T2,0:03:20
Feb_21,14/2/2021,Willis,ROV,Dive_1_T2,42.3,outer_reef,Ptereleotris evides,2,Feb_21_44241_Willis_ROV_Dive_1_T2,0:03:20
Feb_21,14/2/2021,Willis,ROV,Dive_1_T2,42.3,outer_reef,Chaetodon ornatissimus,1,Feb_21_44241_Willis_ROV_Dive_1_T2,0:03:20
Feb_21,14/2/2021,Willis,ROV,Dive_1_T2,42.3,outer_reef,Centropyge flavissima,2,Feb_21_44241_Willis_ROV_Dive_1_T2,0:03:20
Feb_21,14/2/2021,Willis,ROV,Dive_1_T2,42.3,outer_reef,Thalassoma amblycephalum,1,Feb_21_44241_Willis_ROV_Dive_1_T2,0:03:20
Feb_21,14/2/2021,Willis,ROV,Dive_1_T2,42.3,outer_reef,Pseudanthias pleurotaenia,2,Feb_21_44241_Willis_ROV_Dive_1_T2,0:03:20
Feb_21,14/2/2021,Willis,ROV,Dive_1_T2,42.3,outer_reef,Pseudanthias pleurotaenia,3,Feb_21_44241_Willis_ROV_Dive_1_T2,0:03:20
Feb_21,14/2/2021,Willis,ROV,Dive_1_T2,42.3,outer_reef,Oxycheilinus orientalis,1,Feb_21_44241_Willis_ROV_Dive_1_T2,0:03:20
Feb_21,14/2/2021,Willis,ROV,Dive_1_T2,42.3,outer_reef,Forcipiger flavissimus,6,Feb_21_44241_Willis_ROV_Dive_1_T2,0:03:20
Feb_21,14/2/2021,Willis,ROV,Dive_1_T2,42.3,outer_reef,Hoplolatilus starcki,2,Feb_21_44241_Willis_ROV_Dive_1_T2,0:03:20
Feb_21,14/2/2021,Willis,ROV,Dive_1_T2,42.3,outer_reef,Forcipiger flavissimus,2,Feb_21_44241_Willis_ROV_Dive_1_T2,0:03:20
Feb_21,14/2/2021,Willis,ROV,Dive_1_T2,42.3,outer_reef,Pygoplites diacanthus,2,Feb_21_44241_Willis_ROV_Dive_1_T2,0:03:20
Feb_21,14/2/2021,Willis,ROV,Dive_1_T2,42.3,outer_reef,Forcipiger flavissimus,2,Feb_21_44241_Willis_ROV_Dive_1_T2,0:03:20
Feb_21,14/2/2021,Willis,ROV,Dive_1_T2,42.3,outer_reef,Acanthurus pyroferus,2,Feb_21_44241_Willis_ROV_Dive_1_T2,0:03:20
Feb_21,14/2/2021,Willis,ROV,Dive_1_T2,42.3,outer_reef,Acanthurus thompsoni,6,Feb_21_44241_Willis_ROV_Dive_1_T2,0:03:20
Feb_21,14/2/2021,Willis,ROV,Dive_1_T2,42.3,outer_reef,Acanthurus pyroferus,1,Feb_21_44241_Willis_ROV_Dive_1_T2,0:03:20
Feb_21,14/2/2021,Willis,ROV,Dive_1_T2,42.3,outer_reef,Acanthurus thompsoni,3,Feb_21_44241_Willis_ROV_Dive_1_T2,0:03:20
Feb_21,14/2/2021,Willis,ROV,Dive_1_T2,42.3,outer_reef,Acanthurus pyroferus,1,Feb_21_44241_Willis_ROV_Dive_1_T2,0:03:20
Feb_21,14/2/2021,Willis,ROV,Dive_1_T2,42.3,outer_reef,Parupeneus multifasciatus,2,Feb_21_44241_Willis_ROV_Dive_1_T2,0:03:20
Feb_21,14/2/2021,Willis,ROV,Dive_1_T2,42.3,outer_reef,Gymnocranius euanus,1,Feb_21_44241_Willis_ROV_Dive_1_T2,0:03:20
Feb_21,14/2/2021,Willis,ROV,Dive_1_T2,42.3,outer_reef,Variola louti,1,Feb_21_44241_Willis_ROV_Dive_1_T2,0:03:20
Feb_21,14/2/2021,Willis,ROV,Dive_1_T2,42.3,outer_reef,Variola louti,1,Feb_21_44241_Willis_ROV_Dive_1_T2,0:03:20
Feb_21,14/2/2021,Willis,ROV,Dive_1_T2,42.3,outer_reef,Carcharhinus albimarginatus,1,Feb_21_44241_Willis_ROV_Dive_1_T2,0:03:20
Feb_21,14/2/2021,Willis,ROV,Dive_1_T2,42.3,outer_reef,Chromis sp,12,Feb_21_44241_Willis_ROV_Dive_1_T2,0:03:20
Feb_21,14/2/2021,Willis,ROV,Dive_1_T2,42.3,outer_reef,Halichoeres sp,1,Feb_21_44241_Willis_ROV_Dive_1_T2,0:03:20
Feb_21,14/2/2021,Willis,ROV,Dive_1_T2,42.3,outer_reef,Ctenochaetus sp,5,Feb_21_44241_Willis_ROV_Dive_1_T2,0:03:20
Feb_21,14/2/2021,Willis,ROV,Dive_1_T2,42.3,outer_reef,Acanthurus sp,4,Feb_21_44241_Willis_ROV_Dive_1_T2,0:03:20
Feb_21,14/2/2021,Willis,ROV,Dive_1_T2,42.3,outer_reef,Scarus sp,2,Feb_21_44241_Willis_ROV_Dive_1_T2,0:03:20
Feb_21,14/2/2021,Willis,ROV,Dive_1_T3,42.3,outer_reef,Labridae sp,3,Feb_21_44241_Willis_ROV_Dive_1_T3,0:03:20
Feb_21,14/2/2021,Willis,ROV,Dive_1_T3,44.4,outer_reef,Chromis amboinensis,8,Feb_21_44241_Willis_ROV_Dive_1_T3,0:03:20
Feb_21,14/2/2021,Willis,ROV,Dive_1_T3,44.4,outer_reef,Chromis amboinensis,8,Feb_21_44241_Willis_ROV_Dive_1_T3,0:03:20
Feb_21,14/2/2021,Willis,ROV,Dive_1_T3,44.4,outer_reef,Chromis amboinensis,12,Feb_21_44241_Willis_ROV_Dive_1_T3,0:03:20
Feb_21,14/2/2021,Willis,ROV,Dive_1_T3,44.4,outer_reef,Genicanthus melanospilos,2,Feb_21_44241_Willis_ROV_Dive_1_T3,0:03:20
Feb_21,14/2/2021,Willis,ROV,Dive_1_T3,44.4,outer_reef,Chromis amboinensis,6,Feb_21_44241_Willis_ROV_Dive_1_T3,0:03:20
Feb_21,14/2/2021,Willis,ROV,Dive_1_T3,44.4,outer_reef,Chaetodon melannotus,2,Feb_21_44241_Willis_ROV_Dive_1_T3,0:03:20
Feb_21,14/2/2021,Willis,ROV,Dive_1_T3,44.4,outer_reef,Pseudanthias pleurotaenia,4,Feb_21_44241_Willis_ROV_Dive_1_T3,0:03:20
Feb_21,14/2/2021,Willis,ROV,Dive_1_T3,44.4,outer_reef,Acanthurus pyroferus,1,Feb_21_44241_Willis_ROV_Dive_1_T3,0:03:20
Feb_21,14/2/2021,Willis,ROV,Dive_1_T3,44.4,outer_reef,Zanclus cornutus,1,Feb_21_44241_Willis_ROV_Dive_1_T3,0:03:20
Feb_21,14/2/2021,Willis,ROV,Dive_1_T3,44.4,outer_reef,Parupeneus multifasciatus,2,Feb_21_44241_Willis_ROV_Dive_1_T3,0:03:20
Feb_21,14/2/2021,Willis,ROV,Dive_1_T3,44.4,outer_reef,Bodianus loxozonus,1,Feb_21_44241_Willis_ROV_Dive_1_T3,0:03:20
Feb_21,14/2/2021,Willis,ROV,Dive_1_T3,44.4,outer_reef,Forcipiger flavissimus,1,Feb_21_44241_Willis_ROV_Dive_1_T3,0:03:20
Feb_21,14/2/2021,Willis,ROV,Dive_1_T3,44.4,outer_reef,Pomacentrus sp,5,Feb_21_44241_Willis_ROV_Dive_1_T3,0:03:20
Feb_21,14/2/2021,Willis,ROV,Dive_1_T3,44.4,outer_reef,Chaetodontoplus sp,1,Feb_21_44241_Willis_ROV_Dive_1_T3,0:03:20
Feb_21,14/2/2021,Willis,ROV,Dive_1_T4,44.4,outer_reef,Labridae sp,3,Feb_21_44241_Willis_ROV_Dive_1_T4,0:03:20
Feb_21,14/2/2021,Willis,ROV,Dive_1_T4,51.5,outer_reef,Dascyllus reticulatus,3,Feb_21_44241_Willis_ROV_Dive_1_T4,0:03:20
Feb_21,14/2/2021,Willis,ROV,Dive_1_T4,51.5,outer_reef,Chromis amboinensis,7,Feb_21_44241_Willis_ROV_Dive_1_T4,0:03:20
Feb_21,14/2/2021,Willis,ROV,Dive_1_T4,51.5,outer_reef,Chromis amboinensis,7,Feb_21_44241_Willis_ROV_Dive_1_T4,0:03:20
Feb_21,14/2/2021,Willis,ROV,Dive_1_T4,51.5,outer_reef,Centropyge flavissima,2,Feb_21_44241_Willis_ROV_Dive_1_T4,0:03:20
Feb_21,14/2/2021,Willis,ROV,Dive_1_T4,51.5,outer_reef,Hoplolatilus starcki,2,Feb_21_44241_Willis_ROV_Dive_1_T4,0:03:20
Feb_21,14/2/2021,Willis,ROV,Dive_1_T4,51.5,outer_reef,Pygoplites diacanthus,2,Feb_21_44241_Willis_ROV_Dive_1_T4,0:03:20
Feb_21,14/2/2021,Willis,ROV,Dive_1_T4,51.5,outer_reef,Acanthurus pyroferus,1,Feb_21_44241_Willis_ROV_Dive_1_T4,0:03:20
Feb_21,14/2/2021,Willis,ROV,Dive_1_T4,51.5,outer_reef,Forcipiger flavissimus,2,Feb_21_44241_Willis_ROV_Dive_1_T4,0:03:20
Feb_21,14/2/2021,Willis,ROV,Dive_1_T4,51.5,outer_reef,Ctenochaetus striatus,2,Feb_21_44241_Willis_ROV_Dive_1_T4,0:03:20
Feb_21,14/2/2021,Willis,ROV,Dive_1_T4,51.5,outer_reef,Gymnocranius euanus,1,Feb_21_44241_Willis_ROV_Dive_1_T4,0:03:20
Feb_21,14/2/2021,Willis,ROV,Dive_1_T4,51.5,outer_reef,Naso hexacanthus,1,Feb_21_44241_Willis_ROV_Dive_1_T4,0:03:20
Feb_21,14/2/2021,Willis,ROV,Dive_1_T4,51.5,outer_reef,Carcharhinus amblyrhynchos,1,Feb_21_44241_Willis_ROV_Dive_1_T4,0:03:20
Feb_21,14/2/2021,Willis,ROV,Dive_1_T4,51.5,outer_reef,Carcharhinus albimarginatus,1,Feb_21_44241_Willis_ROV_Dive_1_T4,0:03:20
Feb_21,14/2/2021,Willis,ROV,Dive_1_T4,51.5,outer_reef,Pomacentrus sp,4,Feb_21_44241_Willis_ROV_Dive_1_T4,0:03:20
Feb_21,14/2/2021,Willis,ROV,Dive_1_T5,51.5,outer_reef,Acanthurus sp,4,Feb_21_44241_Willis_ROV_Dive_1_T5,0:03:20
Feb_21,14/2/2021,Willis,ROV,Dive_1_T5,52.3,outer_reef,Chromis ternatensis,6,Feb_21_44241_Willis_ROV_Dive_1_T5,0:03:20
Feb_21,14/2/2021,Willis,ROV,Dive_1_T5,52.3,outer_reef,Chromis amboinensis,8,Feb_21_44241_Willis_ROV_Dive_1_T5,0:03:20
Feb_21,14/2/2021,Willis,ROV,Dive_1_T5,52.3,outer_reef,Chromis amboinensis,7,Feb_21_44241_Willis_ROV_Dive_1_T5,0:03:20
Feb_21,14/2/2021,Willis,ROV,Dive_1_T5,52.3,outer_reef,Chaetodon mertensii,2,Feb_21_44241_Willis_ROV_Dive_1_T5,0:03:20
Feb_21,14/2/2021,Willis,ROV,Dive_1_T5,52.3,outer_reef,Genicanthus melanospilos,1,Feb_21_44241_Willis_ROV_Dive_1_T5,0:03:20
Feb_21,14/2/2021,Willis,ROV,Dive_1_T5,52.3,outer_reef,Pseudanthias pleurotaenia,4,Feb_21_44241_Willis_ROV_Dive_1_T5,0:03:20
Feb_21,14/2/2021,Willis,ROV,Dive_1_T5,52.3,outer_reef,Acanthurus pyroferus,1,Feb_21_44241_Willis_ROV_Dive_1_T5,0:03:20
Feb_21,14/2/2021,Willis,ROV,Dive_1_T5,52.3,outer_reef,Oxycheilinus unifasciatus,1,Feb_21_44241_Willis_ROV_Dive_1_T5,0:03:20
Feb_21,14/2/2021,Willis,ROV,Dive_1_T5,52.3,outer_reef,Echeneis naucrates,2,Feb_21_44241_Willis_ROV_Dive_1_T5,0:03:20
Feb_21,14/2/2021,Willis,ROV,Dive_1_T5,52.3,outer_reef,Naso vlamingii,1,Feb_21_44241_Willis_ROV_Dive_1_T5,0:03:20
Feb_21,14/2/2021,Willis,ROV,Dive_1_T5,52.3,outer_reef,Carcharhinus amblyrhynchos,1,Feb_21_44241_Willis_ROV_Dive_1_T5,0:03:20
Feb_21,14/2/2021,Willis,ROV,Dive_1_T5,52.3,outer_reef,Carcharhinus amblyrhynchos,1,Feb_21_44241_Willis_ROV_Dive_1_T5,0:03:20
Feb_21,14/2/2021,Willis,ROV,Dive_1_T5,52.3,outer_reef,Chromis iomelas,6,Feb_21_44241_Willis_ROV_Dive_1_T5,0:03:20
Feb_21,14/2/2021,Willis,ROV,Dive_1_T5,52.3,outer_reef,Acanthurus sp,6,Feb_21_44241_Willis_ROV_Dive_1_T5,0:03:20
Feb_21,14/2/2021,Willis,ROV,Dive_1_T6,52.3,outer_reef,Labridae sp,4,Feb_21_44241_Willis_ROV_Dive_1_T6,0:03:20
Feb_21,14/2/2021,Willis,ROV,Dive_1_T6,52.3,outer_reef,Chromis amboinensis,4,Feb_21_44241_Willis_ROV_Dive_1_T6,0:03:20
Feb_21,14/2/2021,Willis,ROV,Dive_1_T6,52.3,outer_reef,Chromis amboinensis,5,Feb_21_44241_Willis_ROV_Dive_1_T6,0:03:20
Feb_21,14/2/2021,Willis,ROV,Dive_1_T6,52.3,outer_reef,Chromis amboinensis,3,Feb_21_44241_Willis_ROV_Dive_1_T6,0:03:20
Feb_21,14/2/2021,Willis,ROV,Dive_1_T6,52.3,outer_reef,Forcipiger flavissimus,1,Feb_21_44241_Willis_ROV_Dive_1_T6,0:03:20
Feb_21,14/2/2021,Willis,ROV,Dive_1_T6,52.3,outer_reef,Hemitaurichthys polylepis,12,Feb_21_44241_Willis_ROV_Dive_1_T6,0:03:20
Feb_21,14/2/2021,Willis,ROV,Dive_1_T6,52.3,outer_reef,Pseudanthias pleurotaenia,1,Feb_21_44241_Willis_ROV_Dive_1_T6,0:03:20
Feb_21,14/2/2021,Willis,ROV,Dive_1_T6,52.3,outer_reef,Hemitaurichthys polylepis,8,Feb_21_44241_Willis_ROV_Dive_1_T6,0:03:20
Feb_21,14/2/2021,Willis,ROV,Dive_1_T6,52.3,outer_reef,Acanthurus pyroferus,1,Feb_21_44241_Willis_ROV_Dive_1_T6,0:03:20
Feb_21,14/2/2021,Willis,ROV,Dive_1_T6,52.3,outer_reef,Chromis xanthochira,3,Feb_21_44241_Willis_ROV_Dive_1_T6,0:03:20
Feb_21,14/2/2021,Willis,ROV,Dive_1_T6,52.3,outer_reef,Chromis xanthochira,2,Feb_21_44241_Willis_ROV_Dive_1_T6,0:03:20
Feb_21,14/2/2021,Willis,ROV,Dive_1_T6,52.3,outer_reef,Pseudanthias pleurotaenia,3,Feb_21_44241_Willis_ROV_Dive_1_T6,0:03:20
Feb_21,14/2/2021,Willis,ROV,Dive_1_T6,52.3,outer_reef,Forcipiger flavissimus,1,Feb_21_44241_Willis_ROV_Dive_1_T6,0:03:20
Feb_21,14/2/2021,Willis,ROV,Dive_1_T6,52.3,outer_reef,Acanthurus thompsoni,4,Feb_21_44241_Willis_ROV_Dive_1_T6,0:03:20
Feb_21,14/2/2021,Willis,ROV,Dive_1_T6,52.3,outer_reef,Forcipiger flavissimus,1,Feb_21_44241_Willis_ROV_Dive_1_T6,0:03:20
Feb_21,14/2/2021,Willis,ROV,Dive_1_T6,52.3,outer_reef,Acanthurus thompsoni,1,Feb_21_44241_Willis_ROV_Dive_1_T6,0:03:20
Feb_21,14/2/2021,Willis,ROV,Dive_1_T6,52.3,outer_reef,Acanthurus pyroferus,1,Feb_21_44241_Willis_ROV_Dive_1_T6,0:03:20
Feb_21,14/2/2021,Willis,ROV,Dive_1_T6,52.3,outer_reef,Lutjanus kasmira,2,Feb_21_44241_Willis_ROV_Dive_1_T6,0:03:20
Feb_21,14/2/2021,Willis,ROV,Dive_1_T6,52.3,outer_reef,Lutjanus kasmira,1,Feb_21_44241_Willis_ROV_Dive_1_T6,0:03:20
Feb_21,14/2/2021,Willis,ROV,Dive_1_T6,52.3,outer_reef,Scarus flavipectoralis,1,Feb_21_44241_Willis_ROV_Dive_1_T6,0:03:20
Feb_21,14/2/2021,Willis,ROV,Dive_1_T6,52.3,outer_reef,Acanthurus thompsoni,4,Feb_21_44241_Willis_ROV_Dive_1_T6,0:03:20
Feb_21,14/2/2021,Willis,ROV,Dive_1_T6,52.3,outer_reef,Variola louti,1,Feb_21_44241_Willis_ROV_Dive_1_T6,0:03:20
Feb_21,14/2/2021,Willis,ROV,Dive_1_T6,52.3,outer_reef,Pomacentrus sp,1,Feb_21_44241_Willis_ROV_Dive_1_T6,0:03:20
Feb_21,14/2/2021,Willis,ROV,Dive_1_T6,52.3,outer_reef,Acanthurus sp,6,Feb_21_44241_Willis_ROV_Dive_1_T6,0:03:20
Feb_21,14/2/2021,Willis,ROV,Dive_1_T7,52.3,outer_reef,Acanthurus sp,1,Feb_21_44241_Willis_ROV_Dive_1_T7,0:03:20
Feb_21,14/2/2021,Willis,ROV,Dive_1_T7,60.1,outer_reef,Chrysiptera tricincta,6,Feb_21_44241_Willis_ROV_Dive_1_T7,0:03:20
Feb_21,14/2/2021,Willis,ROV,Dive_1_T7,60.1,outer_reef,Sufflamen chrysopterum,3,Feb_21_44241_Willis_ROV_Dive_1_T7,0:03:20
Feb_21,14/2/2021,Willis,ROV,Dive_1_T7,60.1,outer_reef,Carcharhinus amblyrhynchos,4,Feb_21_44241_Willis_ROV_Dive_1_T7,0:03:20
Feb_21,14/2/2021,Willis,ROV,Dive_1_T7,60.1,outer_reef,Carcharhinus amblyrhynchos,1,Feb_21_44241_Willis_ROV_Dive_1_T7,0:03:20
Feb_21,14/2/2021,Willis,ROV,Dive_1_T8,60.1,outer_reef,Carcharhinus albimarginatus,2,Feb_21_44241_Willis_ROV_Dive_1_T8,0:03:20
Feb_21,14/2/2021,Willis,ROV,Dive_1_T8,44.8,outer_reef,Chromis iomelas,6,Feb_21_44241_Willis_ROV_Dive_1_T8,0:03:20
Feb_21,14/2/2021,Willis,ROV,Dive_1_T8,44.8,outer_reef,Chromis amboinensis,4,Feb_21_44241_Willis_ROV_Dive_1_T8,0:03:20
Feb_21,14/2/2021,Willis,ROV,Dive_1_T8,44.8,outer_reef,Chromis amboinensis,3,Feb_21_44241_Willis_ROV_Dive_1_T8,0:03:20
Feb_21,14/2/2021,Willis,ROV,Dive_1_T8,44.8,outer_reef,Chromis iomelas,2,Feb_21_44241_Willis_ROV_Dive_1_T8,0:03:20
Feb_21,14/2/2021,Willis,ROV,Dive_1_T8,44.8,outer_reef,Zebrasoma scopas,1,Feb_21_44241_Willis_ROV_Dive_1_T8,0:03:20
Feb_21,14/2/2021,Willis,ROV,Dive_1_T8,44.8,outer_reef,Acanthurus thompsoni,4,Feb_21_44241_Willis_ROV_Dive_1_T8,0:03:20
Feb_21,14/2/2021,Willis,ROV,Dive_1_T8,44.8,outer_reef,Acanthurus thompsoni,4,Feb_21_44241_Willis_ROV_Dive_1_T8,0:03:20
Feb_21,14/2/2021,Willis,ROV,Dive_1_T8,44.8,outer_reef,Lutjanus kasmira,2,Feb_21_44241_Willis_ROV_Dive_1_T8,0:03:20
Feb_21,14/2/2021,Willis,ROV,Dive_1_T8,44.8,outer_reef,Arothron mappa,1,Feb_21_44241_Willis_ROV_Dive_1_T8,0:03:20
Feb_21,14/2/2021,Willis,ROV,Dive_1_T8,44.8,outer_reef,Pomacentrus sp,3,Feb_21_44241_Willis_ROV_Dive_1_T8,0:03:20
Feb_21,14/2/2021,Willis,ROV,Dive_1_T9,44.8,outer_reef,Labridae sp,1,Feb_21_44241_Willis_ROV_Dive_1_T9,0:03:20
Feb_21,14/2/2021,Willis,ROV,Dive_1_T9,44.1,outer_reef,Chromis iomelas,1,Feb_21_44241_Willis_ROV_Dive_1_T9,0:03:20
Feb_21,14/2/2021,Willis,ROV,Dive_1_T9,44.1,outer_reef,Chromis amboinensis,5,Feb_21_44241_Willis_ROV_Dive_1_T9,0:03:20
Feb_21,14/2/2021,Willis,ROV,Dive_1_T9,44.1,outer_reef,Chromis ternatensis,4,Feb_21_44241_Willis_ROV_Dive_1_T9,0:03:20
Feb_21,14/2/2021,Willis,ROV,Dive_1_T9,44.1,outer_reef,Chromis iomelas,6,Feb_21_44241_Willis_ROV_Dive_1_T9,0:03:20
Feb_21,14/2/2021,Willis,ROV,Dive_1_T9,44.1,outer_reef,Chromis amboinensis,5,Feb_21_44241_Willis_ROV_Dive_1_T9,0:03:20
Feb_21,14/2/2021,Willis,ROV,Dive_1_T9,44.1,outer_reef,Dascyllus reticulatus,4,Feb_21_44241_Willis_ROV_Dive_1_T9,0:03:20
Feb_21,14/2/2021,Willis,ROV,Dive_1_T9,44.1,outer_reef,Chromis amboinensis,4,Feb_21_44241_Willis_ROV_Dive_1_T9,0:03:20
Feb_21,14/2/2021,Willis,ROV,Dive_1_T9,44.1,outer_reef,Amblyglyphidodon aureus,1,Feb_21_44241_Willis_ROV_Dive_1_T9,0:03:20
Feb_21,14/2/2021,Willis,ROV,Dive_1_T9,44.1,outer_reef,Hoplolatilus starcki,2,Feb_21_44241_Willis_ROV_Dive_1_T9,0:03:20
Feb_21,14/2/2021,Willis,ROV,Dive_1_T9,44.1,outer_reef,Acanthurus pyroferus,2,Feb_21_44241_Willis_ROV_Dive_1_T9,0:03:20
Feb_21,14/2/2021,Willis,ROV,Dive_1_T9,44.1,outer_reef,Hemitaurichthys polylepis,4,Feb_21_44241_Willis_ROV_Dive_1_T9,0:03:20
Feb_21,14/2/2021,Willis,ROV,Dive_1_T9,44.1,outer_reef,Genicanthus melanospilos,3,Feb_21_44241_Willis_ROV_Dive_1_T9,0:03:20
Feb_21,14/2/2021,Willis,ROV,Dive_1_T9,44.1,outer_reef,Acanthurus thompsoni,1,Feb_21_44241_Willis_ROV_Dive_1_T9,0:03:20
Feb_21,14/2/2021,Willis,ROV,Dive_1_T9,44.1,outer_reef,Acanthurus nigrofuscus,1,Feb_21_44241_Willis_ROV_Dive_1_T9,0:03:20
Feb_21,14/2/2021,Willis,ROV,Dive_1_T9,44.1,outer_reef,Myripristis kuntee,1,Feb_21_44241_Willis_ROV_Dive_1_T9,0:03:20
Feb_21,14/2/2021,Willis,ROV,Dive_1_T9,44.1,outer_reef,Chaetodon mertensii,1,Feb_21_44241_Willis_ROV_Dive_1_T9,0:03:20
Feb_21,14/2/2021,Willis,ROV,Dive_1_T9,44.1,outer_reef,Hoplolatilus starcki,1,Feb_21_44241_Willis_ROV_Dive_1_T9,0:03:20
Feb_21,14/2/2021,Willis,ROV,Dive_1_T9,44.1,outer_reef,Sufflamen bursa,1,Feb_21_44241_Willis_ROV_Dive_1_T9,0:03:20
Feb_21,14/2/2021,Willis,ROV,Dive_1_T9,44.1,outer_reef,Gomphosus varius,4,Feb_21_44241_Willis_ROV_Dive_1_T9,0:03:20
Feb_21,14/2/2021,Willis,ROV,Dive_1_T9,44.1,outer_reef,Scarus chameleon,1,Feb_21_44241_Willis_ROV_Dive_1_T9,0:03:20
Feb_21,14/2/2021,Willis,ROV,Dive_1_T9,44.1,outer_reef,Caesio lunaris,6,Feb_21_44241_Willis_ROV_Dive_1_T9,0:03:20
Feb_21,14/2/2021,Willis,ROV,Dive_1_T9,44.1,outer_reef,Myripristis kuntee,1,Feb_21_44241_Willis_ROV_Dive_1_T9,0:03:20
Feb_21,14/2/2021,Willis,ROV,Dive_1_T9,44.1,outer_reef,Scarus chameleon,1,Feb_21_44241_Willis_ROV_Dive_1_T9,0:03:20
Feb_21,14/2/2021,Willis,ROV,Dive_1_T9,44.1,outer_reef,Gymnocranius euanus,1,Feb_21_44241_Willis_ROV_Dive_1_T9,0:03:20
Feb_21,14/2/2021,Willis,ROV,Dive_1_T9,44.1,outer_reef,Naso hexacanthus,1,Feb_21_44241_Willis_ROV_Dive_1_T9,0:03:20
Feb_21,14/2/2021,Willis,ROV,Dive_1_T9,44.1,outer_reef,Pomacentrus sp,4,Feb_21_44241_Willis_ROV_Dive_1_T9,0:03:20
Feb_21,14/2/2021,Willis,ROV,Dive_1_T9,44.1,outer_reef,Pomacentrus sp,4,Feb_21_44241_Willis_ROV_Dive_1_T9,0:03:20
Feb_21,14/2/2021,Willis,ROV,Dive_1_T9,44.1,outer_reef,Genicanthus sp,3,Feb_21_44241_Willis_ROV_Dive_1_T9,0:03:20
Feb_21,14/2/2021,Willis,ROV,Dive_1_T9,44.1,outer_reef,Chaetodon sp,2,Feb_21_44241_Willis_ROV_Dive_1_T9,0:03:20
Feb_21,14/2/2021,Willis,ROV,Dive_1_T9,44.1,outer_reef,Acanthurus sp,2,Feb_21_44241_Willis_ROV_Dive_1_T9,0:03:20
Feb_21,14/2/2021,Willis,ROV,Dive_1_T9,44.1,outer_reef,Acanthurus sp,4,Feb_21_44241_Willis_ROV_Dive_1_T9,0:03:20
Feb_21,14/2/2021,Willis,ROV,Dive_1_T9,44.1,outer_reef,Pseudocoris sp,6,Feb_21_44241_Willis_ROV_Dive_1_T9,0:03:20
Feb_21,14/2/2021,Willis,ROV,Dive_1_T10,44.1,outer_reef,Labridae sp,1,Feb_21_44241_Willis_ROV_Dive_1_T10,0:03:20
Feb_21,14/2/2021,Willis,ROV,Dive_1_T10,50.4,outer_reef,Chromis amboinensis,8,Feb_21_44241_Willis_ROV_Dive_1_T10,0:03:20
Feb_21,14/2/2021,Willis,ROV,Dive_1_T10,50.4,outer_reef,Chromis amboinensis,8,Feb_21_44241_Willis_ROV_Dive_1_T10,0:03:20
Feb_21,14/2/2021,Willis,ROV,Dive_1_T10,50.4,outer_reef,Genicanthus watanabei,6,Feb_21_44241_Willis_ROV_Dive_1_T10,0:03:20
Feb_21,14/2/2021,Willis,ROV,Dive_1_T10,50.4,outer_reef,Forcipiger flavissimus,1,Feb_21_44241_Willis_ROV_Dive_1_T10,0:03:20
Feb_21,14/2/2021,Willis,ROV,Dive_1_T10,50.4,outer_reef,Parupeneus multifasciatus,2,Feb_21_44241_Willis_ROV_Dive_1_T10,0:03:20
Feb_21,14/2/2021,Willis,ROV,Dive_1_T10,50.4,outer_reef,Chaetodon kleinii,2,Feb_21_44241_Willis_ROV_Dive_1_T10,0:03:20
Feb_21,14/2/2021,Willis,ROV,Dive_1_T10,50.4,outer_reef,Bodianus anthioides,1,Feb_21_44241_Willis_ROV_Dive_1_T10,0:03:20
Feb_21,14/2/2021,Willis,ROV,Dive_1_T10,50.4,outer_reef,Chaetodon lunulatus,2,Feb_21_44241_Willis_ROV_Dive_1_T10,0:03:20
Feb_21,14/2/2021,Willis,ROV,Dive_1_T10,50.4,outer_reef,Chaetodon pelewensis,2,Feb_21_44241_Willis_ROV_Dive_1_T10,0:03:20
Feb_21,14/2/2021,Willis,ROV,Dive_1_T10,50.4,outer_reef,Hemitaurichthys polylepis,8,Feb_21_44241_Willis_ROV_Dive_1_T10,0:03:20
Feb_21,14/2/2021,Willis,ROV,Dive_1_T10,50.4,outer_reef,Genicanthus watanabei,5,Feb_21_44241_Willis_ROV_Dive_1_T10,0:03:20
Feb_21,14/2/2021,Willis,ROV,Dive_1_T10,50.4,outer_reef,Forcipiger flavissimus,1,Feb_21_44241_Willis_ROV_Dive_1_T10,0:03:20
Feb_21,14/2/2021,Willis,ROV,Dive_1_T10,50.4,outer_reef,Hemitaurichthys polylepis,5,Feb_21_44241_Willis_ROV_Dive_1_T10,0:03:20
Feb_21,14/2/2021,Willis,ROV,Dive_1_T10,50.4,outer_reef,Forcipiger flavissimus,5,Feb_21_44241_Willis_ROV_Dive_1_T10,0:03:20
Feb_21,14/2/2021,Willis,ROV,Dive_1_T10,50.4,outer_reef,Parupeneus multifasciatus,2,Feb_21_44241_Willis_ROV_Dive_1_T10,0:03:20
Feb_21,14/2/2021,Willis,ROV,Dive_1_T10,50.4,outer_reef,Forcipiger flavissimus,4,Feb_21_44241_Willis_ROV_Dive_1_T10,0:03:20
Feb_21,14/2/2021,Willis,ROV,Dive_1_T10,50.4,outer_reef,Gnathodentex aureolineatus,2,Feb_21_44241_Willis_ROV_Dive_1_T10,0:03:20
Feb_21,14/2/2021,Willis,ROV,Dive_1_T10,50.4,outer_reef,Acanthurus thompsoni,2,Feb_21_44241_Willis_ROV_Dive_1_T10,0:03:20
Feb_21,14/2/2021,Willis,ROV,Dive_1_T10,50.4,outer_reef,Scarus schlegeli,2,Feb_21_44241_Willis_ROV_Dive_1_T10,0:03:20
Feb_21,14/2/2021,Willis,ROV,Dive_1_T10,50.4,outer_reef,Ctenochaetus striatus,3,Feb_21_44241_Willis_ROV_Dive_1_T10,0:03:20
Feb_21,14/2/2021,Willis,ROV,Dive_1_T10,50.4,outer_reef,Monotaxis grandoculis,1,Feb_21_44241_Willis_ROV_Dive_1_T10,0:03:20
Feb_21,14/2/2021,Willis,ROV,Dive_1_T10,50.4,outer_reef,Gymnocranius euanus,1,Feb_21_44241_Willis_ROV_Dive_1_T10,0:03:20
Feb_21,14/2/2021,Willis,ROV,Dive_1_T10,50.4,outer_reef,Chlorurus sordidus,1,Feb_21_44241_Willis_ROV_Dive_1_T10,0:03:20
Feb_21,14/2/2021,Willis,ROV,Dive_1_T10,50.4,outer_reef,Gymnocranius euanus,1,Feb_21_44241_Willis_ROV_Dive_1_T10,0:03:20
Feb_21,14/2/2021,Willis,ROV,Dive_1_T10,50.4,outer_reef,Balistoides viridescens,1,Feb_21_44241_Willis_ROV_Dive_1_T10,0:03:20
Feb_21,14/2/2021,Willis,ROV,Dive_1_T10,50.4,outer_reef,Carcharhinus amblyrhynchos,1,Feb_21_44241_Willis_ROV_Dive_1_T10,0:03:20
Feb_21,14/2/2021,Willis,ROV,Dive_1_T10,50.4,outer_reef,Centropyge sp,1,Feb_21_44241_Willis_ROV_Dive_1_T10,0:03:20
Feb_21,14/2/2021,Willis,ROV,Dive_1_T10,50.4,outer_reef,Cirrhilabrus sp,11,Feb_21_44241_Willis_ROV_Dive_1_T10,0:03:20
Feb_21,14/2/2021,Willis,ROV,Dive_1_T11,50.4,outer_reef,Acanthurus sp,6,Feb_21_44241_Willis_ROV_Dive_1_T11,0:03:20
Feb_21,14/2/2021,Willis,ROV,Dive_1_T11,50.1,outer_reef,Dascyllus reticulatus,3,Feb_21_44241_Willis_ROV_Dive_1_T11,0:03:20
Feb_21,14/2/2021,Willis,ROV,Dive_1_T11,50.1,outer_reef,Chromis amboinensis,7,Feb_21_44241_Willis_ROV_Dive_1_T11,0:03:20
Feb_21,14/2/2021,Willis,ROV,Dive_1_T11,50.1,outer_reef,Chromis amboinensis,8,Feb_21_44241_Willis_ROV_Dive_1_T11,0:03:20
Feb_21,14/2/2021,Willis,ROV,Dive_1_T11,50.1,outer_reef,Genicanthus watanabei,5,Feb_21_44241_Willis_ROV_Dive_1_T11,0:03:20
Feb_21,14/2/2021,Willis,ROV,Dive_1_T11,50.1,outer_reef,Acanthurus thompsoni,4,Feb_21_44241_Willis_ROV_Dive_1_T11,0:03:20
Feb_21,14/2/2021,Willis,ROV,Dive_1_T11,50.1,outer_reef,Acanthurus thompsoni,12,Feb_21_44241_Willis_ROV_Dive_1_T11,0:03:20
Feb_21,14/2/2021,Willis,ROV,Dive_1_T11,50.1,outer_reef,Ctenochaetus striatus,2,Feb_21_44241_Willis_ROV_Dive_1_T11,0:03:20
Feb_21,14/2/2021,Willis,ROV,Dive_1_T11,50.1,outer_reef,Acanthurus pyroferus,1,Feb_21_44241_Willis_ROV_Dive_1_T11,0:03:20
Feb_21,14/2/2021,Willis,ROV,Dive_1_T11,50.1,outer_reef,Acanthurus pyroferus,1,Feb_21_44241_Willis_ROV_Dive_1_T11,0:03:20
Feb_21,14/2/2021,Willis,ROV,Dive_1_T11,50.1,outer_reef,Forcipiger flavissimus,5,Feb_21_44241_Willis_ROV_Dive_1_T11,0:03:20
Feb_21,14/2/2021,Willis,ROV,Dive_1_T11,50.1,outer_reef,Pygoplites diacanthus,1,Feb_21_44241_Willis_ROV_Dive_1_T11,0:03:20
Feb_21,14/2/2021,Willis,ROV,Dive_1_T11,50.1,outer_reef,Zanclus cornutus,1,Feb_21_44241_Willis_ROV_Dive_1_T11,0:03:20
Feb_21,14/2/2021,Willis,ROV,Dive_1_T11,50.1,outer_reef,Cantherhines dumerilii,2,Feb_21_44241_Willis_ROV_Dive_1_T11,0:03:20
Feb_21,14/2/2021,Willis,ROV,Dive_1_T11,50.1,outer_reef,Parupeneus multifasciatus,2,Feb_21_44241_Willis_ROV_Dive_1_T11,0:03:20
Feb_21,14/2/2021,Willis,ROV,Dive_1_T11,50.1,outer_reef,Acanthurus pyroferus,2,Feb_21_44241_Willis_ROV_Dive_1_T11,0:03:20
Feb_21,14/2/2021,Willis,ROV,Dive_1_T11,50.1,outer_reef,Arothron caeruleopunctatus,1,Feb_21_44241_Willis_ROV_Dive_1_T11,0:03:20
Feb_21,14/2/2021,Willis,ROV,Dive_1_T11,50.1,outer_reef,Carcharhinus albimarginatus,8,Feb_21_44241_Willis_ROV_Dive_1_T11,0:03:20
Feb_21,14/2/2021,Willis,ROV,Dive_1_T11,50.1,outer_reef,Pomacentrus sp,7,Feb_21_44241_Willis_ROV_Dive_1_T11,0:03:20
Feb_21,14/2/2021,Willis,ROV,Dive_1_T11,50.1,outer_reef,Acanthurus sp,4,Feb_21_44241_Willis_ROV_Dive_1_T11,0:03:20
Feb_21,14/2/2021,Willis,ROV,Dive_1_T12,50.1,outer_reef,Scarus sp,1,Feb_21_44241_Willis_ROV_Dive_1_T12,0:03:20
Feb_21,14/2/2021,Willis,ROV,Dive_1_T12,40,outer_reef,Chromis iomelas,4,Feb_21_44241_Willis_ROV_Dive_1_T12,0:03:20
Feb_21,14/2/2021,Willis,ROV,Dive_1_T12,40,outer_reef,Chromis iomelas,8,Feb_21_44241_Willis_ROV_Dive_1_T12,0:03:20
Feb_21,14/2/2021,Willis,ROV,Dive_1_T12,40,outer_reef,Chromis iomelas,2,Feb_21_44241_Willis_ROV_Dive_1_T12,0:03:20
Feb_21,14/2/2021,Willis,ROV,Dive_1_T12,40,outer_reef,Chromis amboinensis,4,Feb_21_44241_Willis_ROV_Dive_1_T12,0:03:20
Feb_21,14/2/2021,Willis,ROV,Dive_1_T12,40,outer_reef,Chromis amboinensis,6,Feb_21_44241_Willis_ROV_Dive_1_T12,0:03:20
Feb_21,14/2/2021,Willis,ROV,Dive_1_T12,40,outer_reef,Chromis iomelas,4,Feb_21_44241_Willis_ROV_Dive_1_T12,0:03:20
Feb_21,14/2/2021,Willis,ROV,Dive_1_T12,40,outer_reef,Chromis margaritifer,4,Feb_21_44241_Willis_ROV_Dive_1_T12,0:03:20
Feb_21,14/2/2021,Willis,ROV,Dive_1_T12,40,outer_reef,Chromis xanthochira,1,Feb_21_44241_Willis_ROV_Dive_1_T12,0:03:20
Feb_21,14/2/2021,Willis,ROV,Dive_1_T12,40,outer_reef,Chromis weberi,2,Feb_21_44241_Willis_ROV_Dive_1_T12,0:03:20
Feb_21,14/2/2021,Willis,ROV,Dive_1_T12,40,outer_reef,Chaetodon mertensii,1,Feb_21_44241_Willis_ROV_Dive_1_T12,0:03:20
Feb_21,14/2/2021,Willis,ROV,Dive_1_T12,40,outer_reef,Chaetodon plebeius,2,Feb_21_44241_Willis_ROV_Dive_1_T12,0:03:20
Feb_21,14/2/2021,Willis,ROV,Dive_1_T12,40,outer_reef,Parupeneus multifasciatus,1,Feb_21_44241_Willis_ROV_Dive_1_T12,0:03:20
Feb_21,14/2/2021,Willis,ROV,Dive_1_T12,40,outer_reef,Acanthurus nigrofuscus,1,Feb_21_44241_Willis_ROV_Dive_1_T12,0:03:20
Feb_21,14/2/2021,Willis,ROV,Dive_1_T12,40,outer_reef,Carcharhinus albimarginatus,1,Feb_21_44241_Willis_ROV_Dive_1_T12,0:03:20
Feb_21,14/2/2021,Willis,ROV,Dive_1_T12,40,outer_reef,Pomacentrus sp,1,Feb_21_44241_Willis_ROV_Dive_1_T12,0:03:20
Feb_21,14/2/2021,Willis,ROV,Dive_1_T13,40,outer_reef,Labridae sp,1,Feb_21_44241_Willis_ROV_Dive_1_T13,0:03:20
Feb_21,14/2/2021,Willis,ROV,Dive_1_T13,43,outer_reef,Chromis iomelas,8,Feb_21_44241_Willis_ROV_Dive_1_T13,0:03:20
Feb_21,14/2/2021,Willis,ROV,Dive_1_T13,43,outer_reef,Chromis iomelas,5,Feb_21_44241_Willis_ROV_Dive_1_T13,0:03:20
Feb_21,14/2/2021,Willis,ROV,Dive_1_T13,43,outer_reef,Dascyllus reticulatus,6,Feb_21_44241_Willis_ROV_Dive_1_T13,0:03:20
Feb_21,14/2/2021,Willis,ROV,Dive_1_T13,43,outer_reef,Chromis amboinensis,6,Feb_21_44241_Willis_ROV_Dive_1_T13,0:03:20
Feb_21,14/2/2021,Willis,ROV,Dive_1_T13,43,outer_reef,Chromis amboinensis,12,Feb_21_44241_Willis_ROV_Dive_1_T13,0:03:20
Feb_21,14/2/2021,Willis,ROV,Dive_1_T13,43,outer_reef,Chromis amboinensis,8,Feb_21_44241_Willis_ROV_Dive_1_T13,0:03:20
Feb_21,14/2/2021,Willis,ROV,Dive_1_T13,43,outer_reef,Chromis amboinensis,3,Feb_21_44241_Willis_ROV_Dive_1_T13,0:03:20
Feb_21,14/2/2021,Willis,ROV,Dive_1_T13,43,outer_reef,Chromis amboinensis,11,Feb_21_44241_Willis_ROV_Dive_1_T13,0:03:20
Feb_21,14/2/2021,Willis,ROV,Dive_1_T13,43,outer_reef,Chromis amboinensis,5,Feb_21_44241_Willis_ROV_Dive_1_T13,0:03:20
Feb_21,14/2/2021,Willis,ROV,Dive_1_T13,43,outer_reef,Hemitaurichthys polylepis,2,Feb_21_44241_Willis_ROV_Dive_1_T13,0:03:20
Feb_21,14/2/2021,Willis,ROV,Dive_1_T13,43,outer_reef,Centropyge flavissima,1,Feb_21_44241_Willis_ROV_Dive_1_T13,0:03:20
Feb_21,14/2/2021,Willis,ROV,Dive_1_T13,43,outer_reef,Acanthurus thompsoni,1,Feb_21_44241_Willis_ROV_Dive_1_T13,0:03:20
Feb_21,14/2/2021,Willis,ROV,Dive_1_T13,43,outer_reef,Forcipiger flavissimus,1,Feb_21_44241_Willis_ROV_Dive_1_T13,0:03:20
Feb_21,14/2/2021,Willis,ROV,Dive_1_T13,43,outer_reef,Ctenochaetus striatus,1,Feb_21_44241_Willis_ROV_Dive_1_T13,0:03:20
Feb_21,14/2/2021,Willis,ROV,Dive_1_T13,43,outer_reef,Acanthurus thompsoni,1,Feb_21_44241_Willis_ROV_Dive_1_T13,0:03:20
Feb_21,14/2/2021,Willis,ROV,Dive_1_T13,43,outer_reef,Acanthurus pyroferus,1,Feb_21_44241_Willis_ROV_Dive_1_T13,0:03:20
Feb_21,14/2/2021,Willis,ROV,Dive_1_T13,43,outer_reef,Caesio lunaris,4,Feb_21_44241_Willis_ROV_Dive_1_T13,0:03:20
Feb_21,14/2/2021,Willis,ROV,Dive_1_T13,43,outer_reef,Heniochus acuminatus,1,Feb_21_44241_Willis_ROV_Dive_1_T13,0:03:20
Feb_21,14/2/2021,Willis,ROV,Dive_1_T13,43,outer_reef,Caesio lunaris,4,Feb_21_44241_Willis_ROV_Dive_1_T13,0:03:20
Feb_21,14/2/2021,Willis,ROV,Dive_1_T13,43,outer_reef,Monotaxis grandoculis,1,Feb_21_44241_Willis_ROV_Dive_1_T13,0:03:20
Feb_21,14/2/2021,Willis,ROV,Dive_1_T13,43,outer_reef,Sargocentron spiniferum,1,Feb_21_44241_Willis_ROV_Dive_1_T13,0:03:20
Feb_21,14/2/2021,Willis,ROV,Dive_1_T13,43,outer_reef,Plectorhinchus picus,2,Feb_21_44241_Willis_ROV_Dive_1_T13,0:03:20
Feb_21,14/2/2021,Willis,ROV,Dive_1_T13,43,outer_reef,Chromis iomelas,6,Feb_21_44241_Willis_ROV_Dive_1_T13,0:03:20
Feb_21,14/2/2021,Willis,ROV,Dive_1_T13,43,outer_reef,Chromis iomelas,4,Feb_21_44241_Willis_ROV_Dive_1_T13,0:03:20
Feb_21,14/2/2021,Willis,ROV,Dive_1_T13,43,outer_reef,Ctenochaetus sp,3,Feb_21_44241_Willis_ROV_Dive_1_T13,0:03:20
Feb_21,14/2/2021,Willis,ROV,Dive_1_T13,43,outer_reef,Ctenochaetus sp,3,Feb_21_44241_Willis_ROV_Dive_1_T13,0:03:20
Feb_21,14/2/2021,Willis,ROV,Dive_1_T14,43,outer_reef,Labridae sp,4,Feb_21_44241_Willis_ROV_Dive_1_T14,0:03:20
Feb_21,14/2/2021,Willis,ROV,Dive_1_T14,42,outer_reef,Chromis iomelas,16,Feb_21_44241_Willis_ROV_Dive_1_T14,0:03:20
Feb_21,14/2/2021,Willis,ROV,Dive_1_T14,42,outer_reef,Chromis iomelas,8,Feb_21_44241_Willis_ROV_Dive_1_T14,0:03:20
Feb_21,14/2/2021,Willis,ROV,Dive_1_T14,42,outer_reef,Chromis iomelas,8,Feb_21_44241_Willis_ROV_Dive_1_T14,0:03:20
Feb_21,14/2/2021,Willis,ROV,Dive_1_T14,42,outer_reef,Chromis amboinensis,4,Feb_21_44241_Willis_ROV_Dive_1_T14,0:03:20
Feb_21,14/2/2021,Willis,ROV,Dive_1_T14,42,outer_reef,Chromis amboinensis,5,Feb_21_44241_Willis_ROV_Dive_1_T14,0:03:20
Feb_21,14/2/2021,Willis,ROV,Dive_1_T14,42,outer_reef,Chromis amboinensis,6,Feb_21_44241_Willis_ROV_Dive_1_T14,0:03:20
Feb_21,14/2/2021,Willis,ROV,Dive_1_T14,42,outer_reef,Dascyllus reticulatus,3,Feb_21_44241_Willis_ROV_Dive_1_T14,0:03:20
Feb_21,14/2/2021,Willis,ROV,Dive_1_T14,42,outer_reef,Chromis amboinensis,6,Feb_21_44241_Willis_ROV_Dive_1_T14,0:03:20
Feb_21,14/2/2021,Willis,ROV,Dive_1_T14,42,outer_reef,Dascyllus reticulatus,13,Feb_21_44241_Willis_ROV_Dive_1_T14,0:03:20
Feb_21,14/2/2021,Willis,ROV,Dive_1_T14,42,outer_reef,Chromis alpha,1,Feb_21_44241_Willis_ROV_Dive_1_T14,0:03:20
Feb_21,14/2/2021,Willis,ROV,Dive_1_T14,42,outer_reef,Acanthochromis polyacanthus,4,Feb_21_44241_Willis_ROV_Dive_1_T14,0:03:20
Feb_21,14/2/2021,Willis,ROV,Dive_1_T14,42,outer_reef,Amblyglyphidodon aureus,1,Feb_21_44241_Willis_ROV_Dive_1_T14,0:03:20
Feb_21,14/2/2021,Willis,ROV,Dive_1_T14,42,outer_reef,Genicanthus melanospilos,4,Feb_21_44241_Willis_ROV_Dive_1_T14,0:03:20
Feb_21,14/2/2021,Willis,ROV,Dive_1_T14,42,outer_reef,Centropyge bicolor,1,Feb_21_44241_Willis_ROV_Dive_1_T14,0:03:20
Feb_21,14/2/2021,Willis,ROV,Dive_1_T14,42,outer_reef,Genicanthus melanospilos,2,Feb_21_44241_Willis_ROV_Dive_1_T14,0:03:20
Feb_21,14/2/2021,Willis,ROV,Dive_1_T14,42,outer_reef,Labroides dimidiatus,1,Feb_21_44241_Willis_ROV_Dive_1_T14,0:03:20
Feb_21,14/2/2021,Willis,ROV,Dive_1_T14,42,outer_reef,Acanthochromis polyacanthus,12,Feb_21_44241_Willis_ROV_Dive_1_T14,0:03:20
Feb_21,14/2/2021,Willis,ROV,Dive_1_T14,42,outer_reef,Choerodon jordani,1,Feb_21_44241_Willis_ROV_Dive_1_T14,0:03:20
Feb_21,14/2/2021,Willis,ROV,Dive_1_T14,42,outer_reef,Forcipiger flavissimus,1,Feb_21_44241_Willis_ROV_Dive_1_T14,0:03:20
Feb_21,14/2/2021,Willis,ROV,Dive_1_T14,42,outer_reef,Choerodon jordani,1,Feb_21_44241_Willis_ROV_Dive_1_T14,0:03:20
Feb_21,14/2/2021,Willis,ROV,Dive_1_T14,42,outer_reef,Choerodon jordani,1,Feb_21_44241_Willis_ROV_Dive_1_T14,0:03:20
Feb_21,14/2/2021,Willis,ROV,Dive_1_T14,42,outer_reef,Acanthurus thompsoni,6,Feb_21_44241_Willis_ROV_Dive_1_T14,0:03:20
Feb_21,14/2/2021,Willis,ROV,Dive_1_T14,42,outer_reef,Parupeneus pleurostigma,1,Feb_21_44241_Willis_ROV_Dive_1_T14,0:03:20
Feb_21,14/2/2021,Willis,ROV,Dive_1_T14,42,outer_reef,Chaetodon unimaculatus,1,Feb_21_44241_Willis_ROV_Dive_1_T14,0:03:20
Feb_21,14/2/2021,Willis,ROV,Dive_1_T14,42,outer_reef,Acanthurus thompsoni,8,Feb_21_44241_Willis_ROV_Dive_1_T14,0:03:20
Feb_21,14/2/2021,Willis,ROV,Dive_1_T14,42,outer_reef,Acanthurus thompsoni,6,Feb_21_44241_Willis_ROV_Dive_1_T14,0:03:20
Feb_21,14/2/2021,Willis,ROV,Dive_1_T14,42,outer_reef,Oxycheilinus unifasciatus,1,Feb_21_44241_Willis_ROV_Dive_1_T14,0:03:20
Feb_21,14/2/2021,Willis,ROV,Dive_1_T14,42,outer_reef,Pomacentrus sp,5,Feb_21_44241_Willis_ROV_Dive_1_T14,0:03:20
Feb_21,14/2/2021,Willis,ROV,Dive_1_T15,42,outer_reef,Pomacentrus sp,1,Feb_21_44241_Willis_ROV_Dive_1_T15,0:03:20
Feb_21,14/2/2021,Willis,ROV,Dive_1_T15,42,outer_reef,Chromis iomelas,8,Feb_21_44241_Willis_ROV_Dive_1_T15,0:03:20
Feb_21,14/2/2021,Willis,ROV,Dive_1_T15,42,outer_reef,Chromis iomelas,8,Feb_21_44241_Willis_ROV_Dive_1_T15,0:03:20
Feb_21,14/2/2021,Willis,ROV,Dive_1_T15,42,outer_reef,Chromis amboinensis,8,Feb_21_44241_Willis_ROV_Dive_1_T15,0:03:20
Feb_21,14/2/2021,Willis,ROV,Dive_1_T15,42,outer_reef,Chromis amboinensis,4,Feb_21_44241_Willis_ROV_Dive_1_T15,0:03:20
Feb_21,14/2/2021,Willis,ROV,Dive_1_T15,42,outer_reef,Chromis iomelas,1,Feb_21_44241_Willis_ROV_Dive_1_T15,0:03:20
Feb_21,14/2/2021,Willis,ROV,Dive_1_T15,42,outer_reef,Chromis amboinensis,6,Feb_21_44241_Willis_ROV_Dive_1_T15,0:03:20
Feb_21,14/2/2021,Willis,ROV,Dive_1_T15,42,outer_reef,Chromis amboinensis,5,Feb_21_44241_Willis_ROV_Dive_1_T15,0:03:20
Feb_21,14/2/2021,Willis,ROV,Dive_1_T15,42,outer_reef,Chromis amboinensis,8,Feb_21_44241_Willis_ROV_Dive_1_T15,0:03:20
Feb_21,14/2/2021,Willis,ROV,Dive_1_T15,42,outer_reef,Centropyge heraldi,1,Feb_21_44241_Willis_ROV_Dive_1_T15,0:03:20
Feb_21,14/2/2021,Willis,ROV,Dive_1_T15,42,outer_reef,Chaetodon pelewensis,1,Feb_21_44241_Willis_ROV_Dive_1_T15,0:03:20
Feb_21,14/2/2021,Willis,ROV,Dive_1_T15,42,outer_reef,Centropyge heraldi,2,Feb_21_44241_Willis_ROV_Dive_1_T15,0:03:20
Feb_21,14/2/2021,Willis,ROV,Dive_1_T15,42,outer_reef,Chromis amboinensis,6,Feb_21_44241_Willis_ROV_Dive_1_T15,0:03:20
Feb_21,14/2/2021,Willis,ROV,Dive_1_T15,42,outer_reef,Chromis weberi,2,Feb_21_44241_Willis_ROV_Dive_1_T15,0:03:20
Feb_21,14/2/2021,Willis,ROV,Dive_1_T15,42,outer_reef,Genicanthus melanospilos,1,Feb_21_44241_Willis_ROV_Dive_1_T15,0:03:20
Feb_21,14/2/2021,Willis,ROV,Dive_1_T15,42,outer_reef,Genicanthus melanospilos,2,Feb_21_44241_Willis_ROV_Dive_1_T15,0:03:20
Feb_21,14/2/2021,Willis,ROV,Dive_1_T15,42,outer_reef,Acanthurus thompsoni,3,Feb_21_44241_Willis_ROV_Dive_1_T15,0:03:20
Feb_21,14/2/2021,Willis,ROV,Dive_1_T15,42,outer_reef,Chaetodon lunulatus,1,Feb_21_44241_Willis_ROV_Dive_1_T15,0:03:20
Feb_21,14/2/2021,Willis,ROV,Dive_1_T15,42,outer_reef,Acanthurus nigrofuscus,1,Feb_21_44241_Willis_ROV_Dive_1_T15,0:03:20
Feb_21,14/2/2021,Willis,ROV,Dive_1_T15,42,outer_reef,Acanthurus pyroferus,1,Feb_21_44241_Willis_ROV_Dive_1_T15,0:03:20
Feb_21,14/2/2021,Willis,ROV,Dive_1_T15,42,outer_reef,Ctenochaetus striatus,1,Feb_21_44241_Willis_ROV_Dive_1_T15,0:03:20
Feb_21,14/2/2021,Willis,ROV,Dive_1_T15,42,outer_reef,Anampses twistii,1,Feb_21_44241_Willis_ROV_Dive_1_T15,0:03:20
Feb_21,14/2/2021,Willis,ROV,Dive_1_T15,42,outer_reef,Hemitaurichthys polylepis,1,Feb_21_44241_Willis_ROV_Dive_1_T15,0:03:20
Feb_21,14/2/2021,Willis,ROV,Dive_1_T15,42,outer_reef,Hemitaurichthys polylepis,3,Feb_21_44241_Willis_ROV_Dive_1_T15,0:03:20
Feb_21,14/2/2021,Willis,ROV,Dive_1_T15,42,outer_reef,Acanthurus pyroferus,1,Feb_21_44241_Willis_ROV_Dive_1_T15,0:03:20
Feb_21,14/2/2021,Willis,ROV,Dive_1_T15,42,outer_reef,Acanthurus pyroferus,1,Feb_21_44241_Willis_ROV_Dive_1_T15,0:03:20
Feb_21,14/2/2021,Willis,ROV,Dive_1_T15,42,outer_reef,Acanthurus pyroferus,1,Feb_21_44241_Willis_ROV_Dive_1_T15,0:03:20
Feb_21,14/2/2021,Willis,ROV,Dive_1_T15,42,outer_reef,Ctenochaetus striatus,1,Feb_21_44241_Willis_ROV_Dive_1_T15,0:03:20
Feb_21,14/2/2021,Willis,ROV,Dive_1_T15,42,outer_reef,Oxycheilinus unifasciatus,1,Feb_21_44241_Willis_ROV_Dive_1_T15,0:03:20
Feb_21,14/2/2021,Willis,ROV,Dive_1_T15,42,outer_reef,Acanthurus pyroferus,1,Feb_21_44241_Willis_ROV_Dive_1_T15,0:03:20
Feb_21,14/2/2021,Willis,ROV,Dive_1_T15,42,outer_reef,Forcipiger flavissimus,3,Feb_21_44241_Willis_ROV_Dive_1_T15,0:03:20
Feb_21,14/2/2021,Willis,ROV,Dive_1_T15,42,outer_reef,Parupeneus multifasciatus,1,Feb_21_44241_Willis_ROV_Dive_1_T15,0:03:20
Feb_21,14/2/2021,Willis,ROV,Dive_1_T15,42,outer_reef,Acanthurus pyroferus,1,Feb_21_44241_Willis_ROV_Dive_1_T15,0:03:20
Feb_21,14/2/2021,Willis,ROV,Dive_1_T15,42,outer_reef,Cantherhines dumerilii,1,Feb_21_44241_Willis_ROV_Dive_1_T15,0:03:20
Feb_21,14/2/2021,Willis,ROV,Dive_1_T15,42,outer_reef,Lutjanus kasmira,1,Feb_21_44241_Willis_ROV_Dive_1_T15,0:03:20
Feb_21,14/2/2021,Willis,ROV,Dive_1_T15,42,outer_reef,Sufflamen bursa,1,Feb_21_44241_Willis_ROV_Dive_1_T15,0:03:20
Feb_21,14/2/2021,Willis,ROV,Dive_1_T15,42,outer_reef,Parupeneus multifasciatus,1,Feb_21_44241_Willis_ROV_Dive_1_T15,0:03:20
Feb_21,14/2/2021,Willis,ROV,Dive_1_T15,42,outer_reef,Hemigymnus fasciatus,3,Feb_21_44241_Willis_ROV_Dive_1_T15,0:03:20
Feb_21,14/2/2021,Willis,ROV,Dive_1_T15,42,outer_reef,Scarus dimidiatus,1,Feb_21_44241_Willis_ROV_Dive_1_T15,0:03:20
Feb_21,14/2/2021,Willis,ROV,Dive_1_T15,42,outer_reef,Scarus dimidiatus,1,Feb_21_44241_Willis_ROV_Dive_1_T15,0:03:20
Feb_21,14/2/2021,Willis,ROV,Dive_1_T15,42,outer_reef,Scarus dimidiatus,1,Feb_21_44241_Willis_ROV_Dive_1_T15,0:03:20
Feb_21,14/2/2021,Willis,ROV,Dive_1_T15,42,outer_reef,Parupeneus multifasciatus,1,Feb_21_44241_Willis_ROV_Dive_1_T15,0:03:20
Feb_21,14/2/2021,Willis,ROV,Dive_1_T15,42,outer_reef,Pomacentrus sp,1,Feb_21_44241_Willis_ROV_Dive_1_T15,0:03:20
Feb_21,14/2/2021,Willis,ROV,Dive_1_T15,42,outer_reef,Pomacentrus sp,1,Feb_21_44241_Willis_ROV_Dive_1_T15,0:03:20
Feb_21,14/2/2021,Willis,ROV,Dive_1_T15,42,outer_reef,Acanthurus sp,1,Feb_21_44241_Willis_ROV_Dive_1_T15,0:03:20
Feb_21,14/2/2021,Willis,ROV,Dive_1_T15,42,outer_reef,Labridae sp,1,Feb_21_44241_Willis_ROV_Dive_1_T15,0:03:20
Feb_21,14/2/2021,Willis,ROV,Dive_1_T1,42,outer_reef,Labridae sp,12,Feb_21_44241_Willis_ROV_Dive_1_T1,0:03:20
Feb_21,15/2/2021,Herald,ROV,Dive_1_T1,34.3,passage,Chromis iomelas,8,Feb_21_44242_Herald_ROV_Dive_1_T1,0:03:20
Feb_21,15/2/2021,Herald,ROV,Dive_1_T1,34.3,passage,Dascyllus reticulatus,6,Feb_21_44242_Herald_ROV_Dive_1_T1,0:03:20
Feb_21,15/2/2021,Herald,ROV,Dive_1_T1,34.3,passage,Chromis iomelas,1,Feb_21_44242_Herald_ROV_Dive_1_T1,0:03:20
Feb_21,15/2/2021,Herald,ROV,Dive_1_T1,34.3,passage,Chromis iomelas,12,Feb_21_44242_Herald_ROV_Dive_1_T1,0:03:20
Feb_21,15/2/2021,Herald,ROV,Dive_1_T1,34.3,passage,Chromis iomelas,12,Feb_21_44242_Herald_ROV_Dive_1_T1,0:03:20
Feb_21,15/2/2021,Herald,ROV,Dive_1_T1,34.3,passage,Amblyglyphidodon aureus,1,Feb_21_44242_Herald_ROV_Dive_1_T1,0:03:20
Feb_21,15/2/2021,Herald,ROV,Dive_1_T1,34.3,passage,Chaetodon mertensii,1,Feb_21_44242_Herald_ROV_Dive_1_T1,0:03:20
Feb_21,15/2/2021,Herald,ROV,Dive_1_T1,34.3,passage,Chaetodon plebeius,2,Feb_21_44242_Herald_ROV_Dive_1_T1,0:03:20
Feb_21,15/2/2021,Herald,ROV,Dive_1_T1,34.3,passage,Chaetodon pelewensis,2,Feb_21_44242_Herald_ROV_Dive_1_T1,0:03:20
Feb_21,15/2/2021,Herald,ROV,Dive_1_T1,34.3,passage,Oxycheilinus unifasciatus,1,Feb_21_44242_Herald_ROV_Dive_1_T1,0:03:20
Feb_21,15/2/2021,Herald,ROV,Dive_1_T1,34.3,passage,Chaetodon mertensii,2,Feb_21_44242_Herald_ROV_Dive_1_T1,0:03:20
Feb_21,15/2/2021,Herald,ROV,Dive_1_T1,34.3,passage,Oxycheilinus digramma,2,Feb_21_44242_Herald_ROV_Dive_1_T1,0:03:20
Feb_21,15/2/2021,Herald,ROV,Dive_1_T1,34.3,passage,Parupeneus multifasciatus,1,Feb_21_44242_Herald_ROV_Dive_1_T1,0:03:20
Feb_21,15/2/2021,Herald,ROV,Dive_1_T1,34.3,passage,Caesio lunaris,12,Feb_21_44242_Herald_ROV_Dive_1_T1,0:03:20
Feb_21,15/2/2021,Herald,ROV,Dive_1_T1,34.3,passage,Seriola dumerili,1,Feb_21_44242_Herald_ROV_Dive_1_T1,0:03:20
Feb_21,15/2/2021,Herald,ROV,Dive_1_T1,34.3,passage,Chaetodon mertensii,1,Feb_21_44242_Herald_ROV_Dive_1_T1,0:03:20
Feb_21,15/2/2021,Herald,ROV,Dive_1_T1,34.3,passage,Parupeneus pleurostigma,1,Feb_21_44242_Herald_ROV_Dive_1_T1,0:03:20
Feb_21,15/2/2021,Herald,ROV,Dive_1_T1,34.3,passage,Caesio lunaris,18,Feb_21_44242_Herald_ROV_Dive_1_T1,0:03:20
Feb_21,15/2/2021,Herald,ROV,Dive_1_T1,34.3,passage,Aprion virescens,1,Feb_21_44242_Herald_ROV_Dive_1_T1,0:03:20
Feb_21,15/2/2021,Herald,ROV,Dive_1_T1,34.3,passage,Naso vlamingii,1,Feb_21_44242_Herald_ROV_Dive_1_T1,0:03:20
Feb_21,15/2/2021,Herald,ROV,Dive_1_T1,34.3,passage,Pseudobalistes fuscus,1,Feb_21_44242_Herald_ROV_Dive_1_T1,0:03:20
Feb_21,15/2/2021,Herald,ROV,Dive_1_T1,34.3,passage,Acanthurus sp,2,Feb_21_44242_Herald_ROV_Dive_1_T1,0:03:20
Feb_21,15/2/2021,Herald,ROV,Dive_1_T1,34.3,passage,Acanthurus sp,1,Feb_21_44242_Herald_ROV_Dive_1_T1,0:03:20
Feb_21,15/2/2021,Herald,ROV,Dive_1_T2,34.3,passage,Acanthurus sp,6,Feb_21_44242_Herald_ROV_Dive_1_T2,0:03:20
Feb_21,15/2/2021,Herald,ROV,Dive_1_T2,35.3,passage,Chromis amboinensis,9,Feb_21_44242_Herald_ROV_Dive_1_T2,0:03:20
Feb_21,15/2/2021,Herald,ROV,Dive_1_T2,35.3,passage,Chaetodon mertensii,1,Feb_21_44242_Herald_ROV_Dive_1_T2,0:03:20
Feb_21,15/2/2021,Herald,ROV,Dive_1_T2,35.3,passage,Chromis weberi,2,Feb_21_44242_Herald_ROV_Dive_1_T2,0:03:20
Feb_21,15/2/2021,Herald,ROV,Dive_1_T2,35.3,passage,Dascyllus trimaculatus,1,Feb_21_44242_Herald_ROV_Dive_1_T2,0:03:20
Feb_21,15/2/2021,Herald,ROV,Dive_1_T2,35.3,passage,Ctenochaetus striatus,8,Feb_21_44242_Herald_ROV_Dive_1_T2,0:03:20
Feb_21,15/2/2021,Herald,ROV,Dive_1_T2,35.3,passage,Naso brevirostris,1,Feb_21_44242_Herald_ROV_Dive_1_T2,0:03:20
Feb_21,15/2/2021,Herald,ROV,Dive_1_T3,35.3,passage,Parupeneus ciliatus,4,Feb_21_44242_Herald_ROV_Dive_1_T3,0:03:20
Feb_21,15/2/2021,Herald,ROV,Dive_1_T4,37.6,passage,Gymnocranius euanus,1,Feb_21_44242_Herald_ROV_Dive_1_T4,0:03:20
Feb_21,15/2/2021,Herald,ROV,Dive_1_T4,43.5,passage,Chromis iomelas,14,Feb_21_44242_Herald_ROV_Dive_1_T4,0:03:20
Feb_21,15/2/2021,Herald,ROV,Dive_1_T4,43.5,passage,Chromis amboinensis,5,Feb_21_44242_Herald_ROV_Dive_1_T4,0:03:20
Feb_21,15/2/2021,Herald,ROV,Dive_1_T4,43.5,passage,Genicanthus watanabei,11,Feb_21_44242_Herald_ROV_Dive_1_T4,0:03:20
Feb_21,15/2/2021,Herald,ROV,Dive_1_T4,43.5,passage,Chromis iomelas,5,Feb_21_44242_Herald_ROV_Dive_1_T4,0:03:20
Feb_21,15/2/2021,Herald,ROV,Dive_1_T4,43.5,passage,Chromis amboinensis,2,Feb_21_44242_Herald_ROV_Dive_1_T4,0:03:20
Feb_21,15/2/2021,Herald,ROV,Dive_1_T4,43.5,passage,Chaetodon kleinii,2,Feb_21_44242_Herald_ROV_Dive_1_T4,0:03:20
Feb_21,15/2/2021,Herald,ROV,Dive_1_T4,43.5,passage,Centropyge heraldi,1,Feb_21_44242_Herald_ROV_Dive_1_T4,0:03:20
Feb_21,15/2/2021,Herald,ROV,Dive_1_T4,43.5,passage,Centropyge heraldi,2,Feb_21_44242_Herald_ROV_Dive_1_T4,0:03:20
Feb_21,15/2/2021,Herald,ROV,Dive_1_T4,43.5,passage,Melichthys vidua,1,Feb_21_44242_Herald_ROV_Dive_1_T4,0:03:20
Feb_21,15/2/2021,Herald,ROV,Dive_1_T4,43.5,passage,Chaetodon mertensii,1,Feb_21_44242_Herald_ROV_Dive_1_T4,0:03:20
Feb_21,15/2/2021,Herald,ROV,Dive_1_T4,43.5,passage,Acanthurus pyroferus,2,Feb_21_44242_Herald_ROV_Dive_1_T4,0:03:20
Feb_21,15/2/2021,Herald,ROV,Dive_1_T4,43.5,passage,Dascyllus trimaculatus,2,Feb_21_44242_Herald_ROV_Dive_1_T4,0:03:20
Feb_21,15/2/2021,Herald,ROV,Dive_1_T4,43.5,passage,Myripristis kuntee,1,Feb_21_44242_Herald_ROV_Dive_1_T4,0:03:20
Feb_21,15/2/2021,Herald,ROV,Dive_1_T4,43.5,passage,Chaetodon mertensii,1,Feb_21_44242_Herald_ROV_Dive_1_T4,0:03:20
Feb_21,15/2/2021,Herald,ROV,Dive_1_T4,43.5,passage,Forcipiger flavissimus,1,Feb_21_44242_Herald_ROV_Dive_1_T4,0:03:20
Feb_21,15/2/2021,Herald,ROV,Dive_1_T4,43.5,passage,Choerodon jordani,2,Feb_21_44242_Herald_ROV_Dive_1_T4,0:03:20
Feb_21,15/2/2021,Herald,ROV,Dive_1_T4,43.5,passage,Thalassoma lunare,1,Feb_21_44242_Herald_ROV_Dive_1_T4,0:03:20
Feb_21,15/2/2021,Herald,ROV,Dive_1_T4,43.5,passage,Ctenochaetus striatus,1,Feb_21_44242_Herald_ROV_Dive_1_T4,0:03:20
Feb_21,15/2/2021,Herald,ROV,Dive_1_T4,43.5,passage,Acanthurus pyroferus,3,Feb_21_44242_Herald_ROV_Dive_1_T4,0:03:20
Feb_21,15/2/2021,Herald,ROV,Dive_1_T4,43.5,passage,Parupeneus pleurostigma,1,Feb_21_44242_Herald_ROV_Dive_1_T4,0:03:20
Feb_21,15/2/2021,Herald,ROV,Dive_1_T4,43.5,passage,Melichthys vidua,1,Feb_21_44242_Herald_ROV_Dive_1_T4,0:03:20
Feb_21,15/2/2021,Herald,ROV,Dive_1_T4,43.5,passage,Carangoides bajad,1,Feb_21_44242_Herald_ROV_Dive_1_T4,0:03:20
Feb_21,15/2/2021,Herald,ROV,Dive_1_T4,43.5,passage,Caranx melampygus,5,Feb_21_44242_Herald_ROV_Dive_1_T4,0:03:20
Feb_21,15/2/2021,Herald,ROV,Dive_1_T4,43.5,passage,Caranx melampygus,6,Feb_21_44242_Herald_ROV_Dive_1_T4,0:03:20
Feb_21,15/2/2021,Herald,ROV,Dive_1_T4,43.5,passage,Caranx melampygus,1,Feb_21_44242_Herald_ROV_Dive_1_T4,0:03:20
Feb_21,15/2/2021,Herald,ROV,Dive_1_T4,43.5,passage,Caranx melampygus,1,Feb_21_44242_Herald_ROV_Dive_1_T4,0:03:20
Feb_21,15/2/2021,Herald,ROV,Dive_1_T4,43.5,passage,Lutjanus bohar,1,Feb_21_44242_Herald_ROV_Dive_1_T4,0:03:20
Feb_21,15/2/2021,Herald,ROV,Dive_1_T5,43.5,passage,Acanthurus sp,6,Feb_21_44242_Herald_ROV_Dive_1_T5,0:03:20
Feb_21,15/2/2021,Herald,ROV,Dive_1_T5,43.8,passage,Chromis iomelas,4,Feb_21_44242_Herald_ROV_Dive_1_T5,0:03:20
Feb_21,15/2/2021,Herald,ROV,Dive_1_T5,43.8,passage,Chromis iomelas,4,Feb_21_44242_Herald_ROV_Dive_1_T5,0:03:20
Feb_21,15/2/2021,Herald,ROV,Dive_1_T5,43.8,passage,Chromis iomelas,6,Feb_21_44242_Herald_ROV_Dive_1_T5,0:03:20
Feb_21,15/2/2021,Herald,ROV,Dive_1_T5,43.8,passage,Chromis amboinensis,3,Feb_21_44242_Herald_ROV_Dive_1_T5,0:03:20
Feb_21,15/2/2021,Herald,ROV,Dive_1_T5,43.8,passage,Chaetodon kleinii,2,Feb_21_44242_Herald_ROV_Dive_1_T5,0:03:20
Feb_21,15/2/2021,Herald,ROV,Dive_1_T5,43.8,passage,Centropyge heraldi,2,Feb_21_44242_Herald_ROV_Dive_1_T5,0:03:20
Feb_21,15/2/2021,Herald,ROV,Dive_1_T5,43.8,passage,Chaetodon mertensii,1,Feb_21_44242_Herald_ROV_Dive_1_T5,0:03:20
Feb_21,15/2/2021,Herald,ROV,Dive_1_T5,43.8,passage,Genicanthus watanabei,2,Feb_21_44242_Herald_ROV_Dive_1_T5,0:03:20
Feb_21,15/2/2021,Herald,ROV,Dive_1_T5,43.8,passage,Chaetodon mertensii,3,Feb_21_44242_Herald_ROV_Dive_1_T5,0:03:20
Feb_21,15/2/2021,Herald,ROV,Dive_1_T5,43.8,passage,Centropyge heraldi,2,Feb_21_44242_Herald_ROV_Dive_1_T5,0:03:20
Feb_21,15/2/2021,Herald,ROV,Dive_1_T5,43.8,passage,Genicanthus melanospilos,1,Feb_21_44242_Herald_ROV_Dive_1_T5,0:03:20
Feb_21,15/2/2021,Herald,ROV,Dive_1_T5,43.8,passage,Forcipiger flavissimus,1,Feb_21_44242_Herald_ROV_Dive_1_T5,0:03:20
Feb_21,15/2/2021,Herald,ROV,Dive_1_T5,43.8,passage,Ctenochaetus striatus,1,Feb_21_44242_Herald_ROV_Dive_1_T5,0:03:20
Feb_21,15/2/2021,Herald,ROV,Dive_1_T5,43.8,passage,Parupeneus pleurostigma,2,Feb_21_44242_Herald_ROV_Dive_1_T5,0:03:20
Feb_21,15/2/2021,Herald,ROV,Dive_1_T5,43.8,passage,Genicanthus melanospilos,4,Feb_21_44242_Herald_ROV_Dive_1_T5,0:03:20
Feb_21,15/2/2021,Herald,ROV,Dive_1_T5,43.8,passage,Genicanthus watanabei,1,Feb_21_44242_Herald_ROV_Dive_1_T5,0:03:20
Feb_21,15/2/2021,Herald,ROV,Dive_1_T5,43.8,passage,Acanthurus pyroferus,3,Feb_21_44242_Herald_ROV_Dive_1_T5,0:03:20
Feb_21,15/2/2021,Herald,ROV,Dive_1_T5,43.8,passage,Parupeneus pleurostigma,4,Feb_21_44242_Herald_ROV_Dive_1_T5,0:03:20
Feb_21,15/2/2021,Herald,ROV,Dive_1_T5,43.8,passage,Acanthurus thompsoni,1,Feb_21_44242_Herald_ROV_Dive_1_T5,0:03:20
Feb_21,15/2/2021,Herald,ROV,Dive_1_T5,43.8,passage,Scarus longipinnis,1,Feb_21_44242_Herald_ROV_Dive_1_T5,0:03:20
Feb_21,15/2/2021,Herald,ROV,Dive_1_T5,43.8,passage,Acanthurus grammoptilus,1,Feb_21_44242_Herald_ROV_Dive_1_T5,0:03:20
Feb_21,15/2/2021,Herald,ROV,Dive_1_T5,43.8,passage,Parupeneus multifasciatus,1,Feb_21_44242_Herald_ROV_Dive_1_T5,0:03:20
Feb_21,15/2/2021,Herald,ROV,Dive_1_T5,43.8,passage,Parupeneus multifasciatus,1,Feb_21_44242_Herald_ROV_Dive_1_T5,0:03:20
Feb_21,15/2/2021,Herald,ROV,Dive_1_T5,43.8,passage,Chaetodon mertensii,1,Feb_21_44242_Herald_ROV_Dive_1_T5,0:03:20
Feb_21,15/2/2021,Herald,ROV,Dive_1_T5,43.8,passage,Acanthurus pyroferus,1,Feb_21_44242_Herald_ROV_Dive_1_T5,0:03:20
Feb_21,15/2/2021,Herald,ROV,Dive_1_T5,43.8,passage,Acanthurus sp,1,Feb_21_44242_Herald_ROV_Dive_1_T5,0:03:20
Feb_21,15/2/2021,Herald,ROV,Dive_1_T5,43.8,passage,Centropyge sp,1,Feb_21_44242_Herald_ROV_Dive_1_T5,0:03:20
Feb_21,15/2/2021,Herald,ROV,Dive_1_T5,43.8,passage,Acanthurus sp,3,Feb_21_44242_Herald_ROV_Dive_1_T5,0:03:20
Feb_21,15/2/2021,Herald,ROV,Dive_1_T6,43.8,passage,Scarus sp,1,Feb_21_44242_Herald_ROV_Dive_1_T6,0:03:20
Feb_21,15/2/2021,Herald,ROV,Dive_1_T6,41.7,passage,Centropyge vrolikii,2,Feb_21_44242_Herald_ROV_Dive_1_T6,0:03:20
Feb_21,15/2/2021,Herald,ROV,Dive_1_T6,41.7,passage,Chromis amboinensis,7,Feb_21_44242_Herald_ROV_Dive_1_T6,0:03:20
Feb_21,15/2/2021,Herald,ROV,Dive_1_T6,41.7,passage,Dascyllus trimaculatus,2,Feb_21_44242_Herald_ROV_Dive_1_T6,0:03:20
Feb_21,15/2/2021,Herald,ROV,Dive_1_T6,41.7,passage,Chromis margaritifer,3,Feb_21_44242_Herald_ROV_Dive_1_T6,0:03:20
Feb_21,15/2/2021,Herald,ROV,Dive_1_T6,41.7,passage,Centropyge flavissima,1,Feb_21_44242_Herald_ROV_Dive_1_T6,0:03:20
Feb_21,15/2/2021,Herald,ROV,Dive_1_T6,41.7,passage,Forcipiger flavissimus,1,Feb_21_44242_Herald_ROV_Dive_1_T6,0:03:20
Feb_21,15/2/2021,Herald,ROV,Dive_1_T6,41.7,passage,Dascyllus trimaculatus,3,Feb_21_44242_Herald_ROV_Dive_1_T6,0:03:20
Feb_21,15/2/2021,Herald,ROV,Dive_1_T6,41.7,passage,Chromis amboinensis,6,Feb_21_44242_Herald_ROV_Dive_1_T6,0:03:20
Feb_21,15/2/2021,Herald,ROV,Dive_1_T6,41.7,passage,Zebrasoma scopas,1,Feb_21_44242_Herald_ROV_Dive_1_T6,0:03:20
Feb_21,15/2/2021,Herald,ROV,Dive_1_T6,41.7,passage,Chromis amboinensis,6,Feb_21_44242_Herald_ROV_Dive_1_T6,0:03:20
Feb_21,15/2/2021,Herald,ROV,Dive_1_T6,41.7,passage,Chromis weberi,1,Feb_21_44242_Herald_ROV_Dive_1_T6,0:03:20
Feb_21,15/2/2021,Herald,ROV,Dive_1_T6,41.7,passage,Centropyge heraldi,3,Feb_21_44242_Herald_ROV_Dive_1_T6,0:03:20
Feb_21,15/2/2021,Herald,ROV,Dive_1_T6,41.7,passage,Centropyge flavissima,2,Feb_21_44242_Herald_ROV_Dive_1_T6,0:03:20
Feb_21,15/2/2021,Herald,ROV,Dive_1_T6,41.7,passage,Acanthurus pyroferus,1,Feb_21_44242_Herald_ROV_Dive_1_T6,0:03:20
Feb_21,15/2/2021,Herald,ROV,Dive_1_T6,41.7,passage,Genicanthus watanabei,1,Feb_21_44242_Herald_ROV_Dive_1_T6,0:03:20
Feb_21,15/2/2021,Herald,ROV,Dive_1_T6,41.7,passage,Parupeneus cyclostomus,1,Feb_21_44242_Herald_ROV_Dive_1_T6,0:03:20
Feb_21,15/2/2021,Herald,ROV,Dive_1_T6,41.7,passage,Sufflamen bursa,1,Feb_21_44242_Herald_ROV_Dive_1_T6,0:03:20
Feb_21,15/2/2021,Herald,ROV,Dive_1_T6,41.7,passage,Forcipiger flavissimus,1,Feb_21_44242_Herald_ROV_Dive_1_T6,0:03:20
Feb_21,15/2/2021,Herald,ROV,Dive_1_T6,41.7,passage,Genicanthus melanospilos,2,Feb_21_44242_Herald_ROV_Dive_1_T6,0:03:20
Feb_21,15/2/2021,Herald,ROV,Dive_1_T6,41.7,passage,Genicanthus melanospilos,3,Feb_21_44242_Herald_ROV_Dive_1_T6,0:03:20
Feb_21,15/2/2021,Herald,ROV,Dive_1_T6,41.7,passage,Cantherhines dumerilii,1,Feb_21_44242_Herald_ROV_Dive_1_T6,0:03:20
Feb_21,15/2/2021,Herald,ROV,Dive_1_T6,41.7,passage,Ctenochaetus striatus,1,Feb_21_44242_Herald_ROV_Dive_1_T6,0:03:20
Feb_21,15/2/2021,Herald,ROV,Dive_1_T6,41.7,passage,Ctenochaetus striatus,3,Feb_21_44242_Herald_ROV_Dive_1_T6,0:03:20
Feb_21,15/2/2021,Herald,ROV,Dive_1_T6,41.7,passage,Acanthurus pyroferus,1,Feb_21_44242_Herald_ROV_Dive_1_T6,0:03:20
Feb_21,15/2/2021,Herald,ROV,Dive_1_T6,41.7,passage,Acanthurus pyroferus,2,Feb_21_44242_Herald_ROV_Dive_1_T6,0:03:20
Feb_21,15/2/2021,Herald,ROV,Dive_1_T6,41.7,passage,Bodianus axillaris,1,Feb_21_44242_Herald_ROV_Dive_1_T6,0:03:20
Feb_21,15/2/2021,Herald,ROV,Dive_1_T6,41.7,passage,Acanthurus pyroferus,2,Feb_21_44242_Herald_ROV_Dive_1_T6,0:03:20
Feb_21,15/2/2021,Herald,ROV,Dive_1_T6,41.7,passage,Acanthurus pyroferus,2,Feb_21_44242_Herald_ROV_Dive_1_T6,0:03:20
Feb_21,15/2/2021,Herald,ROV,Dive_1_T6,41.7,passage,Lutjanus kasmira,44,Feb_21_44242_Herald_ROV_Dive_1_T6,0:03:20
Feb_21,15/2/2021,Herald,ROV,Dive_1_T6,41.7,passage,Parupeneus multifasciatus,1,Feb_21_44242_Herald_ROV_Dive_1_T6,0:03:20
Feb_21,15/2/2021,Herald,ROV,Dive_1_T6,41.7,passage,Chaetodon auriga,1,Feb_21_44242_Herald_ROV_Dive_1_T6,0:03:20
Feb_21,15/2/2021,Herald,ROV,Dive_1_T6,41.7,passage,Heniochus acuminatus,1,Feb_21_44242_Herald_ROV_Dive_1_T6,0:03:20
Feb_21,15/2/2021,Herald,ROV,Dive_1_T6,41.7,passage,Gnathodentex aureolineatus,27,Feb_21_44242_Herald_ROV_Dive_1_T6,0:03:20
Feb_21,15/2/2021,Herald,ROV,Dive_1_T6,41.7,passage,Naso lituratus,1,Feb_21_44242_Herald_ROV_Dive_1_T6,0:03:20
Feb_21,15/2/2021,Herald,ROV,Dive_1_T6,41.7,passage,Lutjanus kasmira,25,Feb_21_44242_Herald_ROV_Dive_1_T6,0:03:20
Feb_21,15/2/2021,Herald,ROV,Dive_1_T6,41.7,passage,Bodianus loxozonus,1,Feb_21_44242_Herald_ROV_Dive_1_T6,0:03:20
Feb_21,15/2/2021,Herald,ROV,Dive_1_T6,41.7,passage,Acanthurus auranticavus,1,Feb_21_44242_Herald_ROV_Dive_1_T6,0:03:20
Feb_21,15/2/2021,Herald,ROV,Dive_1_T6,41.7,passage,Naso unicornis,1,Feb_21_44242_Herald_ROV_Dive_1_T6,0:03:20
Feb_21,15/2/2021,Herald,ROV,Dive_1_T6,41.7,passage,Chaetodon mertensii,1,Feb_21_44242_Herald_ROV_Dive_1_T6,0:03:20
Feb_21,15/2/2021,Herald,ROV,Dive_1_T6,41.7,passage,Acanthurus sp,4,Feb_21_44242_Herald_ROV_Dive_1_T6,0:03:20
Feb_21,15/2/2021,Herald,ROV,Dive_1_T6,41.7,passage,Myripristis sp,4,Feb_21_44242_Herald_ROV_Dive_1_T6,0:03:20
Feb_21,15/2/2021,Herald,ROV,Dive_1_T6,41.7,passage,Sargocentron sp,1,Feb_21_44242_Herald_ROV_Dive_1_T6,0:03:20
Feb_21,15/2/2021,Herald,ROV,Dive_1_T7,41.7,passage,Myripristis sp,3,Feb_21_44242_Herald_ROV_Dive_1_T7,0:03:20
Feb_21,15/2/2021,Herald,ROV,Dive_1_T7,40.5,passage,Chromis iomelas,16,Feb_21_44242_Herald_ROV_Dive_1_T7,0:03:20
Feb_21,15/2/2021,Herald,ROV,Dive_1_T7,40.5,passage,Chromis amboinensis,6,Feb_21_44242_Herald_ROV_Dive_1_T7,0:03:20
Feb_21,15/2/2021,Herald,ROV,Dive_1_T7,40.5,passage,Chromis amboinensis,6,Feb_21_44242_Herald_ROV_Dive_1_T7,0:03:20
Feb_21,15/2/2021,Herald,ROV,Dive_1_T7,40.5,passage,Chromis iomelas,8,Feb_21_44242_Herald_ROV_Dive_1_T7,0:03:20
Feb_21,15/2/2021,Herald,ROV,Dive_1_T7,40.5,passage,Chromis amboinensis,5,Feb_21_44242_Herald_ROV_Dive_1_T7,0:03:20
Feb_21,15/2/2021,Herald,ROV,Dive_1_T7,40.5,passage,Chromis ternatensis,24,Feb_21_44242_Herald_ROV_Dive_1_T7,0:03:20
Feb_21,15/2/2021,Herald,ROV,Dive_1_T7,40.5,passage,Centropyge heraldi,1,Feb_21_44242_Herald_ROV_Dive_1_T7,0:03:20
Feb_21,15/2/2021,Herald,ROV,Dive_1_T7,40.5,passage,Dascyllus trimaculatus,2,Feb_21_44242_Herald_ROV_Dive_1_T7,0:03:20
Feb_21,15/2/2021,Herald,ROV,Dive_1_T7,40.5,passage,Dascyllus trimaculatus,2,Feb_21_44242_Herald_ROV_Dive_1_T7,0:03:20
Feb_21,15/2/2021,Herald,ROV,Dive_1_T7,40.5,passage,Dascyllus trimaculatus,1,Feb_21_44242_Herald_ROV_Dive_1_T7,0:03:20
Feb_21,15/2/2021,Herald,ROV,Dive_1_T7,40.5,passage,Chromis xanthochira,5,Feb_21_44242_Herald_ROV_Dive_1_T7,0:03:20
Feb_21,15/2/2021,Herald,ROV,Dive_1_T7,40.5,passage,Oxycheilinus unifasciatus,1,Feb_21_44242_Herald_ROV_Dive_1_T7,0:03:20
Feb_21,15/2/2021,Herald,ROV,Dive_1_T7,40.5,passage,Chromis amboinensis,5,Feb_21_44242_Herald_ROV_Dive_1_T7,0:03:20
Feb_21,15/2/2021,Herald,ROV,Dive_1_T7,40.5,passage,Dascyllus trimaculatus,6,Feb_21_44242_Herald_ROV_Dive_1_T7,0:03:20
Feb_21,15/2/2021,Herald,ROV,Dive_1_T7,40.5,passage,Chaetodon unimaculatus,1,Feb_21_44242_Herald_ROV_Dive_1_T7,0:03:20
Feb_21,15/2/2021,Herald,ROV,Dive_1_T7,40.5,passage,Bodianus loxozonus,1,Feb_21_44242_Herald_ROV_Dive_1_T7,0:03:20
Feb_21,15/2/2021,Herald,ROV,Dive_1_T7,40.5,passage,Genicanthus watanabei,4,Feb_21_44242_Herald_ROV_Dive_1_T7,0:03:20
Feb_21,15/2/2021,Herald,ROV,Dive_1_T7,40.5,passage,Chaetodon mertensii,1,Feb_21_44242_Herald_ROV_Dive_1_T7,0:03:20
Feb_21,15/2/2021,Herald,ROV,Dive_1_T7,40.5,passage,Chaetodon mertensii,1,Feb_21_44242_Herald_ROV_Dive_1_T7,0:03:20
Feb_21,15/2/2021,Herald,ROV,Dive_1_T7,40.5,passage,Chaetodon melannotus,1,Feb_21_44242_Herald_ROV_Dive_1_T7,0:03:20
Feb_21,15/2/2021,Herald,ROV,Dive_1_T7,40.5,passage,Pseudanthias pleurotaenia,6,Feb_21_44242_Herald_ROV_Dive_1_T7,0:03:20
Feb_21,15/2/2021,Herald,ROV,Dive_1_T7,40.5,passage,Dascyllus trimaculatus,3,Feb_21_44242_Herald_ROV_Dive_1_T7,0:03:20
Feb_21,15/2/2021,Herald,ROV,Dive_1_T7,40.5,passage,Chromis xanthochira,1,Feb_21_44242_Herald_ROV_Dive_1_T7,0:03:20
Feb_21,15/2/2021,Herald,ROV,Dive_1_T7,40.5,passage,Chromis xanthochira,11,Feb_21_44242_Herald_ROV_Dive_1_T7,0:03:20
Feb_21,15/2/2021,Herald,ROV,Dive_1_T7,40.5,passage,Chromis xanthochira,1,Feb_21_44242_Herald_ROV_Dive_1_T7,0:03:20
Feb_21,15/2/2021,Herald,ROV,Dive_1_T7,40.5,passage,Genicanthus melanospilos,4,Feb_21_44242_Herald_ROV_Dive_1_T7,0:03:20
Feb_21,15/2/2021,Herald,ROV,Dive_1_T7,40.5,passage,Centropyge heraldi,1,Feb_21_44242_Herald_ROV_Dive_1_T7,0:03:20
Feb_21,15/2/2021,Herald,ROV,Dive_1_T7,40.5,passage,Acanthurus pyroferus,3,Feb_21_44242_Herald_ROV_Dive_1_T7,0:03:20
Feb_21,15/2/2021,Herald,ROV,Dive_1_T7,40.5,passage,Hemitaurichthys polylepis,8,Feb_21_44242_Herald_ROV_Dive_1_T7,0:03:20
Feb_21,15/2/2021,Herald,ROV,Dive_1_T7,40.5,passage,Parupeneus multifasciatus,1,Feb_21_44242_Herald_ROV_Dive_1_T7,0:03:20
Feb_21,15/2/2021,Herald,ROV,Dive_1_T7,40.5,passage,Parupeneus multifasciatus,1,Feb_21_44242_Herald_ROV_Dive_1_T7,0:03:20
Feb_21,15/2/2021,Herald,ROV,Dive_1_T7,40.5,passage,Acanthurus pyroferus,2,Feb_21_44242_Herald_ROV_Dive_1_T7,0:03:20
Feb_21,15/2/2021,Herald,ROV,Dive_1_T7,40.5,passage,Pseudanthias pleurotaenia,5,Feb_21_44242_Herald_ROV_Dive_1_T7,0:03:20
Feb_21,15/2/2021,Herald,ROV,Dive_1_T7,40.5,passage,Acanthurus pyroferus,1,Feb_21_44242_Herald_ROV_Dive_1_T7,0:03:20
Feb_21,15/2/2021,Herald,ROV,Dive_1_T7,40.5,passage,Forcipiger flavissimus,2,Feb_21_44242_Herald_ROV_Dive_1_T7,0:03:20
Feb_21,15/2/2021,Herald,ROV,Dive_1_T7,40.5,passage,Oxycheilinus unifasciatus,1,Feb_21_44242_Herald_ROV_Dive_1_T7,0:03:20
Feb_21,15/2/2021,Herald,ROV,Dive_1_T7,40.5,passage,Ctenochaetus striatus,4,Feb_21_44242_Herald_ROV_Dive_1_T7,0:03:20
Feb_21,15/2/2021,Herald,ROV,Dive_1_T7,40.5,passage,Ctenochaetus striatus,3,Feb_21_44242_Herald_ROV_Dive_1_T7,0:03:20
Feb_21,15/2/2021,Herald,ROV,Dive_1_T7,40.5,passage,Forcipiger flavissimus,1,Feb_21_44242_Herald_ROV_Dive_1_T7,0:03:20
Feb_21,15/2/2021,Herald,ROV,Dive_1_T7,40.5,passage,Acanthurus thompsoni,4,Feb_21_44242_Herald_ROV_Dive_1_T7,0:03:20
Feb_21,15/2/2021,Herald,ROV,Dive_1_T7,40.5,passage,Lutjanus kasmira,1,Feb_21_44242_Herald_ROV_Dive_1_T7,0:03:20
Feb_21,15/2/2021,Herald,ROV,Dive_1_T7,40.5,passage,Forcipiger flavissimus,1,Feb_21_44242_Herald_ROV_Dive_1_T7,0:03:20
Feb_21,15/2/2021,Herald,ROV,Dive_1_T7,40.5,passage,Sufflamen bursa,1,Feb_21_44242_Herald_ROV_Dive_1_T7,0:03:20
Feb_21,15/2/2021,Herald,ROV,Dive_1_T7,40.5,passage,Parupeneus multifasciatus,5,Feb_21_44242_Herald_ROV_Dive_1_T7,0:03:20
Feb_21,15/2/2021,Herald,ROV,Dive_1_T7,40.5,passage,Acanthurus pyroferus,2,Feb_21_44242_Herald_ROV_Dive_1_T7,0:03:20
Feb_21,15/2/2021,Herald,ROV,Dive_1_T7,40.5,passage,Scarus longipinnis,1,Feb_21_44242_Herald_ROV_Dive_1_T7,0:03:20
Feb_21,15/2/2021,Herald,ROV,Dive_1_T7,40.5,passage,Scarus schlegeli,2,Feb_21_44242_Herald_ROV_Dive_1_T7,0:03:20
Feb_21,15/2/2021,Herald,ROV,Dive_1_T7,40.5,passage,Scarus longipinnis,1,Feb_21_44242_Herald_ROV_Dive_1_T7,0:03:20
Feb_21,15/2/2021,Herald,ROV,Dive_1_T7,40.5,passage,Acanthurus olivaceus,1,Feb_21_44242_Herald_ROV_Dive_1_T7,0:03:20
Feb_21,15/2/2021,Herald,ROV,Dive_1_T7,40.5,passage,Scarus frenatus,4,Feb_21_44242_Herald_ROV_Dive_1_T7,0:03:20
Feb_21,15/2/2021,Herald,ROV,Dive_1_T7,40.5,passage,Cantherhines dumerilii,1,Feb_21_44242_Herald_ROV_Dive_1_T7,0:03:20
Feb_21,15/2/2021,Herald,ROV,Dive_1_T7,40.5,passage,Heniochus acuminatus,2,Feb_21_44242_Herald_ROV_Dive_1_T7,0:03:20
Feb_21,15/2/2021,Herald,ROV,Dive_1_T7,40.5,passage,Lutjanus kasmira,23,Feb_21_44242_Herald_ROV_Dive_1_T7,0:03:20
Feb_21,15/2/2021,Herald,ROV,Dive_1_T7,40.5,passage,Pterocaesio tile,13,Feb_21_44242_Herald_ROV_Dive_1_T7,0:03:20
Feb_21,15/2/2021,Herald,ROV,Dive_1_T7,40.5,passage,Naso lituratus,1,Feb_21_44242_Herald_ROV_Dive_1_T7,0:03:20
Feb_21,15/2/2021,Herald,ROV,Dive_1_T7,40.5,passage,Lutjanus monostigma,2,Feb_21_44242_Herald_ROV_Dive_1_T7,0:03:20
Feb_21,15/2/2021,Herald,ROV,Dive_1_T7,40.5,passage,Caranx melampygus,1,Feb_21_44242_Herald_ROV_Dive_1_T7,0:03:20
Feb_21,15/2/2021,Herald,ROV,Dive_1_T7,40.5,passage,Gymnocranius euanus,1,Feb_21_44242_Herald_ROV_Dive_1_T7,0:03:20
Feb_21,15/2/2021,Herald,ROV,Dive_1_T7,40.5,passage,Naso brevirostris,1,Feb_21_44242_Herald_ROV_Dive_1_T7,0:03:20
Feb_21,15/2/2021,Herald,ROV,Dive_1_T7,40.5,passage,Naso vlamingii,1,Feb_21_44242_Herald_ROV_Dive_1_T7,0:03:20
Feb_21,15/2/2021,Herald,ROV,Dive_1_T7,40.5,passage,Lutjanus bohar,1,Feb_21_44242_Herald_ROV_Dive_1_T7,0:03:20
Feb_21,15/2/2021,Herald,ROV,Dive_1_T7,40.5,passage,Caranx melampygus,5,Feb_21_44242_Herald_ROV_Dive_1_T7,0:03:20
Feb_21,15/2/2021,Herald,ROV,Dive_1_T7,40.5,passage,Plectropomus leopardus,1,Feb_21_44242_Herald_ROV_Dive_1_T7,0:03:20
Feb_21,15/2/2021,Herald,ROV,Dive_1_T7,40.5,passage,Plectropomus laevis,1,Feb_21_44242_Herald_ROV_Dive_1_T7,0:03:20
Feb_21,15/2/2021,Herald,ROV,Dive_1_T7,40.5,passage,Parupeneus multifasciatus,1,Feb_21_44242_Herald_ROV_Dive_1_T7,0:03:20
Feb_21,15/2/2021,Herald,ROV,Dive_1_T7,40.5,passage,Chromis sp,13,Feb_21_44242_Herald_ROV_Dive_1_T7,0:03:20
Feb_21,15/2/2021,Herald,ROV,Dive_1_T7,40.5,passage,Pomacentrus sp,1,Feb_21_44242_Herald_ROV_Dive_1_T7,0:03:20
Feb_21,15/2/2021,Herald,ROV,Dive_1_T7,40.5,passage,Ctenochaetus sp,7,Feb_21_44242_Herald_ROV_Dive_1_T7,0:03:20
Feb_21,15/2/2021,Herald,ROV,Dive_1_T7,40.5,passage,Myripristis sp,1,Feb_21_44242_Herald_ROV_Dive_1_T7,0:03:20
Feb_21,15/2/2021,Herald,ROV,Dive_1_T7,40.5,passage,Acanthurus sp,1,Feb_21_44242_Herald_ROV_Dive_1_T7,0:03:20
Feb_21,15/2/2021,Herald,ROV,Dive_1_T7,40.5,passage,Halichoeres sp,4,Feb_21_44242_Herald_ROV_Dive_1_T7,0:03:20
Feb_21,15/2/2021,Herald,ROV,Dive_1_T7,40.5,passage,Myripristis sp,5,Feb_21_44242_Herald_ROV_Dive_1_T7,0:03:20
Feb_21,15/2/2021,Herald,ROV,Dive_1_T7,40.5,passage,Scarus sp,4,Feb_21_44242_Herald_ROV_Dive_1_T7,0:03:20
Feb_21,15/2/2021,Herald,ROV,Dive_1_T8,40.5,passage,Ctenochaetus sp,4,Feb_21_44242_Herald_ROV_Dive_1_T8,0:03:20
Feb_21,15/2/2021,Herald,ROV,Dive_1_T8,40.4,passage,Labroides dimidiatus,1,Feb_21_44242_Herald_ROV_Dive_1_T8,0:03:20
Feb_21,15/2/2021,Herald,ROV,Dive_1_T8,40.4,passage,Chromis amboinensis,8,Feb_21_44242_Herald_ROV_Dive_1_T8,0:03:20
Feb_21,15/2/2021,Herald,ROV,Dive_1_T8,40.4,passage,Labroides dimidiatus,1,Feb_21_44242_Herald_ROV_Dive_1_T8,0:03:20
Feb_21,15/2/2021,Herald,ROV,Dive_1_T8,40.4,passage,Acanthurus pyroferus,1,Feb_21_44242_Herald_ROV_Dive_1_T8,0:03:20
Feb_21,15/2/2021,Herald,ROV,Dive_1_T8,40.4,passage,Dascyllus trimaculatus,3,Feb_21_44242_Herald_ROV_Dive_1_T8,0:03:20
Feb_21,15/2/2021,Herald,ROV,Dive_1_T8,40.4,passage,Dascyllus trimaculatus,1,Feb_21_44242_Herald_ROV_Dive_1_T8,0:03:20
Feb_21,15/2/2021,Herald,ROV,Dive_1_T8,40.4,passage,Forcipiger flavissimus,1,Feb_21_44242_Herald_ROV_Dive_1_T8,0:03:20
Feb_21,15/2/2021,Herald,ROV,Dive_1_T8,40.4,passage,Genicanthus melanospilos,1,Feb_21_44242_Herald_ROV_Dive_1_T8,0:03:20
Feb_21,15/2/2021,Herald,ROV,Dive_1_T8,40.4,passage,Chromis xanthochira,4,Feb_21_44242_Herald_ROV_Dive_1_T8,0:03:20
Feb_21,15/2/2021,Herald,ROV,Dive_1_T8,40.4,passage,Dascyllus trimaculatus,1,Feb_21_44242_Herald_ROV_Dive_1_T8,0:03:20
Feb_21,15/2/2021,Herald,ROV,Dive_1_T8,40.4,passage,Pseudanthias squamipinnis,1,Feb_21_44242_Herald_ROV_Dive_1_T8,0:03:20
Feb_21,15/2/2021,Herald,ROV,Dive_1_T8,40.4,passage,Forcipiger flavissimus,1,Feb_21_44242_Herald_ROV_Dive_1_T8,0:03:20
Feb_21,15/2/2021,Herald,ROV,Dive_1_T8,40.4,passage,Chaetodon mertensii,1,Feb_21_44242_Herald_ROV_Dive_1_T8,0:03:20
Feb_21,15/2/2021,Herald,ROV,Dive_1_T8,40.4,passage,Centropyge flavissima,2,Feb_21_44242_Herald_ROV_Dive_1_T8,0:03:20
Feb_21,15/2/2021,Herald,ROV,Dive_1_T8,40.4,passage,Chromis xanthochira,3,Feb_21_44242_Herald_ROV_Dive_1_T8,0:03:20
Feb_21,15/2/2021,Herald,ROV,Dive_1_T8,40.4,passage,Genicanthus melanospilos,3,Feb_21_44242_Herald_ROV_Dive_1_T8,0:03:20
Feb_21,15/2/2021,Herald,ROV,Dive_1_T8,40.4,passage,Hemitaurichthys polylepis,5,Feb_21_44242_Herald_ROV_Dive_1_T8,0:03:20
Feb_21,15/2/2021,Herald,ROV,Dive_1_T8,40.4,passage,Chromis xanthochira,1,Feb_21_44242_Herald_ROV_Dive_1_T8,0:03:20
Feb_21,15/2/2021,Herald,ROV,Dive_1_T8,40.4,passage,Acanthurus thompsoni,7,Feb_21_44242_Herald_ROV_Dive_1_T8,0:03:20
Feb_21,15/2/2021,Herald,ROV,Dive_1_T8,40.4,passage,Pygoplites diacanthus,1,Feb_21_44242_Herald_ROV_Dive_1_T8,0:03:20
Feb_21,15/2/2021,Herald,ROV,Dive_1_T8,40.4,passage,Parupeneus crassilabris,1,Feb_21_44242_Herald_ROV_Dive_1_T8,0:03:20
Feb_21,15/2/2021,Herald,ROV,Dive_1_T8,40.4,passage,Acanthurus pyroferus,1,Feb_21_44242_Herald_ROV_Dive_1_T8,0:03:20
Feb_21,15/2/2021,Herald,ROV,Dive_1_T8,40.4,passage,Hemitaurichthys polylepis,5,Feb_21_44242_Herald_ROV_Dive_1_T8,0:03:20
Feb_21,15/2/2021,Herald,ROV,Dive_1_T8,40.4,passage,Forcipiger flavissimus,1,Feb_21_44242_Herald_ROV_Dive_1_T8,0:03:20
Feb_21,15/2/2021,Herald,ROV,Dive_1_T8,40.4,passage,Pterocaesio tile,22,Feb_21_44242_Herald_ROV_Dive_1_T8,0:03:20
Feb_21,15/2/2021,Herald,ROV,Dive_1_T8,40.4,passage,Ctenochaetus striatus,3,Feb_21_44242_Herald_ROV_Dive_1_T8,0:03:20
Feb_21,15/2/2021,Herald,ROV,Dive_1_T8,40.4,passage,Zebrasoma scopas,3,Feb_21_44242_Herald_ROV_Dive_1_T8,0:03:20
Feb_21,15/2/2021,Herald,ROV,Dive_1_T8,40.4,passage,Acanthurus pyroferus,1,Feb_21_44242_Herald_ROV_Dive_1_T8,0:03:20
Feb_21,15/2/2021,Herald,ROV,Dive_1_T8,40.4,passage,Chaetodon flavirostris,1,Feb_21_44242_Herald_ROV_Dive_1_T8,0:03:20
Feb_21,15/2/2021,Herald,ROV,Dive_1_T8,40.4,passage,Acanthurus pyroferus,1,Feb_21_44242_Herald_ROV_Dive_1_T8,0:03:20
Feb_21,15/2/2021,Herald,ROV,Dive_1_T8,40.4,passage,Acanthurus thompsoni,1,Feb_21_44242_Herald_ROV_Dive_1_T8,0:03:20
Feb_21,15/2/2021,Herald,ROV,Dive_1_T8,40.4,passage,Acanthurus pyroferus,3,Feb_21_44242_Herald_ROV_Dive_1_T8,0:03:20
Feb_21,15/2/2021,Herald,ROV,Dive_1_T8,40.4,passage,Parupeneus multifasciatus,4,Feb_21_44242_Herald_ROV_Dive_1_T8,0:03:20
Feb_21,15/2/2021,Herald,ROV,Dive_1_T8,40.4,passage,Bodianus loxozonus,1,Feb_21_44242_Herald_ROV_Dive_1_T8,0:03:20
Feb_21,15/2/2021,Herald,ROV,Dive_1_T8,40.4,passage,Zanclus cornutus,1,Feb_21_44242_Herald_ROV_Dive_1_T8,0:03:20
Feb_21,15/2/2021,Herald,ROV,Dive_1_T8,40.4,passage,Bodianus loxozonus,1,Feb_21_44242_Herald_ROV_Dive_1_T8,0:03:20
Feb_21,15/2/2021,Herald,ROV,Dive_1_T8,40.4,passage,Monotaxis grandoculis,1,Feb_21_44242_Herald_ROV_Dive_1_T8,0:03:20
Feb_21,15/2/2021,Herald,ROV,Dive_1_T8,40.4,passage,Bodianus loxozonus,1,Feb_21_44242_Herald_ROV_Dive_1_T8,0:03:20
Feb_21,15/2/2021,Herald,ROV,Dive_1_T8,40.4,passage,Chlorurus sordidus,4,Feb_21_44242_Herald_ROV_Dive_1_T8,0:03:20
Feb_21,15/2/2021,Herald,ROV,Dive_1_T8,40.4,passage,Acanthurus blochii,5,Feb_21_44242_Herald_ROV_Dive_1_T8,0:03:20
Feb_21,15/2/2021,Herald,ROV,Dive_1_T8,40.4,passage,Acanthurus pyroferus,1,Feb_21_44242_Herald_ROV_Dive_1_T8,0:03:20
Feb_21,15/2/2021,Herald,ROV,Dive_1_T8,40.4,passage,Monotaxis grandoculis,1,Feb_21_44242_Herald_ROV_Dive_1_T8,0:03:20
Feb_21,15/2/2021,Herald,ROV,Dive_1_T8,40.4,passage,Scarus niger,1,Feb_21_44242_Herald_ROV_Dive_1_T8,0:03:20
Feb_21,15/2/2021,Herald,ROV,Dive_1_T8,40.4,passage,Acanthurus dussumieri,2,Feb_21_44242_Herald_ROV_Dive_1_T8,0:03:20
Feb_21,15/2/2021,Herald,ROV,Dive_1_T8,40.4,passage,Sargocentron spiniferum,1,Feb_21_44242_Herald_ROV_Dive_1_T8,0:03:20
Feb_21,15/2/2021,Herald,ROV,Dive_1_T8,40.4,passage,Plectropomus leopardus,1,Feb_21_44242_Herald_ROV_Dive_1_T8,0:03:20
Feb_21,15/2/2021,Herald,ROV,Dive_1_T8,40.4,passage,Chromis iomelas,16,Feb_21_44242_Herald_ROV_Dive_1_T8,0:03:20
Feb_21,15/2/2021,Herald,ROV,Dive_1_T8,40.4,passage,Parupeneus multifasciatus,1,Feb_21_44242_Herald_ROV_Dive_1_T8,0:03:20
Feb_21,15/2/2021,Herald,ROV,Dive_1_T8,40.4,passage,Chromis iomelas,8,Feb_21_44242_Herald_ROV_Dive_1_T8,0:03:20
Feb_21,15/2/2021,Herald,ROV,Dive_1_T8,40.4,passage,Ctenochaetus sp,2,Feb_21_44242_Herald_ROV_Dive_1_T8,0:03:20
Feb_21,15/2/2021,Herald,ROV,Dive_1_T8,40.4,passage,Ctenochaetus sp,6,Feb_21_44242_Herald_ROV_Dive_1_T8,0:03:20
Feb_21,15/2/2021,Herald,ROV,Dive_1_T8,40.4,passage,Myripristis sp,6,Feb_21_44242_Herald_ROV_Dive_1_T8,0:03:20
Feb_21,15/2/2021,Herald,ROV,Dive_1_T8,40.4,passage,Chromis sp,1,Feb_21_44242_Herald_ROV_Dive_1_T8,0:03:20
Feb_21,15/2/2021,Herald,ROV,Dive_1_T8,40.4,passage,Ctenochaetus sp,6,Feb_21_44242_Herald_ROV_Dive_1_T8,0:03:20
Feb_21,15/2/2021,Herald,ROV,Dive_1_T8,40.4,passage,Myripristis sp,3,Feb_21_44242_Herald_ROV_Dive_1_T8,0:03:20
Feb_21,15/2/2021,Herald,ROV,Dive_1_T8,40.4,passage,Scarus sp,1,Feb_21_44242_Herald_ROV_Dive_1_T8,0:03:20
Feb_21,15/2/2021,Herald,ROV,Dive_1_T8,40.4,passage,Anampses sp,3,Feb_21_44242_Herald_ROV_Dive_1_T8,0:03:20
Feb_21,15/2/2021,Herald,ROV,Dive_1_T8,40.4,passage,Thalassoma sp,1,Feb_21_44242_Herald_ROV_Dive_1_T8,0:03:20
Feb_21,15/2/2021,Herald,ROV,Dive_1_T8,40.4,passage,Myripristis sp,4,Feb_21_44242_Herald_ROV_Dive_1_T8,0:03:20
Feb_21,15/2/2021,Herald,ROV,Dive_1_T9,40.4,passage,Scarus sp,1,Feb_21_44242_Herald_ROV_Dive_1_T9,0:03:20
Feb_21,15/2/2021,Herald,ROV,Dive_1_T9,37.1,passage,Chromis xanthochira,3,Feb_21_44242_Herald_ROV_Dive_1_T9,0:03:20
Feb_21,15/2/2021,Herald,ROV,Dive_1_T9,37.1,passage,Genicanthus watanabei,1,Feb_21_44242_Herald_ROV_Dive_1_T9,0:03:20
Feb_21,15/2/2021,Herald,ROV,Dive_1_T9,37.1,passage,Centropyge heraldi,1,Feb_21_44242_Herald_ROV_Dive_1_T9,0:03:20
Feb_21,15/2/2021,Herald,ROV,Dive_1_T9,37.1,passage,Hemitaurichthys polylepis,6,Feb_21_44242_Herald_ROV_Dive_1_T9,0:03:20
Feb_21,15/2/2021,Herald,ROV,Dive_1_T9,37.1,passage,Gnathodentex aureolineatus,8,Feb_21_44242_Herald_ROV_Dive_1_T9,0:03:20
Feb_21,15/2/2021,Herald,ROV,Dive_1_T9,37.1,passage,Oxycheilinus unifasciatus,1,Feb_21_44242_Herald_ROV_Dive_1_T9,0:03:20
Feb_21,15/2/2021,Herald,ROV,Dive_1_T9,37.1,passage,Acanthurus thompsoni,12,Feb_21_44242_Herald_ROV_Dive_1_T9,0:03:20
Feb_21,15/2/2021,Herald,ROV,Dive_1_T9,37.1,passage,Acanthurus olivaceus,1,Feb_21_44242_Herald_ROV_Dive_1_T9,0:03:20
Feb_21,15/2/2021,Herald,ROV,Dive_1_T9,37.1,passage,Sargocentron spiniferum,1,Feb_21_44242_Herald_ROV_Dive_1_T9,0:03:20
Feb_21,15/2/2021,Herald,ROV,Dive_1_T9,37.1,passage,Acanthurus thompsoni,4,Feb_21_44242_Herald_ROV_Dive_1_T9,0:03:20
Feb_21,15/2/2021,Herald,ROV,Dive_1_T9,37.1,passage,Parupeneus crassilabris,1,Feb_21_44242_Herald_ROV_Dive_1_T9,0:03:20
Feb_21,15/2/2021,Herald,ROV,Dive_1_T9,37.1,passage,Acanthurus pyroferus,1,Feb_21_44242_Herald_ROV_Dive_1_T9,0:03:20
Feb_21,15/2/2021,Herald,ROV,Dive_1_T9,37.1,passage,Parupeneus multifasciatus,1,Feb_21_44242_Herald_ROV_Dive_1_T9,0:03:20
Feb_21,15/2/2021,Herald,ROV,Dive_1_T9,37.1,passage,Ctenochaetus striatus,3,Feb_21_44242_Herald_ROV_Dive_1_T9,0:03:20
Feb_21,15/2/2021,Herald,ROV,Dive_1_T9,37.1,passage,Ctenochaetus striatus,2,Feb_21_44242_Herald_ROV_Dive_1_T9,0:03:20
Feb_21,15/2/2021,Herald,ROV,Dive_1_T9,37.1,passage,Sufflamen bursa,1,Feb_21_44242_Herald_ROV_Dive_1_T9,0:03:20
Feb_21,15/2/2021,Herald,ROV,Dive_1_T9,37.1,passage,Acanthurus olivaceus,2,Feb_21_44242_Herald_ROV_Dive_1_T9,0:03:20
Feb_21,15/2/2021,Herald,ROV,Dive_1_T9,37.1,passage,Acanthurus thompsoni,1,Feb_21_44242_Herald_ROV_Dive_1_T9,0:03:20
Feb_21,15/2/2021,Herald,ROV,Dive_1_T9,37.1,passage,Oxycheilinus unifasciatus,1,Feb_21_44242_Herald_ROV_Dive_1_T9,0:03:20
Feb_21,15/2/2021,Herald,ROV,Dive_1_T9,37.1,passage,Pterocaesio tile,12,Feb_21_44242_Herald_ROV_Dive_1_T9,0:03:20
Feb_21,15/2/2021,Herald,ROV,Dive_1_T9,37.1,passage,Naso lituratus,1,Feb_21_44242_Herald_ROV_Dive_1_T9,0:03:20
Feb_21,15/2/2021,Herald,ROV,Dive_1_T9,37.1,passage,Monotaxis grandoculis,1,Feb_21_44242_Herald_ROV_Dive_1_T9,0:03:20
Feb_21,15/2/2021,Herald,ROV,Dive_1_T9,37.1,passage,Parupeneus multifasciatus,4,Feb_21_44242_Herald_ROV_Dive_1_T9,0:03:20
Feb_21,15/2/2021,Herald,ROV,Dive_1_T9,37.1,passage,Scarus longipinnis,1,Feb_21_44242_Herald_ROV_Dive_1_T9,0:03:20
Feb_21,15/2/2021,Herald,ROV,Dive_1_T9,37.1,passage,Zebrasoma velifer,2,Feb_21_44242_Herald_ROV_Dive_1_T9,0:03:20
Feb_21,15/2/2021,Herald,ROV,Dive_1_T9,37.1,passage,Naso caesius,2,Feb_21_44242_Herald_ROV_Dive_1_T9,0:03:20
Feb_21,15/2/2021,Herald,ROV,Dive_1_T9,37.1,passage,Scarus oviceps,1,Feb_21_44242_Herald_ROV_Dive_1_T9,0:03:20
Feb_21,15/2/2021,Herald,ROV,Dive_1_T9,37.1,passage,Acanthurus dussumieri,9,Feb_21_44242_Herald_ROV_Dive_1_T9,0:03:20
Feb_21,15/2/2021,Herald,ROV,Dive_1_T9,37.1,passage,Scarus longipinnis,1,Feb_21_44242_Herald_ROV_Dive_1_T9,0:03:20
Feb_21,15/2/2021,Herald,ROV,Dive_1_T9,37.1,passage,Balistoides conspicillum,1,Feb_21_44242_Herald_ROV_Dive_1_T9,0:03:20
Feb_21,15/2/2021,Herald,ROV,Dive_1_T9,37.1,passage,Naso lituratus,2,Feb_21_44242_Herald_ROV_Dive_1_T9,0:03:20
Feb_21,15/2/2021,Herald,ROV,Dive_1_T9,37.1,passage,Lutjanus bohar,2,Feb_21_44242_Herald_ROV_Dive_1_T9,0:03:20
Feb_21,15/2/2021,Herald,ROV,Dive_1_T9,37.1,passage,Lutjanus bohar,1,Feb_21_44242_Herald_ROV_Dive_1_T9,0:03:20
Feb_21,15/2/2021,Herald,ROV,Dive_1_T9,37.1,passage,Plectropomus leopardus,1,Feb_21_44242_Herald_ROV_Dive_1_T9,0:03:20
Feb_21,15/2/2021,Herald,ROV,Dive_1_T9,37.1,passage,Caranx ignobilis,1,Feb_21_44242_Herald_ROV_Dive_1_T9,0:03:20
Feb_21,15/2/2021,Herald,ROV,Dive_1_T9,37.1,passage,Acanthurus pyroferus,1,Feb_21_44242_Herald_ROV_Dive_1_T9,0:03:20
Feb_21,15/2/2021,Herald,ROV,Dive_1_T9,37.1,passage,Chromis iomelas,11,Feb_21_44242_Herald_ROV_Dive_1_T9,0:03:20
Feb_21,15/2/2021,Herald,ROV,Dive_1_T9,37.1,passage,Ctenochaetus sp,3,Feb_21_44242_Herald_ROV_Dive_1_T9,0:03:20
Feb_21,15/2/2021,Herald,ROV,Dive_1_T9,37.1,passage,Halichoeres sp,1,Feb_21_44242_Herald_ROV_Dive_1_T9,0:03:20
Feb_21,15/2/2021,Herald,ROV,Dive_1_T1,37.1,passage,Scarus sp,4,Feb_21_44242_Herald_ROV_Dive_1_T1,0:03:20
Feb_21,16/2/2021,Flinders,ROV,Dive_1_T1,35.6,outer_reef,Zebrasoma scopas,1,Feb_21_44243_Flinders_ROV_Dive_1_T1,0:03:20
Feb_21,16/2/2021,Flinders,ROV,Dive_1_T1,35.6,outer_reef,Hemitaurichthys polylepis,1,Feb_21_44243_Flinders_ROV_Dive_1_T1,0:03:20
Feb_21,16/2/2021,Flinders,ROV,Dive_1_T1,35.6,outer_reef,Centropyge heraldi,1,Feb_21_44243_Flinders_ROV_Dive_1_T1,0:03:20
Feb_21,16/2/2021,Flinders,ROV,Dive_1_T1,35.6,outer_reef,Amblyglyphidodon leucogaster,1,Feb_21_44243_Flinders_ROV_Dive_1_T1,0:03:20
Feb_21,16/2/2021,Flinders,ROV,Dive_1_T1,35.6,outer_reef,Hemitaurichthys polylepis,1,Feb_21_44243_Flinders_ROV_Dive_1_T1,0:03:20
Feb_21,16/2/2021,Flinders,ROV,Dive_1_T1,35.6,outer_reef,Centropyge heraldi,1,Feb_21_44243_Flinders_ROV_Dive_1_T1,0:03:20
Feb_21,16/2/2021,Flinders,ROV,Dive_1_T1,35.6,outer_reef,Amblyglyphidodon aureus,1,Feb_21_44243_Flinders_ROV_Dive_1_T1,0:03:20
Feb_21,16/2/2021,Flinders,ROV,Dive_1_T1,35.6,outer_reef,Chromis alpha,1,Feb_21_44243_Flinders_ROV_Dive_1_T1,0:03:20
Feb_21,16/2/2021,Flinders,ROV,Dive_1_T1,35.6,outer_reef,Amblyglyphidodon leucogaster,1,Feb_21_44243_Flinders_ROV_Dive_1_T1,0:03:20
Feb_21,16/2/2021,Flinders,ROV,Dive_1_T1,35.6,outer_reef,Chromis xanthochira,1,Feb_21_44243_Flinders_ROV_Dive_1_T1,0:03:20
Feb_21,16/2/2021,Flinders,ROV,Dive_1_T1,35.6,outer_reef,Ctenochaetus binotatus,1,Feb_21_44243_Flinders_ROV_Dive_1_T1,0:03:20
Feb_21,16/2/2021,Flinders,ROV,Dive_1_T1,35.6,outer_reef,Forcipiger flavissimus,1,Feb_21_44243_Flinders_ROV_Dive_1_T1,0:03:20
Feb_21,16/2/2021,Flinders,ROV,Dive_1_T1,35.6,outer_reef,Amblyglyphidodon leucogaster,1,Feb_21_44243_Flinders_ROV_Dive_1_T1,0:03:20
Feb_21,16/2/2021,Flinders,ROV,Dive_1_T1,35.6,outer_reef,Amblyglyphidodon aureus,1,Feb_21_44243_Flinders_ROV_Dive_1_T1,0:03:20
Feb_21,16/2/2021,Flinders,ROV,Dive_1_T1,35.6,outer_reef,Acanthurus thompsoni,12,Feb_21_44243_Flinders_ROV_Dive_1_T1,0:03:20
Feb_21,16/2/2021,Flinders,ROV,Dive_1_T1,35.6,outer_reef,Hemitaurichthys polylepis,1,Feb_21_44243_Flinders_ROV_Dive_1_T1,0:03:20
Feb_21,16/2/2021,Flinders,ROV,Dive_1_T1,35.6,outer_reef,Ctenochaetus striatus,1,Feb_21_44243_Flinders_ROV_Dive_1_T1,0:03:20
Feb_21,16/2/2021,Flinders,ROV,Dive_1_T1,35.6,outer_reef,Forcipiger flavissimus,1,Feb_21_44243_Flinders_ROV_Dive_1_T1,0:03:20
Feb_21,16/2/2021,Flinders,ROV,Dive_1_T1,35.6,outer_reef,Oxycheilinus celebicus,1,Feb_21_44243_Flinders_ROV_Dive_1_T1,0:03:20
Feb_21,16/2/2021,Flinders,ROV,Dive_1_T1,35.6,outer_reef,Acanthurus pyroferus,1,Feb_21_44243_Flinders_ROV_Dive_1_T1,0:03:20
Feb_21,16/2/2021,Flinders,ROV,Dive_1_T1,35.6,outer_reef,Thalassoma lutescens,1,Feb_21_44243_Flinders_ROV_Dive_1_T1,0:03:20
Feb_21,16/2/2021,Flinders,ROV,Dive_1_T1,35.6,outer_reef,Acanthurus pyroferus,1,Feb_21_44243_Flinders_ROV_Dive_1_T1,0:03:20
Feb_21,16/2/2021,Flinders,ROV,Dive_1_T1,35.6,outer_reef,Monotaxis grandoculis,1,Feb_21_44243_Flinders_ROV_Dive_1_T1,0:03:20
Feb_21,16/2/2021,Flinders,ROV,Dive_1_T1,35.6,outer_reef,Cantherhines dumerilii,1,Feb_21_44243_Flinders_ROV_Dive_1_T1,0:03:20
Feb_21,16/2/2021,Flinders,ROV,Dive_1_T1,35.6,outer_reef,Naso vlamingii,2,Feb_21_44243_Flinders_ROV_Dive_1_T1,0:03:20
Feb_21,16/2/2021,Flinders,ROV,Dive_1_T1,35.6,outer_reef,Caranx ignobilis,1,Feb_21_44243_Flinders_ROV_Dive_1_T1,0:03:20
Feb_21,16/2/2021,Flinders,ROV,Dive_1_T1,35.6,outer_reef,Carcharhinus amblyrhynchos,1,Feb_21_44243_Flinders_ROV_Dive_1_T1,0:03:20
Feb_21,16/2/2021,Flinders,ROV,Dive_1_T1,35.6,outer_reef,Zebrasoma scopas,1,Feb_21_44243_Flinders_ROV_Dive_1_T1,0:03:20
Feb_21,16/2/2021,Flinders,ROV,Dive_1_T1,35.6,outer_reef,Hemitaurichthys polylepis,1,Feb_21_44243_Flinders_ROV_Dive_1_T1,0:03:20
Feb_21,16/2/2021,Flinders,ROV,Dive_1_T1,35.6,outer_reef,Naso lituratus,1,Feb_21_44243_Flinders_ROV_Dive_1_T1,0:03:20
Feb_21,16/2/2021,Flinders,ROV,Dive_1_T1,35.6,outer_reef,Lutjanus bohar,1,Feb_21_44243_Flinders_ROV_Dive_1_T1,0:03:20
Feb_21,16/2/2021,Flinders,ROV,Dive_1_T1,35.6,outer_reef,Ctenochaetus sp,2,Feb_21_44243_Flinders_ROV_Dive_1_T1,0:03:20
Feb_21,16/2/2021,Flinders,ROV,Dive_1_T1,35.6,outer_reef,Halichoeres sp,1,Feb_21_44243_Flinders_ROV_Dive_1_T1,0:03:20
Feb_21,16/2/2021,Flinders,ROV,Dive_1_T2,35.6,outer_reef,Scarus sp,1,Feb_21_44243_Flinders_ROV_Dive_1_T2,0:03:20
Feb_21,16/2/2021,Flinders,ROV,Dive_1_T2,37.1,outer_reef,Chromis amboinensis,6,Feb_21_44243_Flinders_ROV_Dive_1_T2,0:03:20
Feb_21,16/2/2021,Flinders,ROV,Dive_1_T2,37.1,outer_reef,Chromis amboinensis,2,Feb_21_44243_Flinders_ROV_Dive_1_T2,0:03:20
Feb_21,16/2/2021,Flinders,ROV,Dive_1_T2,37.1,outer_reef,Chromis amboinensis,2,Feb_21_44243_Flinders_ROV_Dive_1_T2,0:03:20
Feb_21,16/2/2021,Flinders,ROV,Dive_1_T2,37.1,outer_reef,Chromis amboinensis,2,Feb_21_44243_Flinders_ROV_Dive_1_T2,0:03:20
Feb_21,16/2/2021,Flinders,ROV,Dive_1_T2,37.1,outer_reef,Labrichthys unilineatus,1,Feb_21_44243_Flinders_ROV_Dive_1_T2,0:03:20
Feb_21,16/2/2021,Flinders,ROV,Dive_1_T2,37.1,outer_reef,Amblyglyphidodon aureus,1,Feb_21_44243_Flinders_ROV_Dive_1_T2,0:03:20
Feb_21,16/2/2021,Flinders,ROV,Dive_1_T2,37.1,outer_reef,Amblyglyphidodon aureus,1,Feb_21_44243_Flinders_ROV_Dive_1_T2,0:03:20
Feb_21,16/2/2021,Flinders,ROV,Dive_1_T2,37.1,outer_reef,Amblyglyphidodon aureus,1,Feb_21_44243_Flinders_ROV_Dive_1_T2,0:03:20
Feb_21,16/2/2021,Flinders,ROV,Dive_1_T2,37.1,outer_reef,Pseudanthias squamipinnis,1,Feb_21_44243_Flinders_ROV_Dive_1_T2,0:03:20
Feb_21,16/2/2021,Flinders,ROV,Dive_1_T2,37.1,outer_reef,Amblyglyphidodon aureus,1,Feb_21_44243_Flinders_ROV_Dive_1_T2,0:03:20
Feb_21,16/2/2021,Flinders,ROV,Dive_1_T2,37.1,outer_reef,Acanthurus thompsoni,2,Feb_21_44243_Flinders_ROV_Dive_1_T2,0:03:20
Feb_21,16/2/2021,Flinders,ROV,Dive_1_T2,37.1,outer_reef,Forcipiger flavissimus,1,Feb_21_44243_Flinders_ROV_Dive_1_T2,0:03:20
Feb_21,16/2/2021,Flinders,ROV,Dive_1_T2,37.1,outer_reef,Forcipiger flavissimus,1,Feb_21_44243_Flinders_ROV_Dive_1_T2,0:03:20
Feb_21,16/2/2021,Flinders,ROV,Dive_1_T2,37.1,outer_reef,Acanthurus thompsoni,5,Feb_21_44243_Flinders_ROV_Dive_1_T2,0:03:20
Feb_21,16/2/2021,Flinders,ROV,Dive_1_T2,37.1,outer_reef,Acanthurus thompsoni,4,Feb_21_44243_Flinders_ROV_Dive_1_T2,0:03:20
Feb_21,16/2/2021,Flinders,ROV,Dive_1_T2,37.1,outer_reef,Acanthurus thompsoni,4,Feb_21_44243_Flinders_ROV_Dive_1_T2,0:03:20
Feb_21,16/2/2021,Flinders,ROV,Dive_1_T2,37.1,outer_reef,Ctenochaetus striatus,1,Feb_21_44243_Flinders_ROV_Dive_1_T2,0:03:20
Feb_21,16/2/2021,Flinders,ROV,Dive_1_T2,37.1,outer_reef,Anampses meleagrides,1,Feb_21_44243_Flinders_ROV_Dive_1_T2,0:03:20
Feb_21,16/2/2021,Flinders,ROV,Dive_1_T2,37.1,outer_reef,Gomphosus varius,1,Feb_21_44243_Flinders_ROV_Dive_1_T2,0:03:20
Feb_21,16/2/2021,Flinders,ROV,Dive_1_T2,37.1,outer_reef,Scarus dimidiatus,1,Feb_21_44243_Flinders_ROV_Dive_1_T2,0:03:20
Feb_21,16/2/2021,Flinders,ROV,Dive_1_T2,37.1,outer_reef,Chlorurus spilurus,3,Feb_21_44243_Flinders_ROV_Dive_1_T2,0:03:20
Feb_21,16/2/2021,Flinders,ROV,Dive_1_T2,37.1,outer_reef,Scarus chameleon,1,Feb_21_44243_Flinders_ROV_Dive_1_T2,0:03:20
Feb_21,16/2/2021,Flinders,ROV,Dive_1_T2,37.1,outer_reef,Cheilinus undulatus,1,Feb_21_44243_Flinders_ROV_Dive_1_T2,0:03:20
Feb_21,16/2/2021,Flinders,ROV,Dive_1_T2,37.1,outer_reef,Carcharhinus albimarginatus,1,Feb_21_44243_Flinders_ROV_Dive_1_T2,0:03:20
Feb_21,16/2/2021,Flinders,ROV,Dive_1_T2,37.1,outer_reef,Parupeneus crassilabris,2,Feb_21_44243_Flinders_ROV_Dive_1_T2,0:03:20
Feb_21,16/2/2021,Flinders,ROV,Dive_1_T2,37.1,outer_reef,Centropyge sp,1,Feb_21_44243_Flinders_ROV_Dive_1_T2,0:03:20
Feb_21,16/2/2021,Flinders,ROV,Dive_1_T2,37.1,outer_reef,Ctenochaetus sp,2,Feb_21_44243_Flinders_ROV_Dive_1_T2,0:03:20
Feb_21,16/2/2021,Flinders,ROV,Dive_1_T3,37.1,outer_reef,Ctenochaetus sp,1,Feb_21_44243_Flinders_ROV_Dive_1_T3,0:03:20
Feb_21,16/2/2021,Flinders,ROV,Dive_1_T3,42.1,outer_reef,Chromis amboinensis,5,Feb_21_44243_Flinders_ROV_Dive_1_T3,0:03:20
Feb_21,16/2/2021,Flinders,ROV,Dive_1_T3,42.1,outer_reef,Chromis atripes,4,Feb_21_44243_Flinders_ROV_Dive_1_T3,0:03:20
Feb_21,16/2/2021,Flinders,ROV,Dive_1_T3,42.1,outer_reef,Amblyglyphidodon leucogaster,1,Feb_21_44243_Flinders_ROV_Dive_1_T3,0:03:20
Feb_21,16/2/2021,Flinders,ROV,Dive_1_T3,42.1,outer_reef,Amblyglyphidodon leucogaster,1,Feb_21_44243_Flinders_ROV_Dive_1_T3,0:03:20
Feb_21,16/2/2021,Flinders,ROV,Dive_1_T3,42.1,outer_reef,Cephalopholis urodeta,1,Feb_21_44243_Flinders_ROV_Dive_1_T3,0:03:20
Feb_21,16/2/2021,Flinders,ROV,Dive_1_T3,42.1,outer_reef,Chaetodon lunulatus,1,Feb_21_44243_Flinders_ROV_Dive_1_T3,0:03:20
Feb_21,16/2/2021,Flinders,ROV,Dive_1_T3,42.1,outer_reef,Acanthurus thompsoni,2,Feb_21_44243_Flinders_ROV_Dive_1_T3,0:03:20
Feb_21,16/2/2021,Flinders,ROV,Dive_1_T3,42.1,outer_reef,Amblyglyphidodon leucogaster,2,Feb_21_44243_Flinders_ROV_Dive_1_T3,0:03:20
Feb_21,16/2/2021,Flinders,ROV,Dive_1_T3,42.1,outer_reef,Acanthurus thompsoni,2,Feb_21_44243_Flinders_ROV_Dive_1_T3,0:03:20
Feb_21,16/2/2021,Flinders,ROV,Dive_1_T3,42.1,outer_reef,Acanthurus thompsoni,2,Feb_21_44243_Flinders_ROV_Dive_1_T3,0:03:20
Feb_21,16/2/2021,Flinders,ROV,Dive_1_T3,42.1,outer_reef,Acanthurus pyroferus,1,Feb_21_44243_Flinders_ROV_Dive_1_T3,0:03:20
Feb_21,16/2/2021,Flinders,ROV,Dive_1_T3,42.1,outer_reef,Macolor niger,1,Feb_21_44243_Flinders_ROV_Dive_1_T3,0:03:20
Feb_21,16/2/2021,Flinders,ROV,Dive_1_T3,42.1,outer_reef,Macolor niger,1,Feb_21_44243_Flinders_ROV_Dive_1_T3,0:03:20
Feb_21,16/2/2021,Flinders,ROV,Dive_1_T4,42.1,outer_reef,Ctenochaetus sp,2,Feb_21_44243_Flinders_ROV_Dive_1_T4,0:03:20
Feb_21,16/2/2021,Flinders,ROV,Dive_1_T4,35.2,outer_reef,Chromis retrofasciata,6,Feb_21_44243_Flinders_ROV_Dive_1_T4,0:03:20
Feb_21,16/2/2021,Flinders,ROV,Dive_1_T4,35.2,outer_reef,Chromis ternatensis,2,Feb_21_44243_Flinders_ROV_Dive_1_T4,0:03:20
Feb_21,16/2/2021,Flinders,ROV,Dive_1_T4,35.2,outer_reef,Chromis amboinensis,3,Feb_21_44243_Flinders_ROV_Dive_1_T4,0:03:20
Feb_21,16/2/2021,Flinders,ROV,Dive_1_T4,35.2,outer_reef,Chromis amboinensis,4,Feb_21_44243_Flinders_ROV_Dive_1_T4,0:03:20
Feb_21,16/2/2021,Flinders,ROV,Dive_1_T4,35.2,outer_reef,Chromis amboinensis,12,Feb_21_44243_Flinders_ROV_Dive_1_T4,0:03:20
Feb_21,16/2/2021,Flinders,ROV,Dive_1_T4,35.2,outer_reef,Labroides dimidiatus,1,Feb_21_44243_Flinders_ROV_Dive_1_T4,0:03:20
Feb_21,16/2/2021,Flinders,ROV,Dive_1_T4,35.2,outer_reef,Pomacentrus brachialis,1,Feb_21_44243_Flinders_ROV_Dive_1_T4,0:03:20
Feb_21,16/2/2021,Flinders,ROV,Dive_1_T4,35.2,outer_reef,Pomacentrus brachialis,1,Feb_21_44243_Flinders_ROV_Dive_1_T4,0:03:20
Feb_21,16/2/2021,Flinders,ROV,Dive_1_T4,35.2,outer_reef,Chaetodon pelewensis,1,Feb_21_44243_Flinders_ROV_Dive_1_T4,0:03:20
Feb_21,16/2/2021,Flinders,ROV,Dive_1_T4,35.2,outer_reef,Centropyge heraldi,1,Feb_21_44243_Flinders_ROV_Dive_1_T4,0:03:20
Feb_21,16/2/2021,Flinders,ROV,Dive_1_T4,35.2,outer_reef,Amblyglyphidodon leucogaster,1,Feb_21_44243_Flinders_ROV_Dive_1_T4,0:03:20
Feb_21,16/2/2021,Flinders,ROV,Dive_1_T4,35.2,outer_reef,Chaetodon ornatissimus,1,Feb_21_44243_Flinders_ROV_Dive_1_T4,0:03:20
Feb_21,16/2/2021,Flinders,ROV,Dive_1_T4,35.2,outer_reef,Acanthurus thompsoni,4,Feb_21_44243_Flinders_ROV_Dive_1_T4,0:03:20
Feb_21,16/2/2021,Flinders,ROV,Dive_1_T4,35.2,outer_reef,Acanthurus pyroferus,1,Feb_21_44243_Flinders_ROV_Dive_1_T4,0:03:20
Feb_21,16/2/2021,Flinders,ROV,Dive_1_T4,35.2,outer_reef,Lutjanus bohar,1,Feb_21_44243_Flinders_ROV_Dive_1_T4,0:03:20
Feb_21,16/2/2021,Flinders,ROV,Dive_1_T4,35.2,outer_reef,Chaetodon pelewensis,1,Feb_21_44243_Flinders_ROV_Dive_1_T4,0:03:20
Feb_21,16/2/2021,Flinders,ROV,Dive_1_T4,35.2,outer_reef,Ctenochaetus striatus,1,Feb_21_44243_Flinders_ROV_Dive_1_T4,0:03:20
Feb_21,16/2/2021,Flinders,ROV,Dive_1_T5,35.2,outer_reef,Ctenochaetus sp,1,Feb_21_44243_Flinders_ROV_Dive_1_T5,0:03:20
Feb_21,16/2/2021,Flinders,ROV,Dive_1_T5,45.4,outer_reef,Chromis amboinensis,15,Feb_21_44243_Flinders_ROV_Dive_1_T5,0:03:20
Feb_21,16/2/2021,Flinders,ROV,Dive_1_T5,45.4,outer_reef,Lutjanus bohar,1,Feb_21_44243_Flinders_ROV_Dive_1_T5,0:03:20
Feb_21,16/2/2021,Flinders,ROV,Dive_1_T5,45.4,outer_reef,Caranx melampygus,1,Feb_21_44243_Flinders_ROV_Dive_1_T5,0:03:20
Feb_21,16/2/2021,Flinders,ROV,Dive_2_T6,45.4,outer_reef,Pomacentrus sp,4,Feb_21_44243_Flinders_ROV_Dive_2_T6,0:03:20
Feb_21,16/2/2021,Flinders,ROV,Dive_2_T6,34.3,outer_reef,Chromis amboinensis,16,Feb_21_44243_Flinders_ROV_Dive_2_T6,0:03:20
Feb_21,16/2/2021,Flinders,ROV,Dive_2_T6,34.3,outer_reef,Chromis amboinensis,5,Feb_21_44243_Flinders_ROV_Dive_2_T6,0:03:20
Feb_21,16/2/2021,Flinders,ROV,Dive_2_T6,34.3,outer_reef,Chaetodon mertensii,1,Feb_21_44243_Flinders_ROV_Dive_2_T6,0:03:20
Feb_21,16/2/2021,Flinders,ROV,Dive_2_T6,34.3,outer_reef,Amblyglyphidodon leucogaster,1,Feb_21_44243_Flinders_ROV_Dive_2_T6,0:03:20
Feb_21,16/2/2021,Flinders,ROV,Dive_2_T6,34.3,outer_reef,Forcipiger flavissimus,1,Feb_21_44243_Flinders_ROV_Dive_2_T6,0:03:20
Feb_21,16/2/2021,Flinders,ROV,Dive_2_T6,34.3,outer_reef,Sufflamen bursa,1,Feb_21_44243_Flinders_ROV_Dive_2_T6,0:03:20
Feb_21,16/2/2021,Flinders,ROV,Dive_2_T6,34.3,outer_reef,Amblyglyphidodon leucogaster,1,Feb_21_44243_Flinders_ROV_Dive_2_T6,0:03:20
Feb_21,16/2/2021,Flinders,ROV,Dive_2_T6,34.3,outer_reef,Amblyglyphidodon leucogaster,1,Feb_21_44243_Flinders_ROV_Dive_2_T6,0:03:20
Feb_21,16/2/2021,Flinders,ROV,Dive_2_T6,34.3,outer_reef,Acanthurus pyroferus,1,Feb_21_44243_Flinders_ROV_Dive_2_T6,0:03:20
Feb_21,16/2/2021,Flinders,ROV,Dive_2_T6,34.3,outer_reef,Chaetodon trifascialis,1,Feb_21_44243_Flinders_ROV_Dive_2_T6,0:03:20
Feb_21,16/2/2021,Flinders,ROV,Dive_2_T6,34.3,outer_reef,Sufflamen bursa,1,Feb_21_44243_Flinders_ROV_Dive_2_T6,0:03:20
Feb_21,16/2/2021,Flinders,ROV,Dive_2_T6,34.3,outer_reef,Plectropomus laevis,1,Feb_21_44243_Flinders_ROV_Dive_2_T6,0:03:20
Feb_21,16/2/2021,Flinders,ROV,Dive_2_T6,34.3,outer_reef,Lutjanus bohar,1,Feb_21_44243_Flinders_ROV_Dive_2_T6,0:03:20
Feb_21,16/2/2021,Flinders,ROV,Dive_2_T6,34.3,outer_reef,Plectropomus leopardus,1,Feb_21_44243_Flinders_ROV_Dive_2_T6,0:03:20
Feb_21,16/2/2021,Flinders,ROV,Dive_2_T6,34.3,outer_reef,Acanthurus sp,1,Feb_21_44243_Flinders_ROV_Dive_2_T6,0:03:20
Feb_21,16/2/2021,Flinders,ROV,Dive_2_T6,34.3,outer_reef,Pseudanthias sp,4,Feb_21_44243_Flinders_ROV_Dive_2_T6,0:03:20
Feb_21,16/2/2021,Flinders,ROV,Dive_2_T7,34.3,outer_reef,Labridae sp,1,Feb_21_44243_Flinders_ROV_Dive_2_T7,0:03:20
Feb_21,16/2/2021,Flinders,ROV,Dive_2_T7,45.2,outer_reef,Chromis amboinensis,8,Feb_21_44243_Flinders_ROV_Dive_2_T7,0:03:20
Feb_21,16/2/2021,Flinders,ROV,Dive_2_T7,45.2,outer_reef,Chaetodon speculum,1,Feb_21_44243_Flinders_ROV_Dive_2_T7,0:03:20
Feb_21,16/2/2021,Flinders,ROV,Dive_2_T7,45.2,outer_reef,Caesio lunaris,14,Feb_21_44243_Flinders_ROV_Dive_2_T7,0:03:20
Feb_21,16/2/2021,Flinders,ROV,Dive_2_T7,45.2,outer_reef,Caesio lunaris,25,Feb_21_44243_Flinders_ROV_Dive_2_T7,0:03:20
Feb_21,16/2/2021,Flinders,ROV,Dive_2_T7,45.2,outer_reef,Chlorurus microrhinos,1,Feb_21_44243_Flinders_ROV_Dive_2_T7,0:03:20
Feb_21,16/2/2021,Flinders,ROV,Dive_2_T7,45.2,outer_reef,Plectropomus leopardus,1,Feb_21_44243_Flinders_ROV_Dive_2_T7,0:03:20
Feb_21,16/2/2021,Flinders,ROV,Dive_2_T7,45.2,outer_reef,Carcharhinus albimarginatus,1,Feb_21_44243_Flinders_ROV_Dive_2_T7,0:03:20
Feb_21,16/2/2021,Flinders,ROV,Dive_1_T1,45.2,outer_reef,Carcharhinus albimarginatus,1,Feb_21_44243_Flinders_ROV_Dive_1_T1,0:03:20
Feb_21,18/2/2021,Flinders,ROV,Dive_1_T1,42.1,lagoon,Pseudobalistes flavimarginatus,1,Feb_21_44245_Flinders_ROV_Dive_1_T1,0:03:20
Feb_21,18/2/2021,Flinders,ROV,Dive_1_T2,42.1,lagoon,Pseudobalistes flavimarginatus,1,Feb_21_44245_Flinders_ROV_Dive_1_T2,0:03:20
Feb_21,18/2/2021,Flinders,ROV,Dive_1_T2,40.2,lagoon,Pseudanthias tuka,11,Feb_21_44245_Flinders_ROV_Dive_1_T2,0:03:20
Feb_21,18/2/2021,Flinders,ROV,Dive_1_T2,40.2,lagoon,Coris dorsomacula,1,Feb_21_44245_Flinders_ROV_Dive_1_T2,0:03:20
Feb_21,18/2/2021,Flinders,ROV,Dive_1_T2,40.2,lagoon,Pseudanthias tuka,21,Feb_21_44245_Flinders_ROV_Dive_1_T2,0:03:20
Feb_21,18/2/2021,Flinders,ROV,Dive_1_T2,40.2,lagoon,Coris dorsomacula,2,Feb_21_44245_Flinders_ROV_Dive_1_T2,0:03:20
Feb_21,18/2/2021,Flinders,ROV,Dive_1_T2,40.2,lagoon,Parupeneus multifasciatus,12,Feb_21_44245_Flinders_ROV_Dive_1_T2,0:03:20
Feb_21,18/2/2021,Flinders,ROV,Dive_1_T3,40.2,lagoon,Pseudobalistes flavimarginatus,1,Feb_21_44245_Flinders_ROV_Dive_1_T3,0:03:20
Feb_21,18/2/2021,Flinders,ROV,Dive_1_T3,40,lagoon,Rhabdamia gracilis,300,Feb_21_44245_Flinders_ROV_Dive_1_T3,0:03:20
Feb_21,18/2/2021,Flinders,ROV,Dive_1_T3,40,lagoon,Labroides dimidiatus,1,Feb_21_44245_Flinders_ROV_Dive_1_T3,0:03:20
Feb_21,18/2/2021,Flinders,ROV,Dive_1_T3,40,lagoon,Pseudanthias squamipinnis,55,Feb_21_44245_Flinders_ROV_Dive_1_T3,0:03:20
Feb_21,18/2/2021,Flinders,ROV,Dive_1_T3,40,lagoon,Canthigaster axiologus,2,Feb_21_44245_Flinders_ROV_Dive_1_T3,0:03:20
Feb_21,18/2/2021,Flinders,ROV,Dive_1_T3,40,lagoon,Dascyllus trimaculatus,3,Feb_21_44245_Flinders_ROV_Dive_1_T3,0:03:20
Feb_21,18/2/2021,Flinders,ROV,Dive_1_T3,40,lagoon,Parupeneus multifasciatus,1,Feb_21_44245_Flinders_ROV_Dive_1_T3,0:03:20
Feb_21,18/2/2021,Flinders,ROV,Dive_1_T3,40,lagoon,Cantherhines dumerilii,1,Feb_21_44245_Flinders_ROV_Dive_1_T3,0:03:20
Feb_21,18/2/2021,Flinders,ROV,Dive_1_T3,40,lagoon,Gymnocranius euanus,1,Feb_21_44245_Flinders_ROV_Dive_1_T3,0:03:20
Feb_21,18/2/2021,Flinders,ROV,Dive_1_T3,40,lagoon,Carcharhinus albimarginatus,1,Feb_21_44245_Flinders_ROV_Dive_1_T3,0:03:20
Feb_21,18/2/2021,Flinders,ROV,Dive_1_T4,40,lagoon,Pseudobalistes flavimarginatus,1,Feb_21_44245_Flinders_ROV_Dive_1_T4,0:03:20
Feb_21,18/2/2021,Flinders,ROV,Dive_1_T4,40,lagoon,Chromis iomelas,8,Feb_21_44245_Flinders_ROV_Dive_1_T4,0:03:20
Feb_21,18/2/2021,Flinders,ROV,Dive_1_T4,40,lagoon,Chromis iomelas,18,Feb_21_44245_Flinders_ROV_Dive_1_T4,0:03:20
Feb_21,18/2/2021,Flinders,ROV,Dive_1_T4,40,lagoon,Ctenochaetus striatus,4,Feb_21_44245_Flinders_ROV_Dive_1_T4,0:03:20
Feb_21,18/2/2021,Flinders,ROV,Dive_1_T4,40,lagoon,Coris dorsomacula,3,Feb_21_44245_Flinders_ROV_Dive_1_T4,0:03:20
Feb_21,18/2/2021,Flinders,ROV,Dive_1_T4,40,lagoon,Pseudanthias squamipinnis,65,Feb_21_44245_Flinders_ROV_Dive_1_T4,0:03:20
Feb_21,18/2/2021,Flinders,ROV,Dive_1_T4,40,lagoon,Parupeneus pleurostigma,4,Feb_21_44245_Flinders_ROV_Dive_1_T4,0:03:20
Feb_21,18/2/2021,Flinders,ROV,Dive_1_T4,40,lagoon,Parupeneus multifasciatus,2,Feb_21_44245_Flinders_ROV_Dive_1_T4,0:03:20
Feb_21,18/2/2021,Flinders,ROV,Dive_1_T4,40,lagoon,Zanclus cornutus,2,Feb_21_44245_Flinders_ROV_Dive_1_T4,0:03:20
Feb_21,18/2/2021,Flinders,ROV,Dive_1_T4,40,lagoon,Pseudobalistes flavimarginatus,1,Feb_21_44245_Flinders_ROV_Dive_1_T4,0:03:20
Feb_21,18/2/2021,Flinders,ROV,Dive_1_T4,40,lagoon,Pseudobalistes flavimarginatus,4,Feb_21_44245_Flinders_ROV_Dive_1_T4,0:03:20
Feb_21,18/2/2021,Flinders,ROV,Dive_1_T4,40,lagoon,Dascyllus trimaculatus,3,Feb_21_44245_Flinders_ROV_Dive_1_T4,0:03:20
Feb_21,18/2/2021,Flinders,ROV,Dive_1_T5,40,lagoon,Carcharhinus albimarginatus,1,Feb_21_44245_Flinders_ROV_Dive_1_T5,0:03:20
Feb_21,18/2/2021,Flinders,ROV,Dive_1_T5,41.5,lagoon,Chromis iomelas,12,Feb_21_44245_Flinders_ROV_Dive_1_T5,0:03:20
Feb_21,18/2/2021,Flinders,ROV,Dive_1_T5,41.5,lagoon,Acanthurus pyroferus,1,Feb_21_44245_Flinders_ROV_Dive_1_T5,0:03:20
Feb_21,18/2/2021,Flinders,ROV,Dive_1_T5,41.5,lagoon,Cantherhines dumerilii,2,Feb_21_44245_Flinders_ROV_Dive_1_T5,0:03:20
Feb_21,18/2/2021,Flinders,ROV,Dive_1_T5,41.5,lagoon,Gymnocranius euanus,9,Feb_21_44245_Flinders_ROV_Dive_1_T5,0:03:20
Feb_21,18/2/2021,Flinders,ROV,Dive_1_T5,41.5,lagoon,Parupeneus ciliatus,1,Feb_21_44245_Flinders_ROV_Dive_1_T5,0:03:20
Feb_21,18/2/2021,Flinders,ROV,Dive_1_T5,41.5,lagoon,Parupeneus barberinus,1,Feb_21_44245_Flinders_ROV_Dive_1_T5,0:03:20
Feb_21,18/2/2021,Flinders,ROV,Dive_1_T5,41.5,lagoon,Gymnocranius euanus,1,Feb_21_44245_Flinders_ROV_Dive_1_T5,0:03:20
Feb_21,18/2/2021,Flinders,ROV,Dive_1_T5,41.5,lagoon,Carcharhinus amblyrhynchos,1,Feb_21_44245_Flinders_ROV_Dive_1_T5,0:03:20
Feb_21,18/2/2021,Flinders,ROV,Dive_1_T6,41.5,lagoon,Gnathanodon speciosus,1,Feb_21_44245_Flinders_ROV_Dive_1_T6,0:03:20
Feb_21,18/2/2021,Flinders,ROV,Dive_1_T6,43.3,lagoon,Chromis iomelas,7,Feb_21_44245_Flinders_ROV_Dive_1_T6,0:03:20
Feb_21,18/2/2021,Flinders,ROV,Dive_1_T6,43.3,lagoon,Chromis iomelas,6,Feb_21_44245_Flinders_ROV_Dive_1_T6,0:03:20
Feb_21,18/2/2021,Flinders,ROV,Dive_1_T6,43.3,lagoon,Canthigaster axiologus,1,Feb_21_44245_Flinders_ROV_Dive_1_T6,0:03:20
Feb_21,18/2/2021,Flinders,ROV,Dive_1_T6,43.3,lagoon,Forcipiger flavissimus,2,Feb_21_44245_Flinders_ROV_Dive_1_T6,0:03:20
Feb_21,18/2/2021,Flinders,ROV,Dive_1_T6,43.3,lagoon,Centropyge bicolor,1,Feb_21_44245_Flinders_ROV_Dive_1_T6,0:03:20
Feb_21,18/2/2021,Flinders,ROV,Dive_1_T6,43.3,lagoon,Anampses femininus,1,Feb_21_44245_Flinders_ROV_Dive_1_T6,0:03:20
Feb_21,18/2/2021,Flinders,ROV,Dive_1_T6,43.3,lagoon,Acanthurus pyroferus,1,Feb_21_44245_Flinders_ROV_Dive_1_T6,0:03:20
Feb_21,18/2/2021,Flinders,ROV,Dive_1_T6,43.3,lagoon,Acanthurus pyroferus,1,Feb_21_44245_Flinders_ROV_Dive_1_T6,0:03:20
Feb_21,18/2/2021,Flinders,ROV,Dive_1_T6,43.3,lagoon,Monotaxis grandoculis,1,Feb_21_44245_Flinders_ROV_Dive_1_T6,0:03:20
Feb_21,18/2/2021,Flinders,ROV,Dive_1_T6,43.3,lagoon,Acanthurus grammoptilus,7,Feb_21_44245_Flinders_ROV_Dive_1_T6,0:03:20
Feb_21,18/2/2021,Flinders,ROV,Dive_1_T6,43.3,lagoon,Gymnocranius euanus,1,Feb_21_44245_Flinders_ROV_Dive_1_T6,0:03:20
Feb_21,18/2/2021,Flinders,ROV,Dive_1_T6,43.3,lagoon,Gymnocranius euanus,4,Feb_21_44245_Flinders_ROV_Dive_1_T6,0:03:20
Feb_21,18/2/2021,Flinders,ROV,Dive_1_T6,43.3,lagoon,Gymnocranius euanus,4,Feb_21_44245_Flinders_ROV_Dive_1_T6,0:03:20
Feb_21,18/2/2021,Flinders,ROV,Dive_1_T6,43.3,lagoon,Parupeneus barberinus,1,Feb_21_44245_Flinders_ROV_Dive_1_T6,0:03:20
Feb_21,18/2/2021,Flinders,ROV,Dive_1_T6,43.3,lagoon,Monotaxis grandoculis,1,Feb_21_44245_Flinders_ROV_Dive_1_T6,0:03:20
Feb_21,18/2/2021,Flinders,ROV,Dive_1_T6,43.3,lagoon,Carcharhinus amblyrhynchos,1,Feb_21_44245_Flinders_ROV_Dive_1_T6,0:03:20
Feb_21,18/2/2021,Flinders,ROV,Dive_1_T6,43.3,lagoon,Carcharhinus albimarginatus,1,Feb_21_44245_Flinders_ROV_Dive_1_T6,0:03:20
Feb_21,18/2/2021,Flinders,ROV,Dive_1_T6,43.3,lagoon,Pomacentrus sp,1,Feb_21_44245_Flinders_ROV_Dive_1_T6,0:03:20
Feb_21,18/2/2021,Flinders,ROV,Dive_1_T6,43.3,lagoon,Ctenochaetus sp,3,Feb_21_44245_Flinders_ROV_Dive_1_T6,0:03:20
Feb_21,18/2/2021,Flinders,ROV,Dive_1_T7,43.3,lagoon,Scarus sp,3,Feb_21_44245_Flinders_ROV_Dive_1_T7,0:03:20
Feb_21,18/2/2021,Flinders,ROV,Dive_1_T7,44,lagoon,Chromis iomelas,3,Feb_21_44245_Flinders_ROV_Dive_1_T7,0:03:20
Feb_21,18/2/2021,Flinders,ROV,Dive_1_T7,44,lagoon,Centropyge bicolor,1,Feb_21_44245_Flinders_ROV_Dive_1_T7,0:03:20
Feb_21,18/2/2021,Flinders,ROV,Dive_1_T7,44,lagoon,Chaetodon mertensii,2,Feb_21_44245_Flinders_ROV_Dive_1_T7,0:03:20
Feb_21,18/2/2021,Flinders,ROV,Dive_1_T7,44,lagoon,Centropyge bicolor,1,Feb_21_44245_Flinders_ROV_Dive_1_T7,0:03:20
Feb_21,18/2/2021,Flinders,ROV,Dive_1_T7,44,lagoon,Acanthurus pyroferus,1,Feb_21_44245_Flinders_ROV_Dive_1_T7,0:03:20
Feb_21,18/2/2021,Flinders,ROV,Dive_1_T7,44,lagoon,Cantherhines dumerilii,1,Feb_21_44245_Flinders_ROV_Dive_1_T7,0:03:20
Feb_21,18/2/2021,Flinders,ROV,Dive_1_T7,44,lagoon,Chlorurus spilurus,1,Feb_21_44245_Flinders_ROV_Dive_1_T7,0:03:20
Feb_21,18/2/2021,Flinders,ROV,Dive_1_T7,44,lagoon,Sufflamen bursa,1,Feb_21_44245_Flinders_ROV_Dive_1_T7,0:03:20
Feb_21,18/2/2021,Flinders,ROV,Dive_1_T7,44,lagoon,Pseudobalistes fuscus,1,Feb_21_44245_Flinders_ROV_Dive_1_T7,0:03:20
Feb_21,18/2/2021,Flinders,ROV,Dive_1_T7,44,lagoon,Carcharhinus amblyrhynchos,1,Feb_21_44245_Flinders_ROV_Dive_1_T7,0:03:20
Feb_21,18/2/2021,Flinders,ROV,Dive_1_T1,44,lagoon,Acanthurus sp,4,Feb_21_44245_Flinders_ROV_Dive_1_T1,0:03:20
Feb_21,21/2/2021,Holmes,ROV,Dive_1_T1,62.7,outer_reef,Genicanthus watanabei,1,Feb_21_44248_Holmes_ROV_Dive_1_T1,0:03:20
Feb_21,21/2/2021,Holmes,ROV,Dive_1_T1,62.7,outer_reef,Chromis amboinensis,5,Feb_21_44248_Holmes_ROV_Dive_1_T1,0:03:20
Feb_21,21/2/2021,Holmes,ROV,Dive_1_T1,62.7,outer_reef,Chromis amboinensis,2,Feb_21_44248_Holmes_ROV_Dive_1_T1,0:03:20
Feb_21,21/2/2021,Holmes,ROV,Dive_1_T1,62.7,outer_reef,Chromis amboinensis,6,Feb_21_44248_Holmes_ROV_Dive_1_T1,0:03:20
Feb_21,21/2/2021,Holmes,ROV,Dive_1_T1,62.7,outer_reef,Chromis alpha,1,Feb_21_44248_Holmes_ROV_Dive_1_T1,0:03:20
Feb_21,21/2/2021,Holmes,ROV,Dive_1_T1,62.7,outer_reef,Centropyge heraldi,1,Feb_21_44248_Holmes_ROV_Dive_1_T1,0:03:20
Feb_21,21/2/2021,Holmes,ROV,Dive_1_T1,62.7,outer_reef,Pseudanthias pleurotaenia,4,Feb_21_44248_Holmes_ROV_Dive_1_T1,0:03:20
Feb_21,21/2/2021,Holmes,ROV,Dive_1_T1,62.7,outer_reef,Genicanthus watanabei,4,Feb_21_44248_Holmes_ROV_Dive_1_T1,0:03:20
Feb_21,21/2/2021,Holmes,ROV,Dive_1_T1,62.7,outer_reef,Chaetodon mertensii,1,Feb_21_44248_Holmes_ROV_Dive_1_T1,0:03:20
Feb_21,21/2/2021,Holmes,ROV,Dive_1_T1,62.7,outer_reef,Sufflamen bursa,1,Feb_21_44248_Holmes_ROV_Dive_1_T1,0:03:20
Feb_21,21/2/2021,Holmes,ROV,Dive_1_T1,62.7,outer_reef,Acanthurus pyroferus,1,Feb_21_44248_Holmes_ROV_Dive_1_T1,0:03:20
Feb_21,21/2/2021,Holmes,ROV,Dive_1_T1,62.7,outer_reef,Parupeneus multifasciatus,1,Feb_21_44248_Holmes_ROV_Dive_1_T1,0:03:20
Feb_21,21/2/2021,Holmes,ROV,Dive_1_T1,62.7,outer_reef,Carcharhinus amblyrhynchos,1,Feb_21_44248_Holmes_ROV_Dive_1_T1,0:03:20
Feb_21,21/2/2021,Holmes,ROV,Dive_1_T1,62.7,outer_reef,Pomacentrus sp,1,Feb_21_44248_Holmes_ROV_Dive_1_T1,0:03:20
Feb_21,21/2/2021,Holmes,ROV,Dive_1_T2,62.7,outer_reef,Lethrinus sp,1,Feb_21_44248_Holmes_ROV_Dive_1_T2,0:03:20
Feb_21,21/2/2021,Holmes,ROV,Dive_1_T2,63.7,outer_reef,Chromis amboinensis,1,Feb_21_44248_Holmes_ROV_Dive_1_T2,0:03:20
Feb_21,21/2/2021,Holmes,ROV,Dive_1_T2,63.7,outer_reef,Chromis amboinensis,4,Feb_21_44248_Holmes_ROV_Dive_1_T2,0:03:20
Feb_21,21/2/2021,Holmes,ROV,Dive_1_T2,63.7,outer_reef,Chromis alpha,4,Feb_21_44248_Holmes_ROV_Dive_1_T2,0:03:20
Feb_21,21/2/2021,Holmes,ROV,Dive_1_T2,63.7,outer_reef,Genicanthus watanabei,1,Feb_21_44248_Holmes_ROV_Dive_1_T2,0:03:20
Feb_21,21/2/2021,Holmes,ROV,Dive_1_T2,63.7,outer_reef,Chromis alpha,1,Feb_21_44248_Holmes_ROV_Dive_1_T2,0:03:20
Feb_21,21/2/2021,Holmes,ROV,Dive_1_T2,63.7,outer_reef,Centropyge heraldi,1,Feb_21_44248_Holmes_ROV_Dive_1_T2,0:03:20
Feb_21,21/2/2021,Holmes,ROV,Dive_1_T2,63.7,outer_reef,Centropyge heraldi,1,Feb_21_44248_Holmes_ROV_Dive_1_T2,0:03:20
Feb_21,21/2/2021,Holmes,ROV,Dive_1_T2,63.7,outer_reef,Pseudanthias pleurotaenia,2,Feb_21_44248_Holmes_ROV_Dive_1_T2,0:03:20
Feb_21,21/2/2021,Holmes,ROV,Dive_1_T2,63.7,outer_reef,Acanthurus pyroferus,4,Feb_21_44248_Holmes_ROV_Dive_1_T2,0:03:20
Feb_21,21/2/2021,Holmes,ROV,Dive_1_T2,63.7,outer_reef,Forcipiger flavissimus,1,Feb_21_44248_Holmes_ROV_Dive_1_T2,0:03:20
Feb_21,21/2/2021,Holmes,ROV,Dive_1_T2,63.7,outer_reef,Pygoplites diacanthus,1,Feb_21_44248_Holmes_ROV_Dive_1_T2,0:03:20
Feb_21,21/2/2021,Holmes,ROV,Dive_1_T2,63.7,outer_reef,Pseudodax moluccanus,1,Feb_21_44248_Holmes_ROV_Dive_1_T2,0:03:20
Feb_21,21/2/2021,Holmes,ROV,Dive_1_T2,63.7,outer_reef,Zanclus cornutus,2,Feb_21_44248_Holmes_ROV_Dive_1_T2,0:03:20
Feb_21,21/2/2021,Holmes,ROV,Dive_1_T2,63.7,outer_reef,Balistoides conspicillum,1,Feb_21_44248_Holmes_ROV_Dive_1_T2,0:03:20
Feb_21,21/2/2021,Holmes,ROV,Dive_1_T2,63.7,outer_reef,Monotaxis grandoculis,1,Feb_21_44248_Holmes_ROV_Dive_1_T2,0:03:20
Feb_21,21/2/2021,Holmes,ROV,Dive_1_T2,63.7,outer_reef,Cirrhilabrus sp,1,Feb_21_44248_Holmes_ROV_Dive_1_T2,0:03:20
Feb_21,21/2/2021,Holmes,ROV,Dive_1_T2,63.7,outer_reef,Pentapodus sp,1,Feb_21_44248_Holmes_ROV_Dive_1_T2,0:03:20
Feb_21,21/2/2021,Holmes,ROV,Dive_1_T2,63.7,outer_reef,Chromis sp,3,Feb_21_44248_Holmes_ROV_Dive_1_T2,0:03:20
Feb_21,21/2/2021,Holmes,ROV,Dive_1_T3,63.7,outer_reef,Cephalopholis sp,1,Feb_21_44248_Holmes_ROV_Dive_1_T3,0:03:20
Feb_21,21/2/2021,Holmes,ROV,Dive_1_T3,64.2,outer_reef,Chromis amboinensis,4,Feb_21_44248_Holmes_ROV_Dive_1_T3,0:03:20
Feb_21,21/2/2021,Holmes,ROV,Dive_1_T3,64.2,outer_reef,Chromis amboinensis,8,Feb_21_44248_Holmes_ROV_Dive_1_T3,0:03:20
Feb_21,21/2/2021,Holmes,ROV,Dive_1_T3,64.2,outer_reef,Chromis alpha,3,Feb_21_44248_Holmes_ROV_Dive_1_T3,0:03:20
Feb_21,21/2/2021,Holmes,ROV,Dive_1_T3,64.2,outer_reef,Chromis alpha,15,Feb_21_44248_Holmes_ROV_Dive_1_T3,0:03:20
Feb_21,21/2/2021,Holmes,ROV,Dive_1_T3,64.2,outer_reef,Chromis alpha,12,Feb_21_44248_Holmes_ROV_Dive_1_T3,0:03:20
Feb_21,21/2/2021,Holmes,ROV,Dive_1_T3,64.2,outer_reef,Genicanthus watanabei,4,Feb_21_44248_Holmes_ROV_Dive_1_T3,0:03:20
Feb_21,21/2/2021,Holmes,ROV,Dive_1_T3,64.2,outer_reef,Chromis alpha,3,Feb_21_44248_Holmes_ROV_Dive_1_T3,0:03:20
Feb_21,21/2/2021,Holmes,ROV,Dive_1_T3,64.2,outer_reef,Chromis alpha,6,Feb_21_44248_Holmes_ROV_Dive_1_T3,0:03:20
Feb_21,21/2/2021,Holmes,ROV,Dive_1_T3,64.2,outer_reef,Genicanthus watanabei,4,Feb_21_44248_Holmes_ROV_Dive_1_T3,0:03:20
Feb_21,21/2/2021,Holmes,ROV,Dive_1_T3,64.2,outer_reef,Bodianus anthioides,1,Feb_21_44248_Holmes_ROV_Dive_1_T3,0:03:20
Feb_21,21/2/2021,Holmes,ROV,Dive_1_T3,64.2,outer_reef,Bodianus anthioides,1,Feb_21_44248_Holmes_ROV_Dive_1_T3,0:03:20
Feb_21,21/2/2021,Holmes,ROV,Dive_1_T3,64.2,outer_reef,Forcipiger flavissimus,1,Feb_21_44248_Holmes_ROV_Dive_1_T3,0:03:20
Feb_21,21/2/2021,Holmes,ROV,Dive_1_T3,64.2,outer_reef,Pentapodus aureofasciatus,1,Feb_21_44248_Holmes_ROV_Dive_1_T3,0:03:20
Feb_21,21/2/2021,Holmes,ROV,Dive_1_T3,64.2,outer_reef,Pygoplites diacanthus,1,Feb_21_44248_Holmes_ROV_Dive_1_T3,0:03:20
Feb_21,21/2/2021,Holmes,ROV,Dive_1_T3,64.2,outer_reef,Chaetodon lineolatus,1,Feb_21_44248_Holmes_ROV_Dive_1_T3,0:03:20
Feb_21,21/2/2021,Holmes,ROV,Dive_1_T3,64.2,outer_reef,Parupeneus multifasciatus,1,Feb_21_44248_Holmes_ROV_Dive_1_T3,0:03:20
Feb_21,21/2/2021,Holmes,ROV,Dive_1_T3,64.2,outer_reef,Oxycheilinus unifasciatus,1,Feb_21_44248_Holmes_ROV_Dive_1_T3,0:03:20
Feb_21,21/2/2021,Holmes,ROV,Dive_1_T4,64.2,outer_reef,Lutjanus bohar,1,Feb_21_44248_Holmes_ROV_Dive_1_T4,0:03:20
Feb_21,21/2/2021,Holmes,ROV,Dive_1_T4,63.2,outer_reef,Chromis amboinensis,7,Feb_21_44248_Holmes_ROV_Dive_1_T4,0:03:20
Feb_21,21/2/2021,Holmes,ROV,Dive_1_T4,63.2,outer_reef,Chromis amboinensis,8,Feb_21_44248_Holmes_ROV_Dive_1_T4,0:03:20
Feb_21,21/2/2021,Holmes,ROV,Dive_1_T4,63.2,outer_reef,Chromis alpha,7,Feb_21_44248_Holmes_ROV_Dive_1_T4,0:03:20
Feb_21,21/2/2021,Holmes,ROV,Dive_1_T4,63.2,outer_reef,Chromis alpha,9,Feb_21_44248_Holmes_ROV_Dive_1_T4,0:03:20
Feb_21,21/2/2021,Holmes,ROV,Dive_1_T4,63.2,outer_reef,Genicanthus melanospilos,3,Feb_21_44248_Holmes_ROV_Dive_1_T4,0:03:20
Feb_21,21/2/2021,Holmes,ROV,Dive_1_T4,63.2,outer_reef,Chromis amboinensis,12,Feb_21_44248_Holmes_ROV_Dive_1_T4,0:03:20
Feb_21,21/2/2021,Holmes,ROV,Dive_1_T4,63.2,outer_reef,Centropyge heraldi,1,Feb_21_44248_Holmes_ROV_Dive_1_T4,0:03:20
Feb_21,21/2/2021,Holmes,ROV,Dive_1_T4,63.2,outer_reef,Centropyge heraldi,3,Feb_21_44248_Holmes_ROV_Dive_1_T4,0:03:20
Feb_21,21/2/2021,Holmes,ROV,Dive_1_T4,63.2,outer_reef,Genicanthus watanabei,5,Feb_21_44248_Holmes_ROV_Dive_1_T4,0:03:20
Feb_21,21/2/2021,Holmes,ROV,Dive_1_T4,63.2,outer_reef,Genicanthus melanospilos,1,Feb_21_44248_Holmes_ROV_Dive_1_T4,0:03:20
Feb_21,21/2/2021,Holmes,ROV,Dive_1_T4,63.2,outer_reef,Pseudanthias pleurotaenia,4,Feb_21_44248_Holmes_ROV_Dive_1_T4,0:03:20
Feb_21,21/2/2021,Holmes,ROV,Dive_1_T4,63.2,outer_reef,Pseudanthias pleurotaenia,3,Feb_21_44248_Holmes_ROV_Dive_1_T4,0:03:20
Feb_21,21/2/2021,Holmes,ROV,Dive_1_T4,63.2,outer_reef,Sufflamen bursa,1,Feb_21_44248_Holmes_ROV_Dive_1_T4,0:03:20
Feb_21,21/2/2021,Holmes,ROV,Dive_1_T4,63.2,outer_reef,Bodianus axillaris,1,Feb_21_44248_Holmes_ROV_Dive_1_T4,0:03:20
Feb_21,21/2/2021,Holmes,ROV,Dive_1_T4,63.2,outer_reef,Forcipiger flavissimus,1,Feb_21_44248_Holmes_ROV_Dive_1_T4,0:03:20
Feb_21,21/2/2021,Holmes,ROV,Dive_1_T4,63.2,outer_reef,Pygoplites diacanthus,1,Feb_21_44248_Holmes_ROV_Dive_1_T4,0:03:20
Feb_21,21/2/2021,Holmes,ROV,Dive_1_T4,63.2,outer_reef,Parupeneus multifasciatus,2,Feb_21_44248_Holmes_ROV_Dive_1_T4,0:03:20
Feb_21,21/2/2021,Holmes,ROV,Dive_1_T4,63.2,outer_reef,Naso lituratus,2,Feb_21_44248_Holmes_ROV_Dive_1_T4,0:03:20
Feb_21,21/2/2021,Holmes,ROV,Dive_1_T5,63.2,outer_reef,Naso caesius,5,Feb_21_44248_Holmes_ROV_Dive_1_T5,0:03:20
Feb_21,21/2/2021,Holmes,ROV,Dive_1_T5,63.1,outer_reef,Chromis amboinensis,6,Feb_21_44248_Holmes_ROV_Dive_1_T5,0:03:20
Feb_21,21/2/2021,Holmes,ROV,Dive_1_T5,63.1,outer_reef,Chromis amboinensis,4,Feb_21_44248_Holmes_ROV_Dive_1_T5,0:03:20
Feb_21,21/2/2021,Holmes,ROV,Dive_1_T5,63.1,outer_reef,Chromis alpha,16,Feb_21_44248_Holmes_ROV_Dive_1_T5,0:03:20
Feb_21,21/2/2021,Holmes,ROV,Dive_1_T5,63.1,outer_reef,Chromis alpha,4,Feb_21_44248_Holmes_ROV_Dive_1_T5,0:03:20
Feb_21,21/2/2021,Holmes,ROV,Dive_1_T5,63.1,outer_reef,Genicanthus watanabei,3,Feb_21_44248_Holmes_ROV_Dive_1_T5,0:03:20
Feb_21,21/2/2021,Holmes,ROV,Dive_1_T5,63.1,outer_reef,Genicanthus melanospilos,2,Feb_21_44248_Holmes_ROV_Dive_1_T5,0:03:20
Feb_21,21/2/2021,Holmes,ROV,Dive_1_T5,63.1,outer_reef,Pseudanthias pleurotaenia,1,Feb_21_44248_Holmes_ROV_Dive_1_T5,0:03:20
Feb_21,21/2/2021,Holmes,ROV,Dive_1_T5,63.1,outer_reef,Aprion virescens,1,Feb_21_44248_Holmes_ROV_Dive_1_T5,0:03:20
Feb_21,21/2/2021,Holmes,ROV,Dive_1_T5,63.1,outer_reef,Carcharhinus amblyrhynchos,1,Feb_21_44248_Holmes_ROV_Dive_1_T5,0:03:20
Feb_21,21/2/2021,Holmes,ROV,Dive_1_T6,63.1,outer_reef,Cephalopholis sp,1,Feb_21_44248_Holmes_ROV_Dive_1_T6,0:03:20
Feb_21,21/2/2021,Holmes,ROV,Dive_1_T6,56.6,outer_reef,Chromis amboinensis,1,Feb_21_44248_Holmes_ROV_Dive_1_T6,0:03:20
Feb_21,21/2/2021,Holmes,ROV,Dive_1_T6,56.6,outer_reef,Chaetodon mertensii,1,Feb_21_44248_Holmes_ROV_Dive_1_T6,0:03:20
Feb_21,21/2/2021,Holmes,ROV,Dive_1_T6,56.6,outer_reef,Bodianus anthioides,1,Feb_21_44248_Holmes_ROV_Dive_1_T6,0:03:20
Feb_21,21/2/2021,Holmes,ROV,Dive_1_T6,56.6,outer_reef,Bodianus anthioides,1,Feb_21_44248_Holmes_ROV_Dive_1_T6,0:03:20
Feb_21,21/2/2021,Holmes,ROV,Dive_1_T6,56.6,outer_reef,Acanthurus thompsoni,3,Feb_21_44248_Holmes_ROV_Dive_1_T6,0:03:20
Feb_21,21/2/2021,Holmes,ROV,Dive_1_T6,56.6,outer_reef,Oxycheilinus unifasciatus,1,Feb_21_44248_Holmes_ROV_Dive_1_T6,0:03:20
Feb_21,21/2/2021,Holmes,ROV,Dive_1_T6,56.6,outer_reef,Acanthurus pyroferus,2,Feb_21_44248_Holmes_ROV_Dive_1_T6,0:03:20
Feb_21,21/2/2021,Holmes,ROV,Dive_1_T6,56.6,outer_reef,Forcipiger flavissimus,1,Feb_21_44248_Holmes_ROV_Dive_1_T6,0:03:20
Feb_21,21/2/2021,Holmes,ROV,Dive_1_T6,56.6,outer_reef,Acanthurus pyroferus,1,Feb_21_44248_Holmes_ROV_Dive_1_T6,0:03:20
Feb_21,21/2/2021,Holmes,ROV,Dive_1_T6,56.6,outer_reef,Variola louti,1,Feb_21_44248_Holmes_ROV_Dive_1_T6,0:03:20
Feb_21,21/2/2021,Holmes,ROV,Dive_1_T6,56.6,outer_reef,Sufflamen bursa,1,Feb_21_44248_Holmes_ROV_Dive_1_T6,0:03:20
Feb_21,21/2/2021,Holmes,ROV,Dive_1_T6,56.6,outer_reef,Monotaxis grandoculis,1,Feb_21_44248_Holmes_ROV_Dive_1_T6,0:03:20
Feb_21,21/2/2021,Holmes,ROV,Dive_1_T6,56.6,outer_reef,Naso caesius,3,Feb_21_44248_Holmes_ROV_Dive_1_T6,0:03:20
Feb_21,21/2/2021,Holmes,ROV,Dive_1_T7,56.6,outer_reef,Naso vlamingii,1,Feb_21_44248_Holmes_ROV_Dive_1_T7,0:03:20
Feb_21,21/2/2021,Holmes,ROV,Dive_1_T7,54.5,outer_reef,Chromis amboinensis,3,Feb_21_44248_Holmes_ROV_Dive_1_T7,0:03:20
Feb_21,21/2/2021,Holmes,ROV,Dive_1_T7,54.5,outer_reef,Chromis amboinensis,6,Feb_21_44248_Holmes_ROV_Dive_1_T7,0:03:20
Feb_21,21/2/2021,Holmes,ROV,Dive_1_T7,54.5,outer_reef,Acanthochromis polyacanthus,6,Feb_21_44248_Holmes_ROV_Dive_1_T7,0:03:20
Feb_21,21/2/2021,Holmes,ROV,Dive_1_T7,54.5,outer_reef,Acanthochromis polyacanthus,4,Feb_21_44248_Holmes_ROV_Dive_1_T7,0:03:20
Feb_21,21/2/2021,Holmes,ROV,Dive_1_T7,54.5,outer_reef,Acanthochromis polyacanthus,8,Feb_21_44248_Holmes_ROV_Dive_1_T7,0:03:20
Feb_21,21/2/2021,Holmes,ROV,Dive_1_T7,54.5,outer_reef,Chaetodon mertensii,1,Feb_21_44248_Holmes_ROV_Dive_1_T7,0:03:20
Feb_21,21/2/2021,Holmes,ROV,Dive_1_T7,54.5,outer_reef,Acanthochromis polyacanthus,8,Feb_21_44248_Holmes_ROV_Dive_1_T7,0:03:20
Feb_21,21/2/2021,Holmes,ROV,Dive_1_T7,54.5,outer_reef,Acanthochromis polyacanthus,5,Feb_21_44248_Holmes_ROV_Dive_1_T7,0:03:20
Feb_21,21/2/2021,Holmes,ROV,Dive_1_T7,54.5,outer_reef,Acanthochromis polyacanthus,5,Feb_21_44248_Holmes_ROV_Dive_1_T7,0:03:20
Feb_21,21/2/2021,Holmes,ROV,Dive_1_T7,54.5,outer_reef,Centropyge bicolor,1,Feb_21_44248_Holmes_ROV_Dive_1_T7,0:03:20
Feb_21,21/2/2021,Holmes,ROV,Dive_1_T7,54.5,outer_reef,Acanthochromis polyacanthus,4,Feb_21_44248_Holmes_ROV_Dive_1_T7,0:03:20
Feb_21,21/2/2021,Holmes,ROV,Dive_1_T7,54.5,outer_reef,Chromis xanthochira,1,Feb_21_44248_Holmes_ROV_Dive_1_T7,0:03:20
Feb_21,21/2/2021,Holmes,ROV,Dive_1_T7,54.5,outer_reef,Forcipiger flavissimus,2,Feb_21_44248_Holmes_ROV_Dive_1_T7,0:03:20
Feb_21,21/2/2021,Holmes,ROV,Dive_1_T7,54.5,outer_reef,Forcipiger flavissimus,1,Feb_21_44248_Holmes_ROV_Dive_1_T7,0:03:20
Feb_21,21/2/2021,Holmes,ROV,Dive_1_T7,54.5,outer_reef,Genicanthus melanospilos,1,Feb_21_44248_Holmes_ROV_Dive_1_T7,0:03:20
Feb_21,21/2/2021,Holmes,ROV,Dive_1_T7,54.5,outer_reef,Acanthochromis polyacanthus,6,Feb_21_44248_Holmes_ROV_Dive_1_T7,0:03:20
Feb_21,21/2/2021,Holmes,ROV,Dive_1_T7,54.5,outer_reef,Acanthurus thompsoni,4,Feb_21_44248_Holmes_ROV_Dive_1_T7,0:03:20
Feb_21,21/2/2021,Holmes,ROV,Dive_1_T7,54.5,outer_reef,Parupeneus multifasciatus,1,Feb_21_44248_Holmes_ROV_Dive_1_T7,0:03:20
Feb_21,21/2/2021,Holmes,ROV,Dive_1_T7,54.5,outer_reef,Parupeneus multifasciatus,1,Feb_21_44248_Holmes_ROV_Dive_1_T7,0:03:20
Feb_21,21/2/2021,Holmes,ROV,Dive_1_T7,54.5,outer_reef,Acanthurus thompsoni,3,Feb_21_44248_Holmes_ROV_Dive_1_T7,0:03:20
Feb_21,21/2/2021,Holmes,ROV,Dive_1_T7,54.5,outer_reef,Acanthurus thompsoni,4,Feb_21_44248_Holmes_ROV_Dive_1_T7,0:03:20
Feb_21,21/2/2021,Holmes,ROV,Dive_1_T7,54.5,outer_reef,Acanthurus pyroferus,1,Feb_21_44248_Holmes_ROV_Dive_1_T7,0:03:20
Feb_21,21/2/2021,Holmes,ROV,Dive_1_T7,54.5,outer_reef,Caesio cuning,2,Feb_21_44248_Holmes_ROV_Dive_1_T7,0:03:20
Feb_21,21/2/2021,Holmes,ROV,Dive_1_T7,54.5,outer_reef,Parupeneus multifasciatus,2,Feb_21_44248_Holmes_ROV_Dive_1_T7,0:03:20
Feb_21,21/2/2021,Holmes,ROV,Dive_1_T7,54.5,outer_reef,Oxycheilinus digramma,1,Feb_21_44248_Holmes_ROV_Dive_1_T7,0:03:20
Feb_21,21/2/2021,Holmes,ROV,Dive_1_T7,54.5,outer_reef,Balistoides conspicillum,1,Feb_21_44248_Holmes_ROV_Dive_1_T7,0:03:20
Feb_21,21/2/2021,Holmes,ROV,Dive_1_T7,54.5,outer_reef,Acanthurus xanthopterus,1,Feb_21_44248_Holmes_ROV_Dive_1_T7,0:03:20
Feb_21,21/2/2021,Holmes,ROV,Dive_1_T8,54.5,outer_reef,Scarus sp,1,Feb_21_44248_Holmes_ROV_Dive_1_T8,0:03:20
Feb_21,21/2/2021,Holmes,ROV,Dive_1_T8,46.6,outer_reef,Chromis amboinensis,12,Feb_21_44248_Holmes_ROV_Dive_1_T8,0:03:20
Feb_21,21/2/2021,Holmes,ROV,Dive_1_T8,46.6,outer_reef,Chromis amboinensis,3,Feb_21_44248_Holmes_ROV_Dive_1_T8,0:03:20
Feb_21,21/2/2021,Holmes,ROV,Dive_1_T8,46.6,outer_reef,Chromis amboinensis,5,Feb_21_44248_Holmes_ROV_Dive_1_T8,0:03:20
Feb_21,21/2/2021,Holmes,ROV,Dive_1_T8,46.6,outer_reef,Acanthochromis polyacanthus,5,Feb_21_44248_Holmes_ROV_Dive_1_T8,0:03:20
Feb_21,21/2/2021,Holmes,ROV,Dive_1_T8,46.6,outer_reef,Amblyglyphidodon aureus,1,Feb_21_44248_Holmes_ROV_Dive_1_T8,0:03:20
Feb_21,21/2/2021,Holmes,ROV,Dive_1_T8,46.6,outer_reef,Chromis xanthochira,1,Feb_21_44248_Holmes_ROV_Dive_1_T8,0:03:20
Feb_21,21/2/2021,Holmes,ROV,Dive_1_T8,46.6,outer_reef,Amblyglyphidodon leucogaster,1,Feb_21_44248_Holmes_ROV_Dive_1_T8,0:03:20
Feb_21,21/2/2021,Holmes,ROV,Dive_1_T8,46.6,outer_reef,Chromis xanthochira,2,Feb_21_44248_Holmes_ROV_Dive_1_T8,0:03:20
Feb_21,21/2/2021,Holmes,ROV,Dive_1_T8,46.6,outer_reef,Acanthurus thompsoni,8,Feb_21_44248_Holmes_ROV_Dive_1_T8,0:03:20
Feb_21,21/2/2021,Holmes,ROV,Dive_1_T8,46.6,outer_reef,Acanthurus thompsoni,3,Feb_21_44248_Holmes_ROV_Dive_1_T8,0:03:20
Feb_21,21/2/2021,Holmes,ROV,Dive_1_T8,46.6,outer_reef,Acanthurus thompsoni,3,Feb_21_44248_Holmes_ROV_Dive_1_T8,0:03:20
Feb_21,21/2/2021,Holmes,ROV,Dive_1_T8,46.6,outer_reef,Cephalopholis leopardus,1,Feb_21_44248_Holmes_ROV_Dive_1_T8,0:03:20
Feb_21,21/2/2021,Holmes,ROV,Dive_1_T8,46.6,outer_reef,Acanthurus thompsoni,5,Feb_21_44248_Holmes_ROV_Dive_1_T8,0:03:20
Feb_21,21/2/2021,Holmes,ROV,Dive_1_T8,46.6,outer_reef,Parupeneus multifasciatus,1,Feb_21_44248_Holmes_ROV_Dive_1_T8,0:03:20
Feb_21,21/2/2021,Holmes,ROV,Dive_1_T8,46.6,outer_reef,Parupeneus multifasciatus,1,Feb_21_44248_Holmes_ROV_Dive_1_T8,0:03:20
Feb_21,21/2/2021,Holmes,ROV,Dive_1_T8,46.6,outer_reef,Pseudodax moluccanus,1,Feb_21_44248_Holmes_ROV_Dive_1_T8,0:03:20
Feb_21,21/2/2021,Holmes,ROV,Dive_1_T8,46.6,outer_reef,Naso vlamingii,1,Feb_21_44248_Holmes_ROV_Dive_1_T8,0:03:20
Feb_21,21/2/2021,Holmes,ROV,Dive_1_T8,46.6,outer_reef,Centropyge sp,1,Feb_21_44248_Holmes_ROV_Dive_1_T8,0:03:20
Feb_21,21/2/2021,Holmes,ROV,Dive_1_T8,46.6,outer_reef,Myripristis sp,1,Feb_21_44248_Holmes_ROV_Dive_1_T8,0:03:20
Feb_21,21/2/2021,Holmes,ROV,Dive_1_T9,46.6,outer_reef,Myripristis sp,1,Feb_21_44248_Holmes_ROV_Dive_1_T9,0:03:20
Feb_21,21/2/2021,Holmes,ROV,Dive_1_T9,45,outer_reef,Chromis retrofasciata,3,Feb_21_44248_Holmes_ROV_Dive_1_T9,0:03:20
Feb_21,21/2/2021,Holmes,ROV,Dive_1_T9,45,outer_reef,Chromis amboinensis,14,Feb_21_44248_Holmes_ROV_Dive_1_T9,0:03:20
Feb_21,21/2/2021,Holmes,ROV,Dive_1_T9,45,outer_reef,Centropyge bispinosa,1,Feb_21_44248_Holmes_ROV_Dive_1_T9,0:03:20
Feb_21,21/2/2021,Holmes,ROV,Dive_1_T9,45,outer_reef,Amblyglyphidodon leucogaster,1,Feb_21_44248_Holmes_ROV_Dive_1_T9,0:03:20
Feb_21,21/2/2021,Holmes,ROV,Dive_1_T9,45,outer_reef,Amblyglyphidodon leucogaster,1,Feb_21_44248_Holmes_ROV_Dive_1_T9,0:03:20
Feb_21,21/2/2021,Holmes,ROV,Dive_1_T9,45,outer_reef,Acanthochromis polyacanthus,6,Feb_21_44248_Holmes_ROV_Dive_1_T9,0:03:20
Feb_21,21/2/2021,Holmes,ROV,Dive_1_T9,45,outer_reef,Acanthochromis polyacanthus,1,Feb_21_44248_Holmes_ROV_Dive_1_T9,0:03:20
Feb_21,21/2/2021,Holmes,ROV,Dive_1_T9,45,outer_reef,Pseudanthias pleurotaenia,5,Feb_21_44248_Holmes_ROV_Dive_1_T9,0:03:20
Feb_21,21/2/2021,Holmes,ROV,Dive_1_T9,45,outer_reef,Forcipiger flavissimus,2,Feb_21_44248_Holmes_ROV_Dive_1_T9,0:03:20
Feb_21,21/2/2021,Holmes,ROV,Dive_1_T9,45,outer_reef,Pygoplites diacanthus,1,Feb_21_44248_Holmes_ROV_Dive_1_T9,0:03:20
Feb_21,21/2/2021,Holmes,ROV,Dive_1_T9,45,outer_reef,Zebrasoma scopas,1,Feb_21_44248_Holmes_ROV_Dive_1_T9,0:03:20
Feb_21,21/2/2021,Holmes,ROV,Dive_1_T9,45,outer_reef,Acanthurus thompsoni,4,Feb_21_44248_Holmes_ROV_Dive_1_T9,0:03:20
Feb_21,21/2/2021,Holmes,ROV,Dive_1_T9,45,outer_reef,Cephalopholis leopardus,2,Feb_21_44248_Holmes_ROV_Dive_1_T9,0:03:20
Feb_21,21/2/2021,Holmes,ROV,Dive_1_T9,45,outer_reef,Pygoplites diacanthus,1,Feb_21_44248_Holmes_ROV_Dive_1_T9,0:03:20
Feb_21,21/2/2021,Holmes,ROV,Dive_1_T9,45,outer_reef,Parupeneus multifasciatus,1,Feb_21_44248_Holmes_ROV_Dive_1_T9,0:03:20
Feb_21,21/2/2021,Holmes,ROV,Dive_1_T9,45,outer_reef,Bodianus loxozonus,1,Feb_21_44248_Holmes_ROV_Dive_1_T9,0:03:20
Feb_21,21/2/2021,Holmes,ROV,Dive_1_T9,45,outer_reef,Bodianus loxozonus,1,Feb_21_44248_Holmes_ROV_Dive_1_T9,0:03:20
Feb_21,21/2/2021,Holmes,ROV,Dive_1_T9,45,outer_reef,Gymnocranius grandoculis,2,Feb_21_44248_Holmes_ROV_Dive_1_T9,0:03:20
Feb_21,21/2/2021,Holmes,ROV,Dive_1_T10,45,outer_reef,Acanthurus albipectoralis,2,Feb_21_44248_Holmes_ROV_Dive_1_T10,0:03:20
Feb_21,21/2/2021,Holmes,ROV,Dive_1_T10,37,outer_reef,Chromis retrofasciata,1,Feb_21_44248_Holmes_ROV_Dive_1_T10,0:03:20
Feb_21,21/2/2021,Holmes,ROV,Dive_1_T10,37,outer_reef,Chromis iomelas,4,Feb_21_44248_Holmes_ROV_Dive_1_T10,0:03:20
Feb_21,21/2/2021,Holmes,ROV,Dive_1_T10,37,outer_reef,Chromis iomelas,6,Feb_21_44248_Holmes_ROV_Dive_1_T10,0:03:20
Feb_21,21/2/2021,Holmes,ROV,Dive_1_T10,37,outer_reef,Chromis iomelas,1,Feb_21_44248_Holmes_ROV_Dive_1_T10,0:03:20
Feb_21,21/2/2021,Holmes,ROV,Dive_1_T10,37,outer_reef,Chromis amboinensis,4,Feb_21_44248_Holmes_ROV_Dive_1_T10,0:03:20
Feb_21,21/2/2021,Holmes,ROV,Dive_1_T10,37,outer_reef,Chromis iomelas,2,Feb_21_44248_Holmes_ROV_Dive_1_T10,0:03:20
Feb_21,21/2/2021,Holmes,ROV,Dive_1_T10,37,outer_reef,Chromis iomelas,3,Feb_21_44248_Holmes_ROV_Dive_1_T10,0:03:20
Feb_21,21/2/2021,Holmes,ROV,Dive_1_T10,37,outer_reef,Chromis amboinensis,5,Feb_21_44248_Holmes_ROV_Dive_1_T10,0:03:20
Feb_21,21/2/2021,Holmes,ROV,Dive_1_T10,37,outer_reef,Chrysiptera starcki,2,Feb_21_44248_Holmes_ROV_Dive_1_T10,0:03:20
Feb_21,21/2/2021,Holmes,ROV,Dive_1_T10,37,outer_reef,Acanthochromis polyacanthus,1,Feb_21_44248_Holmes_ROV_Dive_1_T10,0:03:20
Feb_21,21/2/2021,Holmes,ROV,Dive_1_T10,37,outer_reef,Centropyge heraldi,2,Feb_21_44248_Holmes_ROV_Dive_1_T10,0:03:20
Feb_21,21/2/2021,Holmes,ROV,Dive_1_T10,37,outer_reef,Chromis xanthochira,1,Feb_21_44248_Holmes_ROV_Dive_1_T10,0:03:20
Feb_21,21/2/2021,Holmes,ROV,Dive_1_T10,37,outer_reef,Chrysiptera starcki,1,Feb_21_44248_Holmes_ROV_Dive_1_T10,0:03:20
Feb_21,21/2/2021,Holmes,ROV,Dive_1_T10,37,outer_reef,Chromis agilis,1,Feb_21_44248_Holmes_ROV_Dive_1_T10,0:03:20
Feb_21,21/2/2021,Holmes,ROV,Dive_1_T10,37,outer_reef,Centropyge heraldi,2,Feb_21_44248_Holmes_ROV_Dive_1_T10,0:03:20
Feb_21,21/2/2021,Holmes,ROV,Dive_1_T10,37,outer_reef,Acanthurus nigrofuscus,1,Feb_21_44248_Holmes_ROV_Dive_1_T10,0:03:20
Feb_21,21/2/2021,Holmes,ROV,Dive_1_T10,37,outer_reef,Genicanthus melanospilos,1,Feb_21_44248_Holmes_ROV_Dive_1_T10,0:03:20
Feb_21,21/2/2021,Holmes,ROV,Dive_1_T10,37,outer_reef,Amblyglyphidodon aureus,1,Feb_21_44248_Holmes_ROV_Dive_1_T10,0:03:20
Feb_21,21/2/2021,Holmes,ROV,Dive_1_T10,37,outer_reef,Genicanthus melanospilos,4,Feb_21_44248_Holmes_ROV_Dive_1_T10,0:03:20
Feb_21,21/2/2021,Holmes,ROV,Dive_1_T10,37,outer_reef,Chromis xanthochira,1,Feb_21_44248_Holmes_ROV_Dive_1_T10,0:03:20
Feb_21,21/2/2021,Holmes,ROV,Dive_1_T10,37,outer_reef,Chromis xanthura,1,Feb_21_44248_Holmes_ROV_Dive_1_T10,0:03:20
Feb_21,21/2/2021,Holmes,ROV,Dive_1_T10,37,outer_reef,Chromis xanthochira,1,Feb_21_44248_Holmes_ROV_Dive_1_T10,0:03:20
Feb_21,21/2/2021,Holmes,ROV,Dive_1_T10,37,outer_reef,Chaetodon mertensii,3,Feb_21_44248_Holmes_ROV_Dive_1_T10,0:03:20
Feb_21,21/2/2021,Holmes,ROV,Dive_1_T10,37,outer_reef,Pseudanthias pleurotaenia,6,Feb_21_44248_Holmes_ROV_Dive_1_T10,0:03:20
Feb_21,21/2/2021,Holmes,ROV,Dive_1_T10,37,outer_reef,Acanthurus thompsoni,3,Feb_21_44248_Holmes_ROV_Dive_1_T10,0:03:20
Feb_21,21/2/2021,Holmes,ROV,Dive_1_T10,37,outer_reef,Acanthurus pyroferus,1,Feb_21_44248_Holmes_ROV_Dive_1_T10,0:03:20
Feb_21,21/2/2021,Holmes,ROV,Dive_1_T10,37,outer_reef,Zebrasoma scopas,1,Feb_21_44248_Holmes_ROV_Dive_1_T10,0:03:20
Feb_21,21/2/2021,Holmes,ROV,Dive_1_T10,37,outer_reef,Sufflamen bursa,1,Feb_21_44248_Holmes_ROV_Dive_1_T10,0:03:20
Feb_21,21/2/2021,Holmes,ROV,Dive_1_T10,37,outer_reef,Ctenochaetus striatus,2,Feb_21_44248_Holmes_ROV_Dive_1_T10,0:03:20
Feb_21,21/2/2021,Holmes,ROV,Dive_1_T10,37,outer_reef,Scarus longipinnis,1,Feb_21_44248_Holmes_ROV_Dive_1_T10,0:03:20
Feb_21,21/2/2021,Holmes,ROV,Dive_1_T10,37,outer_reef,Acanthurus pyroferus,2,Feb_21_44248_Holmes_ROV_Dive_1_T10,0:03:20
Feb_21,21/2/2021,Holmes,ROV,Dive_1_T10,37,outer_reef,Parupeneus multifasciatus,1,Feb_21_44248_Holmes_ROV_Dive_1_T10,0:03:20
Feb_21,21/2/2021,Holmes,ROV,Dive_1_T10,37,outer_reef,Sufflamen bursa,1,Feb_21_44248_Holmes_ROV_Dive_1_T10,0:03:20
Feb_21,21/2/2021,Holmes,ROV,Dive_1_T10,37,outer_reef,Acanthurus pyroferus,1,Feb_21_44248_Holmes_ROV_Dive_1_T10,0:03:20
Feb_21,21/2/2021,Holmes,ROV,Dive_1_T10,37,outer_reef,Acanthurus thompsoni,2,Feb_21_44248_Holmes_ROV_Dive_1_T10,0:03:20
Feb_21,21/2/2021,Holmes,ROV,Dive_1_T10,37,outer_reef,Acanthurus albipectoralis,1,Feb_21_44248_Holmes_ROV_Dive_1_T10,0:03:20
Feb_21,21/2/2021,Holmes,ROV,Dive_1_T11,37,outer_reef,Ctenochaetus sp,1,Feb_21_44248_Holmes_ROV_Dive_1_T11,0:03:20
Feb_21,21/2/2021,Holmes,ROV,Dive_1_T11,35,outer_reef,Chromis iomelas,4,Feb_21_44248_Holmes_ROV_Dive_1_T11,0:03:20
Feb_21,21/2/2021,Holmes,ROV,Dive_1_T11,35,outer_reef,Chromis iomelas,2,Feb_21_44248_Holmes_ROV_Dive_1_T11,0:03:20
Feb_21,21/2/2021,Holmes,ROV,Dive_1_T11,35,outer_reef,Chromis iomelas,4,Feb_21_44248_Holmes_ROV_Dive_1_T11,0:03:20
Feb_21,21/2/2021,Holmes,ROV,Dive_1_T11,35,outer_reef,Chrysiptera starcki,1,Feb_21_44248_Holmes_ROV_Dive_1_T11,0:03:20
Feb_21,21/2/2021,Holmes,ROV,Dive_1_T11,35,outer_reef,Chromis amboinensis,2,Feb_21_44248_Holmes_ROV_Dive_1_T11,0:03:20
Feb_21,21/2/2021,Holmes,ROV,Dive_1_T11,35,outer_reef,Labroides dimidiatus,1,Feb_21_44248_Holmes_ROV_Dive_1_T11,0:03:20
Feb_21,21/2/2021,Holmes,ROV,Dive_1_T11,35,outer_reef,Chromis amboinensis,5,Feb_21_44248_Holmes_ROV_Dive_1_T11,0:03:20
Feb_21,21/2/2021,Holmes,ROV,Dive_1_T11,35,outer_reef,Acanthochromis polyacanthus,2,Feb_21_44248_Holmes_ROV_Dive_1_T11,0:03:20
Feb_21,21/2/2021,Holmes,ROV,Dive_1_T11,35,outer_reef,Centropyge bicolor,1,Feb_21_44248_Holmes_ROV_Dive_1_T11,0:03:20
Feb_21,21/2/2021,Holmes,ROV,Dive_1_T11,35,outer_reef,Acanthochromis polyacanthus,2,Feb_21_44248_Holmes_ROV_Dive_1_T11,0:03:20
Feb_21,21/2/2021,Holmes,ROV,Dive_1_T11,35,outer_reef,Centropyge bispinosa,1,Feb_21_44248_Holmes_ROV_Dive_1_T11,0:03:20
Feb_21,21/2/2021,Holmes,ROV,Dive_1_T11,35,outer_reef,Acanthochromis polyacanthus,4,Feb_21_44248_Holmes_ROV_Dive_1_T11,0:03:20
Feb_21,21/2/2021,Holmes,ROV,Dive_1_T11,35,outer_reef,Centropyge heraldi,2,Feb_21_44248_Holmes_ROV_Dive_1_T11,0:03:20
Feb_21,21/2/2021,Holmes,ROV,Dive_1_T11,35,outer_reef,Amblyglyphidodon aureus,1,Feb_21_44248_Holmes_ROV_Dive_1_T11,0:03:20
Feb_21,21/2/2021,Holmes,ROV,Dive_1_T11,35,outer_reef,Centropyge heraldi,1,Feb_21_44248_Holmes_ROV_Dive_1_T11,0:03:20
Feb_21,21/2/2021,Holmes,ROV,Dive_1_T11,35,outer_reef,Amblyglyphidodon aureus,1,Feb_21_44248_Holmes_ROV_Dive_1_T11,0:03:20
Feb_21,21/2/2021,Holmes,ROV,Dive_1_T11,35,outer_reef,Amblyglyphidodon aureus,1,Feb_21_44248_Holmes_ROV_Dive_1_T11,0:03:20
Feb_21,21/2/2021,Holmes,ROV,Dive_1_T11,35,outer_reef,Genicanthus melanospilos,1,Feb_21_44248_Holmes_ROV_Dive_1_T11,0:03:20
Feb_21,21/2/2021,Holmes,ROV,Dive_1_T11,35,outer_reef,Ctenochaetus binotatus,2,Feb_21_44248_Holmes_ROV_Dive_1_T11,0:03:20
Feb_21,21/2/2021,Holmes,ROV,Dive_1_T11,35,outer_reef,Pseudanthias tuka,3,Feb_21_44248_Holmes_ROV_Dive_1_T11,0:03:20
Feb_21,21/2/2021,Holmes,ROV,Dive_1_T11,35,outer_reef,Chaetodon mertensii,2,Feb_21_44248_Holmes_ROV_Dive_1_T11,0:03:20
Feb_21,21/2/2021,Holmes,ROV,Dive_1_T11,35,outer_reef,Chaetodon kleinii,1,Feb_21_44248_Holmes_ROV_Dive_1_T11,0:03:20
Feb_21,21/2/2021,Holmes,ROV,Dive_1_T11,35,outer_reef,Amblyglyphidodon aureus,1,Feb_21_44248_Holmes_ROV_Dive_1_T11,0:03:20
Feb_21,21/2/2021,Holmes,ROV,Dive_1_T11,35,outer_reef,Ctenochaetus binotatus,2,Feb_21_44248_Holmes_ROV_Dive_1_T11,0:03:20
Feb_21,21/2/2021,Holmes,ROV,Dive_1_T11,35,outer_reef,Chaetodon mertensii,1,Feb_21_44248_Holmes_ROV_Dive_1_T11,0:03:20
Feb_21,21/2/2021,Holmes,ROV,Dive_1_T11,35,outer_reef,Acanthochromis polyacanthus,3,Feb_21_44248_Holmes_ROV_Dive_1_T11,0:03:20
Feb_21,21/2/2021,Holmes,ROV,Dive_1_T11,35,outer_reef,Ctenochaetus striatus,1,Feb_21_44248_Holmes_ROV_Dive_1_T11,0:03:20
Feb_21,21/2/2021,Holmes,ROV,Dive_1_T11,35,outer_reef,Amblyglyphidodon aureus,1,Feb_21_44248_Holmes_ROV_Dive_1_T11,0:03:20
Feb_21,21/2/2021,Holmes,ROV,Dive_1_T11,35,outer_reef,Chromis xanthochira,1,Feb_21_44248_Holmes_ROV_Dive_1_T11,0:03:20
Feb_21,21/2/2021,Holmes,ROV,Dive_1_T11,35,outer_reef,Paracirrhites forsteri,1,Feb_21_44248_Holmes_ROV_Dive_1_T11,0:03:20
Feb_21,21/2/2021,Holmes,ROV,Dive_1_T11,35,outer_reef,Myripristis kuntee,1,Feb_21_44248_Holmes_ROV_Dive_1_T11,0:03:20
Feb_21,21/2/2021,Holmes,ROV,Dive_1_T11,35,outer_reef,Parupeneus multifasciatus,1,Feb_21_44248_Holmes_ROV_Dive_1_T11,0:03:20
Feb_21,21/2/2021,Holmes,ROV,Dive_1_T11,35,outer_reef,Hemitaurichthys polylepis,3,Feb_21_44248_Holmes_ROV_Dive_1_T11,0:03:20
Feb_21,21/2/2021,Holmes,ROV,Dive_1_T11,35,outer_reef,Epinephelus fasciatus,1,Feb_21_44248_Holmes_ROV_Dive_1_T11,0:03:20
Feb_21,21/2/2021,Holmes,ROV,Dive_1_T11,35,outer_reef,Acanthurus thompsoni,1,Feb_21_44248_Holmes_ROV_Dive_1_T11,0:03:20
Feb_21,21/2/2021,Holmes,ROV,Dive_1_T11,35,outer_reef,Sargocentron diadema,1,Feb_21_44248_Holmes_ROV_Dive_1_T11,0:03:20
Feb_21,21/2/2021,Holmes,ROV,Dive_1_T11,35,outer_reef,Acanthurus nigroris,1,Feb_21_44248_Holmes_ROV_Dive_1_T11,0:03:20
Feb_21,21/2/2021,Holmes,ROV,Dive_1_T11,35,outer_reef,Parupeneus multifasciatus,1,Feb_21_44248_Holmes_ROV_Dive_1_T11,0:03:20
Feb_21,21/2/2021,Holmes,ROV,Dive_1_T11,35,outer_reef,Pterocaesio tile,6,Feb_21_44248_Holmes_ROV_Dive_1_T11,0:03:20
Feb_21,21/2/2021,Holmes,ROV,Dive_1_T11,35,outer_reef,Lutjanus kasmira,1,Feb_21_44248_Holmes_ROV_Dive_1_T11,0:03:20
Feb_21,21/2/2021,Holmes,ROV,Dive_1_T11,35,outer_reef,Sufflamen fraenatum,1,Feb_21_44248_Holmes_ROV_Dive_1_T11,0:03:20
Feb_21,21/2/2021,Holmes,ROV,Dive_1_T11,35,outer_reef,Scarus schlegeli,1,Feb_21_44248_Holmes_ROV_Dive_1_T11,0:03:20
Feb_21,21/2/2021,Holmes,ROV,Dive_1_T11,35,outer_reef,Acanthurus pyroferus,1,Feb_21_44248_Holmes_ROV_Dive_1_T11,0:03:20
Feb_21,21/2/2021,Holmes,ROV,Dive_1_T11,35,outer_reef,Naso lituratus,1,Feb_21_44248_Holmes_ROV_Dive_1_T11,0:03:20
Feb_21,21/2/2021,Holmes,ROV,Dive_1_T11,35,outer_reef,Acanthurus dussumieri,2,Feb_21_44248_Holmes_ROV_Dive_1_T11,0:03:20
Feb_21,21/2/2021,Holmes,ROV,Dive_1_T11,35,outer_reef,Hipposcarus longiceps,1,Feb_21_44248_Holmes_ROV_Dive_1_T11,0:03:20
Feb_21,21/2/2021,Holmes,ROV,Dive_1_T11,35,outer_reef,Acanthurus xanthopterus,1,Feb_21_44248_Holmes_ROV_Dive_1_T11,0:03:20
Feb_21,21/2/2021,Holmes,ROV,Dive_1_T11,35,outer_reef,Naso vlamingii,2,Feb_21_44248_Holmes_ROV_Dive_1_T11,0:03:20
Feb_21,21/2/2021,Holmes,ROV,Dive_1_T11,35,outer_reef,Triaenodon obesus,1,Feb_21_44248_Holmes_ROV_Dive_1_T11,0:03:20
Feb_21,21/2/2021,Holmes,ROV,Dive_1_T11,35,outer_reef,Stegastes sp,1,Feb_21_44248_Holmes_ROV_Dive_1_T11,0:03:20
Feb_21,21/2/2021,Holmes,ROV,Dive_1_T11,35,outer_reef,Acanthurus sp,2,Feb_21_44248_Holmes_ROV_Dive_1_T11,0:03:20
Feb_21,21/2/2021,Holmes,ROV,Dive_1_T11,35,outer_reef,Scarus sp,1,Feb_21_44248_Holmes_ROV_Dive_1_T11,0:03:20
Feb_21,21/2/2021,Holmes,ROV,Dive_1_T11,35,outer_reef,Scarus sp,3,Feb_21_44248_Holmes_ROV_Dive_1_T11,0:03:20
Feb_21,21/2/2021,Holmes,ROV,Dive_1_T12,35,outer_reef,Scarus sp,4,Feb_21_44248_Holmes_ROV_Dive_1_T12,0:03:20
Feb_21,21/2/2021,Holmes,ROV,Dive_1_T12,31.2,outer_reef,Chromis iomelas,6,Feb_21_44248_Holmes_ROV_Dive_1_T12,0:03:20
Feb_21,21/2/2021,Holmes,ROV,Dive_1_T12,31.2,outer_reef,Centropyge bispinosa,1,Feb_21_44248_Holmes_ROV_Dive_1_T12,0:03:20
Feb_21,21/2/2021,Holmes,ROV,Dive_1_T12,31.2,outer_reef,Chaetodon mertensii,1,Feb_21_44248_Holmes_ROV_Dive_1_T12,0:03:20
Feb_21,21/2/2021,Holmes,ROV,Dive_1_T12,31.2,outer_reef,Chaetodon ulietensis,1,Feb_21_44248_Holmes_ROV_Dive_1_T12,0:03:20
Feb_21,21/2/2021,Holmes,ROV,Dive_1_T12,31.2,outer_reef,Sufflamen chrysopterum,1,Feb_21_44248_Holmes_ROV_Dive_1_T12,0:03:20
Feb_21,21/2/2021,Holmes,ROV,Dive_1_T12,31.2,outer_reef,Acanthurus olivaceus,1,Feb_21_44248_Holmes_ROV_Dive_1_T12,0:03:20
Feb_21,21/2/2021,Holmes,ROV,Dive_1_T12,31.2,outer_reef,Parupeneus multifasciatus,1,Feb_21_44248_Holmes_ROV_Dive_1_T12,0:03:20
Feb_21,21/2/2021,Holmes,ROV,Dive_1_T12,31.2,outer_reef,Sufflamen chrysopterum,1,Feb_21_44248_Holmes_ROV_Dive_1_T12,0:03:20
Feb_21,21/2/2021,Holmes,ROV,Dive_1_T12,31.2,outer_reef,Scarus schlegeli,2,Feb_21_44248_Holmes_ROV_Dive_1_T12,0:03:20
Feb_21,21/2/2021,Holmes,ROV,Dive_1_T12,31.2,outer_reef,Bodianus loxozonus,1,Feb_21_44248_Holmes_ROV_Dive_1_T12,0:03:20
Feb_21,21/2/2021,Holmes,ROV,Dive_1_T12,31.2,outer_reef,Acanthurus xanthopterus,1,Feb_21_44248_Holmes_ROV_Dive_1_T12,0:03:20
Feb_21,21/2/2021,Holmes,ROV,Dive_1_T12,31.2,outer_reef,Acanthurus xanthopterus,1,Feb_21_44248_Holmes_ROV_Dive_1_T12,0:03:20
Feb_21,21/2/2021,Holmes,ROV,Dive_1_T12,31.2,outer_reef,Plectropomus areolatus,1,Feb_21_44248_Holmes_ROV_Dive_1_T12,0:03:20
Feb_21,21/2/2021,Holmes,ROV,Dive_1_T12,31.2,outer_reef,Plectropomus leopardus,1,Feb_21_44248_Holmes_ROV_Dive_1_T12,0:03:20
Feb_21,21/2/2021,Holmes,ROV,Dive_1_T12,31.2,outer_reef,Carcharhinus amblyrhynchos,1,Feb_21_44248_Holmes_ROV_Dive_1_T12,0:03:20
Feb_21,21/2/2021,Holmes,ROV,Dive_1_T13,31.2,outer_reef,Hoplolatilus sp,1,Feb_21_44248_Holmes_ROV_Dive_1_T13,0:03:20
Feb_21,21/2/2021,Holmes,ROV,Dive_1_T13,28,outer_reef,Chromis iomelas,1,Feb_21_44248_Holmes_ROV_Dive_1_T13,0:03:20
Feb_21,21/2/2021,Holmes,ROV,Dive_1_T13,28,outer_reef,Dascyllus reticulatus,6,Feb_21_44248_Holmes_ROV_Dive_1_T13,0:03:20
Feb_21,21/2/2021,Holmes,ROV,Dive_1_T13,28,outer_reef,Centropyge heraldi,1,Feb_21_44248_Holmes_ROV_Dive_1_T13,0:03:20
Feb_21,21/2/2021,Holmes,ROV,Dive_1_T13,28,outer_reef,Centropyge bicolor,3,Feb_21_44248_Holmes_ROV_Dive_1_T13,0:03:20
Feb_21,21/2/2021,Holmes,ROV,Dive_1_T13,28,outer_reef,Nemateleotris magnifica,1,Feb_21_44248_Holmes_ROV_Dive_1_T13,0:03:20
Feb_21,21/2/2021,Holmes,ROV,Dive_1_T13,28,outer_reef,Labroides dimidiatus,1,Feb_21_44248_Holmes_ROV_Dive_1_T13,0:03:20
Feb_21,21/2/2021,Holmes,ROV,Dive_1_T13,28,outer_reef,Paracirrhites forsteri,1,Feb_21_44248_Holmes_ROV_Dive_1_T13,0:03:20
Feb_21,21/2/2021,Holmes,ROV,Dive_1_T13,28,outer_reef,Labroides dimidiatus,1,Feb_21_44248_Holmes_ROV_Dive_1_T13,0:03:20
Feb_21,21/2/2021,Holmes,ROV,Dive_1_T13,28,outer_reef,Chaetodon mertensii,2,Feb_21_44248_Holmes_ROV_Dive_1_T13,0:03:20
Feb_21,21/2/2021,Holmes,ROV,Dive_1_T13,28,outer_reef,Labroides dimidiatus,1,Feb_21_44248_Holmes_ROV_Dive_1_T13,0:03:20
Feb_21,21/2/2021,Holmes,ROV,Dive_1_T13,28,outer_reef,Ctenochaetus binotatus,3,Feb_21_44248_Holmes_ROV_Dive_1_T13,0:03:20
Feb_21,21/2/2021,Holmes,ROV,Dive_1_T13,28,outer_reef,Centropyge flavissima,1,Feb_21_44248_Holmes_ROV_Dive_1_T13,0:03:20
Feb_21,21/2/2021,Holmes,ROV,Dive_1_T13,28,outer_reef,Chromis weberi,1,Feb_21_44248_Holmes_ROV_Dive_1_T13,0:03:20
Feb_21,21/2/2021,Holmes,ROV,Dive_1_T13,28,outer_reef,Sufflamen chrysopterum,1,Feb_21_44248_Holmes_ROV_Dive_1_T13,0:03:20
Feb_21,21/2/2021,Holmes,ROV,Dive_1_T13,28,outer_reef,Sufflamen chrysopterum,1,Feb_21_44248_Holmes_ROV_Dive_1_T13,0:03:20
Feb_21,21/2/2021,Holmes,ROV,Dive_1_T13,28,outer_reef,Sufflamen chrysopterum,1,Feb_21_44248_Holmes_ROV_Dive_1_T13,0:03:20
Feb_21,21/2/2021,Holmes,ROV,Dive_1_T13,28,outer_reef,Acanthurus pyroferus,1,Feb_21_44248_Holmes_ROV_Dive_1_T13,0:03:20
Feb_21,21/2/2021,Holmes,ROV,Dive_1_T13,28,outer_reef,Ctenochaetus striatus,4,Feb_21_44248_Holmes_ROV_Dive_1_T13,0:03:20
Feb_21,21/2/2021,Holmes,ROV,Dive_1_T13,28,outer_reef,Acanthurus pyroferus,1,Feb_21_44248_Holmes_ROV_Dive_1_T13,0:03:20
Feb_21,21/2/2021,Holmes,ROV,Dive_1_T13,28,outer_reef,Heniochus monoceros,2,Feb_21_44248_Holmes_ROV_Dive_1_T13,0:03:20
Feb_21,21/2/2021,Holmes,ROV,Dive_1_T13,28,outer_reef,Acanthurus olivaceus,3,Feb_21_44248_Holmes_ROV_Dive_1_T13,0:03:20
Feb_21,21/2/2021,Holmes,ROV,Dive_1_T13,28,outer_reef,Acanthurus albipectoralis,1,Feb_21_44248_Holmes_ROV_Dive_1_T13,0:03:20
Feb_21,21/2/2021,Holmes,ROV,Dive_1_T13,28,outer_reef,Scarus schlegeli,2,Feb_21_44248_Holmes_ROV_Dive_1_T13,0:03:20
Feb_21,21/2/2021,Holmes,ROV,Dive_1_T13,28,outer_reef,Scarus chameleon,1,Feb_21_44248_Holmes_ROV_Dive_1_T13,0:03:20
Feb_21,21/2/2021,Holmes,ROV,Dive_1_T13,28,outer_reef,Malacanthus latovittatus,1,Feb_21_44248_Holmes_ROV_Dive_1_T13,0:03:20
Feb_21,21/2/2021,Holmes,ROV,Dive_1_T13,28,outer_reef,Parupeneus multifasciatus,1,Feb_21_44248_Holmes_ROV_Dive_1_T13,0:03:20
Feb_21,21/2/2021,Holmes,ROV,Dive_1_T13,28,outer_reef,Acanthurus grammoptilus,1,Feb_21_44248_Holmes_ROV_Dive_1_T13,0:03:20
Feb_21,21/2/2021,Holmes,ROV,Dive_1_T13,28,outer_reef,Naso vlamingii,1,Feb_21_44248_Holmes_ROV_Dive_1_T13,0:03:20
Feb_21,21/2/2021,Holmes,ROV,Dive_1_T13,28,outer_reef,Lutjanus bohar,1,Feb_21_44248_Holmes_ROV_Dive_1_T13,0:03:20
Feb_21,21/2/2021,Holmes,ROV,Dive_1_T13,28,outer_reef,Lutjanus bohar,1,Feb_21_44248_Holmes_ROV_Dive_1_T13,0:03:20
Feb_21,21/2/2021,Holmes,ROV,Dive_1_T13,28,outer_reef,Carcharhinus albimarginatus,1,Feb_21_44248_Holmes_ROV_Dive_1_T13,0:03:20
Feb_21,21/2/2021,Holmes,ROV,Dive_2_T1,28,outer_reef,Halichoeres sp,1,Feb_21_44248_Holmes_ROV_Dive_2_T1,0:03:20
Oct_21,10/26/2021,Holmes,ROV,Dive_2_T1,95,outer_slope,Xanthichthys auromarginatus,1,Oct_21_10/26/2021_Holmes_ROV_Dive_2_T1,0:03:20
Oct_21,10/26/2021,Holmes,ROV,Dive_2_T1,95,outer_slope,Xanthichthys auromarginatus,1,Oct_21_10/26/2021_Holmes_ROV_Dive_2_T1,0:03:20
Oct_21,10/26/2021,Holmes,ROV,Dive_2_T1,95,outer_slope,Xanthichthys auromarginatus,1,Oct_21_10/26/2021_Holmes_ROV_Dive_2_T1,0:03:20
Oct_21,10/26/2021,Holmes,ROV,Dive_2_T1,95,outer_slope,Pseudanthias sp,1,Oct_21_10/26/2021_Holmes_ROV_Dive_2_T1,0:03:20
Oct_21,10/26/2021,Holmes,ROV,Dive_2_T1,95,outer_slope,Pseudanthias sp,1,Oct_21_10/26/2021_Holmes_ROV_Dive_2_T1,0:03:20
Oct_21,10/26/2021,Holmes,ROV,Dive_2_T1,95,outer_slope,Pseudanthias sp,1,Oct_21_10/26/2021_Holmes_ROV_Dive_2_T1,0:03:20
Oct_21,10/26/2021,Holmes,ROV,Dive_2_T2,95,outer_slope,Pseudanthias sp,1,Oct_21_10/26/2021_Holmes_ROV_Dive_2_T2,0:03:20
Oct_21,10/26/2021,Holmes,ROV,Dive_2_T2,91,outer_slope,Chaetodon ephippium,1,Oct_21_10/26/2021_Holmes_ROV_Dive_2_T2,0:03:20
Oct_21,10/26/2021,Holmes,ROV,Dive_2_T2,91,outer_slope,Naso hexacanthus,1,Oct_21_10/26/2021_Holmes_ROV_Dive_2_T2,0:03:20
Oct_21,10/26/2021,Holmes,ROV,Dive_2_T2,91,outer_slope,Genicanthus melanospilos,1,Oct_21_10/26/2021_Holmes_ROV_Dive_2_T2,0:03:20
Oct_21,10/26/2021,Holmes,ROV,Dive_2_T3,91,outer_slope,Xanthichthys auromarginatus,1,Oct_21_10/26/2021_Holmes_ROV_Dive_2_T3,0:03:20
Oct_21,10/26/2021,Holmes,ROV,Dive_2_T3,85,outer_slope,Xanthichthys auromarginatus,1,Oct_21_10/26/2021_Holmes_ROV_Dive_2_T3,0:03:20
Oct_21,10/26/2021,Holmes,ROV,Dive_2_T3,85,outer_slope,Xanthichthys auromarginatus,1,Oct_21_10/26/2021_Holmes_ROV_Dive_2_T3,0:03:20
Oct_21,10/26/2021,Holmes,ROV,Dive_2_T3,85,outer_slope,Xanthichthys auromarginatus,1,Oct_21_10/26/2021_Holmes_ROV_Dive_2_T3,0:03:20
Oct_21,10/26/2021,Holmes,ROV,Dive_2_T3,85,outer_slope,Xanthichthys auromarginatus,1,Oct_21_10/26/2021_Holmes_ROV_Dive_2_T3,0:03:20
Oct_21,10/26/2021,Holmes,ROV,Dive_2_T4,85,outer_slope,Sphyraena sp,1,Oct_21_10/26/2021_Holmes_ROV_Dive_2_T4,0:03:20
Oct_21,10/26/2021,Holmes,ROV,Dive_2_T4,81,outer_slope,Lutjanus argentimaculatus,1,Oct_21_10/26/2021_Holmes_ROV_Dive_2_T4,0:03:20
Oct_21,10/26/2021,Holmes,ROV,Dive_2_T4,81,outer_slope,Xanthichthys auromarginatus,1,Oct_21_10/26/2021_Holmes_ROV_Dive_2_T4,0:03:20
Oct_21,10/26/2021,Holmes,ROV,Dive_2_T4,81,outer_slope,Chromis margaritifer,1,Oct_21_10/26/2021_Holmes_ROV_Dive_2_T4,0:03:20
Oct_21,10/26/2021,Holmes,ROV,Dive_2_T4,81,outer_slope,Nemateleotris magnifica,1,Oct_21_10/26/2021_Holmes_ROV_Dive_2_T4,0:03:20
Oct_21,10/26/2021,Holmes,ROV,Dive_2_T4,81,outer_slope,Cephalopholis microprion,1,Oct_21_10/26/2021_Holmes_ROV_Dive_2_T4,0:03:20
Oct_21,10/26/2021,Holmes,ROV,Dive_2_T4,81,outer_slope,Nemateleotris magnifica,1,Oct_21_10/26/2021_Holmes_ROV_Dive_2_T4,0:03:20
Oct_21,10/26/2021,Holmes,ROV,Dive_2_T5,81,outer_slope,Nemateleotris magnifica,1,Oct_21_10/26/2021_Holmes_ROV_Dive_2_T5,0:03:20
Oct_21,10/26/2021,Holmes,ROV,Dive_2_T5,75,outer_slope,Xanthichthys auromarginatus,1,Oct_21_10/26/2021_Holmes_ROV_Dive_2_T5,0:03:20
Oct_21,10/26/2021,Holmes,ROV,Dive_2_T5,75,outer_slope,Chromis margaritifer,1,Oct_21_10/26/2021_Holmes_ROV_Dive_2_T5,0:03:20
Oct_21,10/26/2021,Holmes,ROV,Dive_2_T5,75,outer_slope,Pseudanthias tuka,1,Oct_21_10/26/2021_Holmes_ROV_Dive_2_T5,0:03:20
Oct_21,10/26/2021,Holmes,ROV,Dive_2_T5,75,outer_slope,Pseudanthias tuka,1,Oct_21_10/26/2021_Holmes_ROV_Dive_2_T5,0:03:20
Oct_21,10/26/2021,Holmes,ROV,Dive_2_T5,75,outer_slope,Pseudanthias tuka,1,Oct_21_10/26/2021_Holmes_ROV_Dive_2_T5,0:03:20
Oct_21,10/26/2021,Holmes,ROV,Dive_2_T5,75,outer_slope,Genicanthus watanabei,1,Oct_21_10/26/2021_Holmes_ROV_Dive_2_T5,0:03:20
Oct_21,10/26/2021,Holmes,ROV,Dive_2_T5,75,outer_slope,Pseudanthias sp,1,Oct_21_10/26/2021_Holmes_ROV_Dive_2_T5,0:03:20
Oct_21,10/26/2021,Holmes,ROV,Dive_2_T6,75,outer_slope,Pseudanthias sp,1,Oct_21_10/26/2021_Holmes_ROV_Dive_2_T6,0:03:20
Oct_21,10/26/2021,Holmes,ROV,Dive_2_T6,71,outer_slope,Xanthichthys auromarginatus,1,Oct_21_10/26/2021_Holmes_ROV_Dive_2_T6,0:03:20
Oct_21,10/26/2021,Holmes,ROV,Dive_2_T6,71,outer_slope,Centropyge heraldi,1,Oct_21_10/26/2021_Holmes_ROV_Dive_2_T6,0:03:20
Oct_21,10/26/2021,Holmes,ROV,Dive_2_T6,71,outer_slope,Genicanthus melanospilos,1,Oct_21_10/26/2021_Holmes_ROV_Dive_2_T6,0:03:20
Oct_21,10/26/2021,Holmes,ROV,Dive_2_T6,71,outer_slope,Genicanthus melanospilos,1,Oct_21_10/26/2021_Holmes_ROV_Dive_2_T6,0:03:20
Oct_21,10/26/2021,Holmes,ROV,Dive_2_T6,71,outer_slope,Genicanthus melanospilos,1,Oct_21_10/26/2021_Holmes_ROV_Dive_2_T6,0:03:20
Oct_21,10/26/2021,Holmes,ROV,Dive_2_T6,71,outer_slope,Lutjanus vitta,1,Oct_21_10/26/2021_Holmes_ROV_Dive_2_T6,0:03:20
Oct_21,10/26/2021,Holmes,ROV,Dive_2_T6,71,outer_slope,Chromis ternatensis,1,Oct_21_10/26/2021_Holmes_ROV_Dive_2_T6,0:03:20
Oct_21,10/26/2021,Holmes,ROV,Dive_2_T6,71,outer_slope,Chromis ternatensis,1,Oct_21_10/26/2021_Holmes_ROV_Dive_2_T6,0:03:20
Oct_21,10/26/2021,Holmes,ROV,Dive_2_T6,71,outer_slope,Genicanthus watanabei,1,Oct_21_10/26/2021_Holmes_ROV_Dive_2_T6,0:03:20
Oct_21,10/26/2021,Holmes,ROV,Dive_2_T6,71,outer_slope,Genicanthus watanabei,1,Oct_21_10/26/2021_Holmes_ROV_Dive_2_T6,0:03:20
Oct_21,10/26/2021,Holmes,ROV,Dive_2_T6,71,outer_slope,Genicanthus watanabei,1,Oct_21_10/26/2021_Holmes_ROV_Dive_2_T6,0:03:20
Oct_21,10/26/2021,Holmes,ROV,Dive_2_T6,71,outer_slope,Genicanthus watanabei,1,Oct_21_10/26/2021_Holmes_ROV_Dive_2_T6,0:03:20
Oct_21,10/26/2021,Holmes,ROV,Dive_2_T6,71,outer_slope,Genicanthus watanabei,1,Oct_21_10/26/2021_Holmes_ROV_Dive_2_T6,0:03:20
Oct_21,10/26/2021,Holmes,ROV,Dive_2_T6,71,outer_slope,Genicanthus watanabei,1,Oct_21_10/26/2021_Holmes_ROV_Dive_2_T6,0:03:20
Oct_21,10/26/2021,Holmes,ROV,Dive_2_T6,71,outer_slope,Genicanthus watanabei,1,Oct_21_10/26/2021_Holmes_ROV_Dive_2_T6,0:03:20
Oct_21,10/26/2021,Holmes,ROV,Dive_2_T6,71,outer_slope,Genicanthus watanabei,1,Oct_21_10/26/2021_Holmes_ROV_Dive_2_T6,0:03:20
Oct_21,10/26/2021,Holmes,ROV,Dive_2_T6,71,outer_slope,Genicanthus watanabei,1,Oct_21_10/26/2021_Holmes_ROV_Dive_2_T6,0:03:20
Oct_21,10/26/2021,Holmes,ROV,Dive_2_T6,71,outer_slope,Genicanthus watanabei,1,Oct_21_10/26/2021_Holmes_ROV_Dive_2_T6,0:03:20
Oct_21,10/26/2021,Holmes,ROV,Dive_2_T6,71,outer_slope,Genicanthus watanabei,1,Oct_21_10/26/2021_Holmes_ROV_Dive_2_T6,0:03:20
Oct_21,10/26/2021,Holmes,ROV,Dive_2_T6,71,outer_slope,Genicanthus watanabei,1,Oct_21_10/26/2021_Holmes_ROV_Dive_2_T6,0:03:20
Oct_21,10/26/2021,Holmes,ROV,Dive_2_T6,71,outer_slope,Genicanthus watanabei,1,Oct_21_10/26/2021_Holmes_ROV_Dive_2_T6,0:03:20
Oct_21,10/26/2021,Holmes,ROV,Dive_2_T6,71,outer_slope,Genicanthus watanabei,1,Oct_21_10/26/2021_Holmes_ROV_Dive_2_T6,0:03:20
Oct_21,10/26/2021,Holmes,ROV,Dive_2_T6,71,outer_slope,Genicanthus watanabei,1,Oct_21_10/26/2021_Holmes_ROV_Dive_2_T6,0:03:20
Oct_21,10/26/2021,Holmes,ROV,Dive_2_T6,71,outer_slope,Genicanthus watanabei,1,Oct_21_10/26/2021_Holmes_ROV_Dive_2_T6,0:03:20
Oct_21,10/26/2021,Holmes,ROV,Dive_2_T7,71,outer_slope,Genicanthus watanabei,1,Oct_21_10/26/2021_Holmes_ROV_Dive_2_T7,0:03:20
Oct_21,10/26/2021,Holmes,ROV,Dive_2_T7,65,outer_slope,Genicanthus watanabei,1,Oct_21_10/26/2021_Holmes_ROV_Dive_2_T7,0:03:20
Oct_21,10/26/2021,Holmes,ROV,Dive_2_T7,65,outer_slope,Genicanthus watanabei,1,Oct_21_10/26/2021_Holmes_ROV_Dive_2_T7,0:03:20
Oct_21,10/26/2021,Holmes,ROV,Dive_2_T7,65,outer_slope,Genicanthus watanabei,1,Oct_21_10/26/2021_Holmes_ROV_Dive_2_T7,0:03:20
Oct_21,10/26/2021,Holmes,ROV,Dive_2_T7,65,outer_slope,Caranx melampygus,1,Oct_21_10/26/2021_Holmes_ROV_Dive_2_T7,0:03:20
Oct_21,10/26/2021,Holmes,ROV,Dive_2_T7,65,outer_slope,Bodianus mesothorax,1,Oct_21_10/26/2021_Holmes_ROV_Dive_2_T7,0:03:20
Oct_21,10/26/2021,Holmes,ROV,Dive_2_T7,65,outer_slope,Genicanthus watanabei,1,Oct_21_10/26/2021_Holmes_ROV_Dive_2_T7,0:03:20
Oct_21,10/26/2021,Holmes,ROV,Dive_2_T7,65,outer_slope,Genicanthus watanabei,1,Oct_21_10/26/2021_Holmes_ROV_Dive_2_T7,0:03:20
Oct_21,10/26/2021,Holmes,ROV,Dive_2_T7,65,outer_slope,Caranx melampygus,1,Oct_21_10/26/2021_Holmes_ROV_Dive_2_T7,0:03:20
Oct_21,10/26/2021,Holmes,ROV,Dive_2_T7,65,outer_slope,Genicanthus watanabei,1,Oct_21_10/26/2021_Holmes_ROV_Dive_2_T7,0:03:20
Oct_21,10/26/2021,Holmes,ROV,Dive_2_T7,65,outer_slope,Genicanthus watanabei,1,Oct_21_10/26/2021_Holmes_ROV_Dive_2_T7,0:03:20
Oct_21,10/26/2021,Holmes,ROV,Dive_2_T7,65,outer_slope,Caranx melampygus,1,Oct_21_10/26/2021_Holmes_ROV_Dive_2_T7,0:03:20
Oct_21,10/26/2021,Holmes,ROV,Dive_2_T7,65,outer_slope,Caranx melampygus,1,Oct_21_10/26/2021_Holmes_ROV_Dive_2_T7,0:03:20
Oct_21,10/26/2021,Holmes,ROV,Dive_2_T7,65,outer_slope,Pseudanthias pleurotaenia,1,Oct_21_10/26/2021_Holmes_ROV_Dive_2_T7,0:03:20
Oct_21,10/26/2021,Holmes,ROV,Dive_2_T7,65,outer_slope,Pseudanthias pleurotaenia,1,Oct_21_10/26/2021_Holmes_ROV_Dive_2_T7,0:03:20
Oct_21,10/26/2021,Holmes,ROV,Dive_2_T7,65,outer_slope,Pseudanthias pleurotaenia,1,Oct_21_10/26/2021_Holmes_ROV_Dive_2_T7,0:03:20
Oct_21,10/26/2021,Holmes,ROV,Dive_2_T7,65,outer_slope,Pseudanthias pleurotaenia,1,Oct_21_10/26/2021_Holmes_ROV_Dive_2_T7,0:03:20
Oct_21,10/26/2021,Holmes,ROV,Dive_2_T7,65,outer_slope,Pseudanthias pleurotaenia,1,Oct_21_10/26/2021_Holmes_ROV_Dive_2_T7,0:03:20
Oct_21,10/26/2021,Holmes,ROV,Dive_2_T7,65,outer_slope,Pseudanthias pleurotaenia,1,Oct_21_10/26/2021_Holmes_ROV_Dive_2_T7,0:03:20
Oct_21,10/26/2021,Holmes,ROV,Dive_2_T7,65,outer_slope,Pseudanthias pleurotaenia,1,Oct_21_10/26/2021_Holmes_ROV_Dive_2_T7,0:03:20
Oct_21,10/26/2021,Holmes,ROV,Dive_2_T7,65,outer_slope,Pseudanthias pleurotaenia,1,Oct_21_10/26/2021_Holmes_ROV_Dive_2_T7,0:03:20
Oct_21,10/26/2021,Holmes,ROV,Dive_2_T7,65,outer_slope,Parupeneus multifasciatus,1,Oct_21_10/26/2021_Holmes_ROV_Dive_2_T7,0:03:20
Oct_21,10/26/2021,Holmes,ROV,Dive_2_T7,65,outer_slope,Genicanthus watanabei,1,Oct_21_10/26/2021_Holmes_ROV_Dive_2_T7,0:03:20
Oct_21,10/26/2021,Holmes,ROV,Dive_2_T7,65,outer_slope,Genicanthus watanabei,1,Oct_21_10/26/2021_Holmes_ROV_Dive_2_T7,0:03:20
Oct_21,10/26/2021,Holmes,ROV,Dive_2_T8,65,outer_slope,Genicanthus watanabei,1,Oct_21_10/26/2021_Holmes_ROV_Dive_2_T8,0:03:20
Oct_21,10/26/2021,Holmes,ROV,Dive_2_T8,63,outer_slope,Parupeneus multifasciatus,1,Oct_21_10/26/2021_Holmes_ROV_Dive_2_T8,0:03:20
Oct_21,10/26/2021,Holmes,ROV,Dive_2_T8,63,outer_slope,Pseudanthias pleurotaenia,1,Oct_21_10/26/2021_Holmes_ROV_Dive_2_T8,0:03:20
Oct_21,10/26/2021,Holmes,ROV,Dive_2_T8,63,outer_slope,Pseudanthias pleurotaenia,1,Oct_21_10/26/2021_Holmes_ROV_Dive_2_T8,0:03:20
Oct_21,10/26/2021,Holmes,ROV,Dive_2_T8,63,outer_slope,Pseudanthias pleurotaenia,1,Oct_21_10/26/2021_Holmes_ROV_Dive_2_T8,0:03:20
Oct_21,10/26/2021,Holmes,ROV,Dive_2_T8,63,outer_slope,Pseudanthias pleurotaenia,1,Oct_21_10/26/2021_Holmes_ROV_Dive_2_T8,0:03:20
Oct_21,10/26/2021,Holmes,ROV,Dive_2_T8,63,outer_slope,Pseudanthias pleurotaenia,1,Oct_21_10/26/2021_Holmes_ROV_Dive_2_T8,0:03:20
Oct_21,10/26/2021,Holmes,ROV,Dive_2_T8,63,outer_slope,Genicanthus melanospilos,1,Oct_21_10/26/2021_Holmes_ROV_Dive_2_T8,0:03:20
Oct_21,10/26/2021,Holmes,ROV,Dive_2_T8,63,outer_slope,Pseudanthias pleurotaenia,1,Oct_21_10/26/2021_Holmes_ROV_Dive_2_T8,0:03:20
Oct_21,10/26/2021,Holmes,ROV,Dive_2_T8,63,outer_slope,Genicanthus melanospilos,1,Oct_21_10/26/2021_Holmes_ROV_Dive_2_T8,0:03:20
Oct_21,10/26/2021,Holmes,ROV,Dive_2_T8,63,outer_slope,Pseudanthias pleurotaenia,1,Oct_21_10/26/2021_Holmes_ROV_Dive_2_T8,0:03:20
Oct_21,10/26/2021,Holmes,ROV,Dive_2_T8,63,outer_slope,Pseudanthias pleurotaenia,1,Oct_21_10/26/2021_Holmes_ROV_Dive_2_T8,0:03:20
Oct_21,10/26/2021,Holmes,ROV,Dive_2_T8,63,outer_slope,Pseudanthias pleurotaenia,1,Oct_21_10/26/2021_Holmes_ROV_Dive_2_T8,0:03:20
Oct_21,10/26/2021,Holmes,ROV,Dive_2_T9,63,outer_slope,Naso hexacanthus,1,Oct_21_10/26/2021_Holmes_ROV_Dive_2_T9,0:03:20
Oct_21,10/26/2021,Holmes,ROV,Dive_2_T9,56,outer_slope,Naso hexacanthus,1,Oct_21_10/26/2021_Holmes_ROV_Dive_2_T9,0:03:20
Oct_21,10/26/2021,Holmes,ROV,Dive_2_T9,56,outer_slope,Pseudanthias pleurotaenia,1,Oct_21_10/26/2021_Holmes_ROV_Dive_2_T9,0:03:20
Oct_21,10/26/2021,Holmes,ROV,Dive_2_T9,56,outer_slope,Pseudanthias pleurotaenia,1,Oct_21_10/26/2021_Holmes_ROV_Dive_2_T9,0:03:20
Oct_21,10/26/2021,Holmes,ROV,Dive_2_T9,56,outer_slope,Pseudanthias pleurotaenia,1,Oct_21_10/26/2021_Holmes_ROV_Dive_2_T9,0:03:20
Oct_21,10/26/2021,Holmes,ROV,Dive_2_T9,56,outer_slope,Pseudanthias pleurotaenia,1,Oct_21_10/26/2021_Holmes_ROV_Dive_2_T9,0:03:20
Oct_21,10/26/2021,Holmes,ROV,Dive_2_T9,56,outer_slope,Pseudanthias pleurotaenia,1,Oct_21_10/26/2021_Holmes_ROV_Dive_2_T9,0:03:20
Oct_21,10/26/2021,Holmes,ROV,Dive_2_T9,56,outer_slope,Pseudanthias pleurotaenia,1,Oct_21_10/26/2021_Holmes_ROV_Dive_2_T9,0:03:20
Oct_21,10/26/2021,Holmes,ROV,Dive_2_T9,56,outer_slope,Pseudanthias pleurotaenia,1,Oct_21_10/26/2021_Holmes_ROV_Dive_2_T9,0:03:20
Oct_21,10/26/2021,Holmes,ROV,Dive_2_T9,56,outer_slope,Pseudanthias pleurotaenia,1,Oct_21_10/26/2021_Holmes_ROV_Dive_2_T9,0:03:20
Oct_21,10/26/2021,Holmes,ROV,Dive_2_T9,56,outer_slope,Pseudanthias pleurotaenia,1,Oct_21_10/26/2021_Holmes_ROV_Dive_2_T9,0:03:20
Oct_21,10/26/2021,Holmes,ROV,Dive_2_T9,56,outer_slope,Pseudanthias pleurotaenia,1,Oct_21_10/26/2021_Holmes_ROV_Dive_2_T9,0:03:20
Oct_21,10/26/2021,Holmes,ROV,Dive_2_T9,56,outer_slope,Pseudanthias pleurotaenia,1,Oct_21_10/26/2021_Holmes_ROV_Dive_2_T9,0:03:20
Oct_21,10/26/2021,Holmes,ROV,Dive_2_T9,56,outer_slope,Pseudanthias pleurotaenia,1,Oct_21_10/26/2021_Holmes_ROV_Dive_2_T9,0:03:20
Oct_21,10/26/2021,Holmes,ROV,Dive_2_T9,56,outer_slope,Pseudanthias pleurotaenia,1,Oct_21_10/26/2021_Holmes_ROV_Dive_2_T9,0:03:20
Oct_21,10/26/2021,Holmes,ROV,Dive_2_T9,56,outer_slope,Pseudanthias pleurotaenia,1,Oct_21_10/26/2021_Holmes_ROV_Dive_2_T9,0:03:20
Oct_21,10/26/2021,Holmes,ROV,Dive_2_T9,56,outer_slope,Pseudanthias pleurotaenia,1,Oct_21_10/26/2021_Holmes_ROV_Dive_2_T9,0:03:20
Oct_21,10/26/2021,Holmes,ROV,Dive_1_T1,56,outer_slope,Aluterus scriptus,1,Oct_21_10/26/2021_Holmes_ROV_Dive_1_T1,0:03:20
Feb_23,4/3/2023,Ashmore,ROV,Dive_1_T1,31,outer_slope,Pomacentrus reidi,1,Feb_23_44989_Ashmore_ROV_Dive_1_T1,0:03:20
Feb_23,4/3/2023,Ashmore,ROV,Dive_1_T1,31,outer_slope,Priacanthus hamrur,1,Feb_23_44989_Ashmore_ROV_Dive_1_T1,0:03:20
Feb_23,4/3/2023,Ashmore,ROV,Dive_1_T1,31,outer_slope,Chromis xanthura,1,Feb_23_44989_Ashmore_ROV_Dive_1_T1,0:03:20
Feb_23,4/3/2023,Ashmore,ROV,Dive_1_T1,31,outer_slope,Chromis retrofasciata,1,Feb_23_44989_Ashmore_ROV_Dive_1_T1,0:03:20
Feb_23,4/3/2023,Ashmore,ROV,Dive_1_T1,31,outer_slope,Chromis retrofasciata,1,Feb_23_44989_Ashmore_ROV_Dive_1_T1,0:03:20
Feb_23,4/3/2023,Ashmore,ROV,Dive_1_T1,31,outer_slope,Chromis atripes,1,Feb_23_44989_Ashmore_ROV_Dive_1_T1,0:03:20
Feb_23,4/3/2023,Ashmore,ROV,Dive_1_T1,31,outer_slope,Chromis atripes,1,Feb_23_44989_Ashmore_ROV_Dive_1_T1,0:03:20
Feb_23,4/3/2023,Ashmore,ROV,Dive_1_T1,31,outer_slope,Ctenochaetus binotatus,1,Feb_23_44989_Ashmore_ROV_Dive_1_T1,0:03:20
Feb_23,4/3/2023,Ashmore,ROV,Dive_1_T1,31,outer_slope,Centropyge bispinosa,1,Feb_23_44989_Ashmore_ROV_Dive_1_T1,0:03:20
Feb_23,4/3/2023,Ashmore,ROV,Dive_1_T1,31,outer_slope,Chromis atripes,1,Feb_23_44989_Ashmore_ROV_Dive_1_T1,0:03:20
Feb_23,4/3/2023,Ashmore,ROV,Dive_1_T1,31,outer_slope,Chromis atripes,1,Feb_23_44989_Ashmore_ROV_Dive_1_T1,0:03:20
Feb_23,4/3/2023,Ashmore,ROV,Dive_1_T1,31,outer_slope,Halichoeres prosopeion,1,Feb_23_44989_Ashmore_ROV_Dive_1_T1,0:03:20
Feb_23,4/3/2023,Ashmore,ROV,Dive_1_T1,31,outer_slope,Chromis retrofasciata,1,Feb_23_44989_Ashmore_ROV_Dive_1_T1,0:03:20
Feb_23,4/3/2023,Ashmore,ROV,Dive_1_T1,31,outer_slope,Chromis retrofasciata,1,Feb_23_44989_Ashmore_ROV_Dive_1_T1,0:03:20
Feb_23,4/3/2023,Ashmore,ROV,Dive_1_T1,31,outer_slope,Chromis retrofasciata,1,Feb_23_44989_Ashmore_ROV_Dive_1_T1,0:03:20
Feb_23,4/3/2023,Ashmore,ROV,Dive_1_T1,31,outer_slope,Macolor macularis,1,Feb_23_44989_Ashmore_ROV_Dive_1_T1,0:03:20
Feb_23,4/3/2023,Ashmore,ROV,Dive_1_T1,31,outer_slope,Chaetodon kleinii,1,Feb_23_44989_Ashmore_ROV_Dive_1_T1,0:03:20
Feb_23,4/3/2023,Ashmore,ROV,Dive_1_T1,31,outer_slope,Chaetodon kleinii,1,Feb_23_44989_Ashmore_ROV_Dive_1_T1,0:03:20
Feb_23,4/3/2023,Ashmore,ROV,Dive_1_T1,31,outer_slope,Dascyllus reticulatus,1,Feb_23_44989_Ashmore_ROV_Dive_1_T1,0:03:20
Feb_23,4/3/2023,Ashmore,ROV,Dive_1_T1,31,outer_slope,Dascyllus reticulatus,1,Feb_23_44989_Ashmore_ROV_Dive_1_T1,0:03:20
Feb_23,4/3/2023,Ashmore,ROV,Dive_1_T1,31,outer_slope,Dascyllus reticulatus,1,Feb_23_44989_Ashmore_ROV_Dive_1_T1,0:03:20
Feb_23,4/3/2023,Ashmore,ROV,Dive_1_T1,31,outer_slope,Dascyllus reticulatus,1,Feb_23_44989_Ashmore_ROV_Dive_1_T1,0:03:20
Feb_23,4/3/2023,Ashmore,ROV,Dive_1_T1,31,outer_slope,Dascyllus reticulatus,1,Feb_23_44989_Ashmore_ROV_Dive_1_T1,0:03:20
Feb_23,4/3/2023,Ashmore,ROV,Dive_1_T1,31,outer_slope,Labroides dimidiatus,1,Feb_23_44989_Ashmore_ROV_Dive_1_T1,0:03:20
Feb_23,4/3/2023,Ashmore,ROV,Dive_1_T1,31,outer_slope,Chromis atripes,1,Feb_23_44989_Ashmore_ROV_Dive_1_T1,0:03:20
Feb_23,4/3/2023,Ashmore,ROV,Dive_1_T1,31,outer_slope,Naso vlamingii,1,Feb_23_44989_Ashmore_ROV_Dive_1_T1,0:03:20
Feb_23,4/3/2023,Ashmore,ROV,Dive_1_T1,31,outer_slope,Dascyllus reticulatus,1,Feb_23_44989_Ashmore_ROV_Dive_1_T1,0:03:20
Feb_23,4/3/2023,Ashmore,ROV,Dive_1_T1,31,outer_slope,Dascyllus reticulatus,1,Feb_23_44989_Ashmore_ROV_Dive_1_T1,0:03:20
Feb_23,4/3/2023,Ashmore,ROV,Dive_1_T1,31,outer_slope,Dascyllus reticulatus,1,Feb_23_44989_Ashmore_ROV_Dive_1_T1,0:03:20
Feb_23,4/3/2023,Ashmore,ROV,Dive_1_T1,31,outer_slope,Centropyge bicolor,1,Feb_23_44989_Ashmore_ROV_Dive_1_T1,0:03:20
Feb_23,4/3/2023,Ashmore,ROV,Dive_1_T1,31,outer_slope,Chromis atripes,1,Feb_23_44989_Ashmore_ROV_Dive_1_T1,0:03:20
Feb_23,4/3/2023,Ashmore,ROV,Dive_1_T1,31,outer_slope,Scarus schlegeli,1,Feb_23_44989_Ashmore_ROV_Dive_1_T1,0:03:20
Feb_23,4/3/2023,Ashmore,ROV,Dive_1_T1,31,outer_slope,Scarus schlegeli,1,Feb_23_44989_Ashmore_ROV_Dive_1_T1,0:03:20
Feb_23,4/3/2023,Ashmore,ROV,Dive_1_T1,31,outer_slope,Acanthochromis polyacanthus,1,Feb_23_44989_Ashmore_ROV_Dive_1_T1,0:03:20
Feb_23,4/3/2023,Ashmore,ROV,Dive_1_T1,31,outer_slope,Acanthurus thompsoni,1,Feb_23_44989_Ashmore_ROV_Dive_1_T1,0:03:20
Feb_23,4/3/2023,Ashmore,ROV,Dive_1_T1,31,outer_slope,Scarus niger,1,Feb_23_44989_Ashmore_ROV_Dive_1_T1,0:03:20
Feb_23,4/3/2023,Ashmore,ROV,Dive_1_T1,31,outer_slope,Anampses neoguinaicus,1,Feb_23_44989_Ashmore_ROV_Dive_1_T1,0:03:20
Feb_23,4/3/2023,Ashmore,ROV,Dive_1_T1,31,outer_slope,Parupeneus pleurostigma,1,Feb_23_44989_Ashmore_ROV_Dive_1_T1,0:03:20
Feb_23,4/3/2023,Ashmore,ROV,Dive_1_T1,31,outer_slope,Chromis retrofasciata,1,Feb_23_44989_Ashmore_ROV_Dive_1_T1,0:03:20
Feb_23,4/3/2023,Ashmore,ROV,Dive_1_T1,31,outer_slope,Scarus niger,1,Feb_23_44989_Ashmore_ROV_Dive_1_T1,0:03:20
Feb_23,4/3/2023,Ashmore,ROV,Dive_1_T1,31,outer_slope,Sufflamen chrysopterum,1,Feb_23_44989_Ashmore_ROV_Dive_1_T1,0:03:20
Feb_23,4/3/2023,Ashmore,ROV,Dive_1_T1,31,outer_slope,Acanthurus pyroferus,1,Feb_23_44989_Ashmore_ROV_Dive_1_T1,0:03:20
Feb_23,4/3/2023,Ashmore,ROV,Dive_1_T1,31,outer_slope,Monotaxis grandoculis,1,Feb_23_44989_Ashmore_ROV_Dive_1_T1,0:03:20
Feb_23,4/3/2023,Ashmore,ROV,Dive_1_T1,31,outer_slope,Acanthurus pyroferus,1,Feb_23_44989_Ashmore_ROV_Dive_1_T1,0:03:20
Feb_23,4/3/2023,Ashmore,ROV,Dive_1_T1,31,outer_slope,Zebrasoma scopas,1,Feb_23_44989_Ashmore_ROV_Dive_1_T1,0:03:20
Feb_23,4/3/2023,Ashmore,ROV,Dive_1_T1,31,outer_slope,Scarus niger,1,Feb_23_44989_Ashmore_ROV_Dive_1_T1,0:03:20
Feb_23,4/3/2023,Ashmore,ROV,Dive_1_T1,31,outer_slope,Chromis amboinensis,1,Feb_23_44989_Ashmore_ROV_Dive_1_T1,0:03:20
Feb_23,4/3/2023,Ashmore,ROV,Dive_1_T1,31,outer_slope,Chromis iomelas,1,Feb_23_44989_Ashmore_ROV_Dive_1_T1,0:03:20
Feb_23,4/3/2023,Ashmore,ROV,Dive_1_T1,31,outer_slope,Acanthochromis polyacanthus,1,Feb_23_44989_Ashmore_ROV_Dive_1_T1,0:03:20
Feb_23,4/3/2023,Ashmore,ROV,Dive_1_T1,31,outer_slope,Balistapus undulatus,1,Feb_23_44989_Ashmore_ROV_Dive_1_T1,0:03:20
Feb_23,4/3/2023,Ashmore,ROV,Dive_1_T1,31,outer_slope,Chromis atripes,1,Feb_23_44989_Ashmore_ROV_Dive_1_T1,0:03:20
Feb_23,4/3/2023,Ashmore,ROV,Dive_1_T1,31,outer_slope,Chromis retrofasciata,1,Feb_23_44989_Ashmore_ROV_Dive_1_T1,0:03:20
Feb_23,4/3/2023,Ashmore,ROV,Dive_1_T1,31,outer_slope,Chromis iomelas,1,Feb_23_44989_Ashmore_ROV_Dive_1_T1,0:03:20
Feb_23,4/3/2023,Ashmore,ROV,Dive_1_T1,31,outer_slope,Chromis atripes,1,Feb_23_44989_Ashmore_ROV_Dive_1_T1,0:03:20
Feb_23,4/3/2023,Ashmore,ROV,Dive_1_T1,31,outer_slope,Chromis atripes,1,Feb_23_44989_Ashmore_ROV_Dive_1_T1,0:03:20
Feb_23,4/3/2023,Ashmore,ROV,Dive_1_T1,31,outer_slope,Chromis atripes,1,Feb_23_44989_Ashmore_ROV_Dive_1_T1,0:03:20
Feb_23,4/3/2023,Ashmore,ROV,Dive_1_T1,31,outer_slope,Chromis atripes,1,Feb_23_44989_Ashmore_ROV_Dive_1_T1,0:03:20
Feb_23,4/3/2023,Ashmore,ROV,Dive_1_T1,31,outer_slope,Chromis atripes,1,Feb_23_44989_Ashmore_ROV_Dive_1_T1,0:03:20
Feb_23,4/3/2023,Ashmore,ROV,Dive_1_T1,31,outer_slope,Chromis atripes,1,Feb_23_44989_Ashmore_ROV_Dive_1_T1,0:03:20
Feb_23,4/3/2023,Ashmore,ROV,Dive_1_T1,31,outer_slope,Chromis atripes,1,Feb_23_44989_Ashmore_ROV_Dive_1_T1,0:03:20
Feb_23,4/3/2023,Ashmore,ROV,Dive_1_T1,31,outer_slope,Labroides dimidiatus,1,Feb_23_44989_Ashmore_ROV_Dive_1_T1,0:03:20
Feb_23,4/3/2023,Ashmore,ROV,Dive_1_T1,31,outer_slope,Chromis atripes,1,Feb_23_44989_Ashmore_ROV_Dive_1_T1,0:03:20
Feb_23,4/3/2023,Ashmore,ROV,Dive_1_T1,31,outer_slope,Acanthochromis polyacanthus,1,Feb_23_44989_Ashmore_ROV_Dive_1_T1,0:03:20
Feb_23,4/3/2023,Ashmore,ROV,Dive_1_T1,31,outer_slope,Dascyllus trimaculatus,1,Feb_23_44989_Ashmore_ROV_Dive_1_T1,0:03:20
Feb_23,4/3/2023,Ashmore,ROV,Dive_1_T1,31,outer_slope,Chromis atripes,1,Feb_23_44989_Ashmore_ROV_Dive_1_T1,0:03:20
Feb_23,4/3/2023,Ashmore,ROV,Dive_1_T1,31,outer_slope,Chromis atripes,1,Feb_23_44989_Ashmore_ROV_Dive_1_T1,0:03:20
Feb_23,4/3/2023,Ashmore,ROV,Dive_1_T1,31,outer_slope,Chromis atripes,1,Feb_23_44989_Ashmore_ROV_Dive_1_T1,0:03:20
Feb_23,4/3/2023,Ashmore,ROV,Dive_1_T1,31,outer_slope,Chromis atripes,1,Feb_23_44989_Ashmore_ROV_Dive_1_T1,0:03:20
Feb_23,4/3/2023,Ashmore,ROV,Dive_1_T1,31,outer_slope,Chromis atripes,1,Feb_23_44989_Ashmore_ROV_Dive_1_T1,0:03:20
Feb_23,4/3/2023,Ashmore,ROV,Dive_1_T1,31,outer_slope,Chromis atripes,1,Feb_23_44989_Ashmore_ROV_Dive_1_T1,0:03:20
Feb_23,4/3/2023,Ashmore,ROV,Dive_1_T1,31,outer_slope,Chromis retrofasciata,1,Feb_23_44989_Ashmore_ROV_Dive_1_T1,0:03:20
Feb_23,4/3/2023,Ashmore,ROV,Dive_1_T1,31,outer_slope,Chromis retrofasciata,1,Feb_23_44989_Ashmore_ROV_Dive_1_T1,0:03:20
Feb_23,4/3/2023,Ashmore,ROV,Dive_1_T1,31,outer_slope,Chromis retrofasciata,1,Feb_23_44989_Ashmore_ROV_Dive_1_T1,0:03:20
Feb_23,4/3/2023,Ashmore,ROV,Dive_1_T1,31,outer_slope,Pomacentrus brachialis,1,Feb_23_44989_Ashmore_ROV_Dive_1_T1,0:03:20
Feb_23,4/3/2023,Ashmore,ROV,Dive_1_T1,31,outer_slope,Pomacentrus brachialis,1,Feb_23_44989_Ashmore_ROV_Dive_1_T1,0:03:20
Feb_23,4/3/2023,Ashmore,ROV,Dive_1_T1,31,outer_slope,Labroides dimidiatus,1,Feb_23_44989_Ashmore_ROV_Dive_1_T1,0:03:20
Feb_23,4/3/2023,Ashmore,ROV,Dive_1_T1,31,outer_slope,Centropyge bispinosa,1,Feb_23_44989_Ashmore_ROV_Dive_1_T1,0:03:20
Feb_23,4/3/2023,Ashmore,ROV,Dive_1_T1,31,outer_slope,Chromis retrofasciata,1,Feb_23_44989_Ashmore_ROV_Dive_1_T1,0:03:20
Feb_23,4/3/2023,Ashmore,ROV,Dive_1_T1,31,outer_slope,Chromis retrofasciata,1,Feb_23_44989_Ashmore_ROV_Dive_1_T1,0:03:20
Feb_23,4/3/2023,Ashmore,ROV,Dive_1_T1,31,outer_slope,Scarus forsteni,1,Feb_23_44989_Ashmore_ROV_Dive_1_T1,0:03:20
Feb_23,4/3/2023,Ashmore,ROV,Dive_1_T1,31,outer_slope,Heniochus varius,1,Feb_23_44989_Ashmore_ROV_Dive_1_T1,0:03:20
Feb_23,4/3/2023,Ashmore,ROV,Dive_1_T1,31,outer_slope,Chaetodon pelewensis,1,Feb_23_44989_Ashmore_ROV_Dive_1_T1,0:03:20
Feb_23,4/3/2023,Ashmore,ROV,Dive_1_T1,31,outer_slope,Zanclus cornutus,1,Feb_23_44989_Ashmore_ROV_Dive_1_T1,0:03:20
Feb_23,4/3/2023,Ashmore,ROV,Dive_1_T1,31,outer_slope,Chromis retrofasciata,1,Feb_23_44989_Ashmore_ROV_Dive_1_T1,0:03:20
Feb_23,4/3/2023,Ashmore,ROV,Dive_1_T1,31,outer_slope,Pomacentrus reidi,1,Feb_23_44989_Ashmore_ROV_Dive_1_T1,0:03:20
Feb_23,4/3/2023,Ashmore,ROV,Dive_1_T1,31,outer_slope,Serranocirrhitus latus,1,Feb_23_44989_Ashmore_ROV_Dive_1_T1,0:03:20
Feb_23,4/3/2023,Ashmore,ROV,Dive_1_T1,31,outer_slope,Serranocirrhitus latus,1,Feb_23_44989_Ashmore_ROV_Dive_1_T1,0:03:20
Feb_23,4/3/2023,Ashmore,ROV,Dive_1_T1,31,outer_slope,Serranocirrhitus latus,1,Feb_23_44989_Ashmore_ROV_Dive_1_T1,0:03:20
Feb_23,4/3/2023,Ashmore,ROV,Dive_1_T1,31,outer_slope,Serranocirrhitus latus,1,Feb_23_44989_Ashmore_ROV_Dive_1_T1,0:03:20
Feb_23,4/3/2023,Ashmore,ROV,Dive_1_T1,31,outer_slope,Serranocirrhitus latus,1,Feb_23_44989_Ashmore_ROV_Dive_1_T1,0:03:20
Feb_23,4/3/2023,Ashmore,ROV,Dive_1_T1,31,outer_slope,Scarus chameleon,1,Feb_23_44989_Ashmore_ROV_Dive_1_T1,0:03:20
Feb_23,4/3/2023,Ashmore,ROV,Dive_1_T1,31,outer_slope,Chlorurus microrhinos,1,Feb_23_44989_Ashmore_ROV_Dive_1_T1,0:03:20
Feb_23,4/3/2023,Ashmore,ROV,Dive_1_T1,31,outer_slope,Monotaxis grandoculis,1,Feb_23_44989_Ashmore_ROV_Dive_1_T1,0:03:20
Feb_23,4/3/2023,Ashmore,ROV,Dive_1_T1,31,outer_slope,Chromis retrofasciata,1,Feb_23_44989_Ashmore_ROV_Dive_1_T1,0:03:20
Feb_23,4/3/2023,Ashmore,ROV,Dive_1_T1,31,outer_slope,Chromis retrofasciata,1,Feb_23_44989_Ashmore_ROV_Dive_1_T1,0:03:20
Feb_23,4/3/2023,Ashmore,ROV,Dive_1_T1,31,outer_slope,Scarus schlegeli,1,Feb_23_44989_Ashmore_ROV_Dive_1_T1,0:03:20
Feb_23,4/3/2023,Ashmore,ROV,Dive_1_T1,31,outer_slope,Scarus schlegeli,1,Feb_23_44989_Ashmore_ROV_Dive_1_T1,0:03:20
Feb_23,4/3/2023,Ashmore,ROV,Dive_1_T1,31,outer_slope,Arothron nigropunctatus,1,Feb_23_44989_Ashmore_ROV_Dive_1_T1,0:03:20
Feb_23,4/3/2023,Ashmore,ROV,Dive_1_T1,31,outer_slope,Parupeneus multifasciatus,1,Feb_23_44989_Ashmore_ROV_Dive_1_T1,0:03:20
Feb_23,4/3/2023,Ashmore,ROV,Dive_1_T1,31,outer_slope,Zanclus cornutus,1,Feb_23_44989_Ashmore_ROV_Dive_1_T1,0:03:20
Feb_23,4/3/2023,Ashmore,ROV,Dive_1_T1,31,outer_slope,Parupeneus multifasciatus,1,Feb_23_44989_Ashmore_ROV_Dive_1_T1,0:03:20
Feb_23,4/3/2023,Ashmore,ROV,Dive_1_T1,31,outer_slope,Amblyglyphidodon leucogaster,1,Feb_23_44989_Ashmore_ROV_Dive_1_T1,0:03:20
Feb_23,4/3/2023,Ashmore,ROV,Dive_1_T1,31,outer_slope,Chromis xanthochira,1,Feb_23_44989_Ashmore_ROV_Dive_1_T1,0:03:20
Feb_23,4/3/2023,Ashmore,ROV,Dive_1_T1,31,outer_slope,Oxycheilinus digramma,1,Feb_23_44989_Ashmore_ROV_Dive_1_T1,0:03:20
Feb_23,4/3/2023,Ashmore,ROV,Dive_1_T1,31,outer_slope,Cheilinus oxycephalus,1,Feb_23_44989_Ashmore_ROV_Dive_1_T1,0:03:20
Feb_23,4/3/2023,Ashmore,ROV,Dive_1_T1,31,outer_slope,Chromis retrofasciata,1,Feb_23_44989_Ashmore_ROV_Dive_1_T1,0:03:20
Feb_23,4/3/2023,Ashmore,ROV,Dive_1_T1,31,outer_slope,Chromis amboinensis,1,Feb_23_44989_Ashmore_ROV_Dive_1_T1,0:03:20
Feb_23,4/3/2023,Ashmore,ROV,Dive_1_T1,31,outer_slope,Chromis retrofasciata,1,Feb_23_44989_Ashmore_ROV_Dive_1_T1,0:03:20
Feb_23,4/3/2023,Ashmore,ROV,Dive_1_T1,31,outer_slope,Centropyge bispinosa,1,Feb_23_44989_Ashmore_ROV_Dive_1_T1,0:03:20
Feb_23,4/3/2023,Ashmore,ROV,Dive_1_T1,31,outer_slope,Chromis alpha,1,Feb_23_44989_Ashmore_ROV_Dive_1_T1,0:03:20
Feb_23,4/3/2023,Ashmore,ROV,Dive_1_T1,31,outer_slope,Acanthochromis polyacanthus,1,Feb_23_44989_Ashmore_ROV_Dive_1_T1,0:03:20
Feb_23,4/3/2023,Ashmore,ROV,Dive_1_T1,31,outer_slope,Dascyllus trimaculatus,1,Feb_23_44989_Ashmore_ROV_Dive_1_T1,0:03:20
Feb_23,4/3/2023,Ashmore,ROV,Dive_1_T1,31,outer_slope,Centropyge bicolor,1,Feb_23_44989_Ashmore_ROV_Dive_1_T1,0:03:20
Feb_23,4/3/2023,Ashmore,ROV,Dive_1_T1,31,outer_slope,Chromis atripes,1,Feb_23_44989_Ashmore_ROV_Dive_1_T1,0:03:20
Feb_23,4/3/2023,Ashmore,ROV,Dive_1_T1,31,outer_slope,Chromis alpha,1,Feb_23_44989_Ashmore_ROV_Dive_1_T1,0:03:20
Feb_23,4/3/2023,Ashmore,ROV,Dive_1_T1,31,outer_slope,Chromis amboinensis,1,Feb_23_44989_Ashmore_ROV_Dive_1_T1,0:03:20
Feb_23,4/3/2023,Ashmore,ROV,Dive_1_T1,31,outer_slope,Chromis amboinensis,1,Feb_23_44989_Ashmore_ROV_Dive_1_T1,0:03:20
Feb_23,4/3/2023,Ashmore,ROV,Dive_1_T1,31,outer_slope,Naso vlamingii,1,Feb_23_44989_Ashmore_ROV_Dive_1_T1,0:03:20
Feb_23,4/3/2023,Ashmore,ROV,Dive_1_T1,31,outer_slope,Chromis retrofasciata,1,Feb_23_44989_Ashmore_ROV_Dive_1_T1,0:03:20
Feb_23,4/3/2023,Ashmore,ROV,Dive_1_T1,31,outer_slope,Chromis retrofasciata,1,Feb_23_44989_Ashmore_ROV_Dive_1_T1,0:03:20
Feb_23,4/3/2023,Ashmore,ROV,Dive_1_T1,31,outer_slope,Chromis retrofasciata,1,Feb_23_44989_Ashmore_ROV_Dive_1_T1,0:03:20
Feb_23,4/3/2023,Ashmore,ROV,Dive_1_T1,31,outer_slope,Scarus forsteni,1,Feb_23_44989_Ashmore_ROV_Dive_1_T1,0:03:20
Feb_23,4/3/2023,Ashmore,ROV,Dive_1_T1,31,outer_slope,Scarus forsteni,1,Feb_23_44989_Ashmore_ROV_Dive_1_T1,0:03:20
Feb_23,4/3/2023,Ashmore,ROV,Dive_1_T1,31,outer_slope,Forcipiger sp,1,Feb_23_44989_Ashmore_ROV_Dive_1_T1,0:03:20
Feb_23,4/3/2023,Ashmore,ROV,Dive_1_T1,31,outer_slope,Chromis sp,1,Feb_23_44989_Ashmore_ROV_Dive_1_T1,0:03:20
Feb_23,4/3/2023,Ashmore,ROV,Dive_1_T1,31,outer_slope,Ctenochaetus sp,1,Feb_23_44989_Ashmore_ROV_Dive_1_T1,0:03:20
Feb_23,4/3/2023,Ashmore,ROV,Dive_1_T1,31,outer_slope,Oxycheilinus sp,1,Feb_23_44989_Ashmore_ROV_Dive_1_T1,0:03:20
Feb_23,4/3/2023,Ashmore,ROV,Dive_1_T1,31,outer_slope,Myripristis sp,1,Feb_23_44989_Ashmore_ROV_Dive_1_T1,0:03:20
Feb_23,4/3/2023,Ashmore,ROV,Dive_1_T1,31,outer_slope,Chromis sp,1,Feb_23_44989_Ashmore_ROV_Dive_1_T1,0:03:20
Feb_23,4/3/2023,Ashmore,ROV,Dive_1_T1,31,outer_slope,Ctenochaetus sp,1,Feb_23_44989_Ashmore_ROV_Dive_1_T1,0:03:20
Feb_23,4/3/2023,Ashmore,ROV,Dive_1_T1,31,outer_slope,Chromis sp,1,Feb_23_44989_Ashmore_ROV_Dive_1_T1,0:03:20
Feb_23,4/3/2023,Ashmore,ROV,Dive_1_T2,31,outer_slope,Forcipiger sp,1,Feb_23_44989_Ashmore_ROV_Dive_1_T2,0:03:20
Feb_23,4/3/2023,Ashmore,ROV,Dive_1_T2,37,outer_slope,Dascyllus reticulatus,1,Feb_23_44989_Ashmore_ROV_Dive_1_T2,0:03:20
Feb_23,4/3/2023,Ashmore,ROV,Dive_1_T2,37,outer_slope,Dascyllus reticulatus,1,Feb_23_44989_Ashmore_ROV_Dive_1_T2,0:03:20
Feb_23,4/3/2023,Ashmore,ROV,Dive_1_T2,37,outer_slope,Chromis xanthura,1,Feb_23_44989_Ashmore_ROV_Dive_1_T2,0:03:20
Feb_23,4/3/2023,Ashmore,ROV,Dive_1_T2,37,outer_slope,Chromis xanthochira,1,Feb_23_44989_Ashmore_ROV_Dive_1_T2,0:03:20
Feb_23,4/3/2023,Ashmore,ROV,Dive_1_T2,37,outer_slope,Dascyllus reticulatus,1,Feb_23_44989_Ashmore_ROV_Dive_1_T2,0:03:20
Feb_23,4/3/2023,Ashmore,ROV,Dive_1_T2,37,outer_slope,Dascyllus reticulatus,1,Feb_23_44989_Ashmore_ROV_Dive_1_T2,0:03:20
Feb_23,4/3/2023,Ashmore,ROV,Dive_1_T2,37,outer_slope,Dascyllus reticulatus,1,Feb_23_44989_Ashmore_ROV_Dive_1_T2,0:03:20
Feb_23,4/3/2023,Ashmore,ROV,Dive_1_T2,37,outer_slope,Dascyllus trimaculatus,1,Feb_23_44989_Ashmore_ROV_Dive_1_T2,0:03:20
Feb_23,4/3/2023,Ashmore,ROV,Dive_1_T2,37,outer_slope,Dascyllus trimaculatus,1,Feb_23_44989_Ashmore_ROV_Dive_1_T2,0:03:20
Feb_23,4/3/2023,Ashmore,ROV,Dive_1_T2,37,outer_slope,Dascyllus trimaculatus,1,Feb_23_44989_Ashmore_ROV_Dive_1_T2,0:03:20
Feb_23,4/3/2023,Ashmore,ROV,Dive_1_T2,37,outer_slope,Chromis xanthochira,1,Feb_23_44989_Ashmore_ROV_Dive_1_T2,0:03:20
Feb_23,4/3/2023,Ashmore,ROV,Dive_1_T2,37,outer_slope,Chromis xanthura,1,Feb_23_44989_Ashmore_ROV_Dive_1_T2,0:03:20
Feb_23,4/3/2023,Ashmore,ROV,Dive_1_T2,37,outer_slope,Centropyge bispinosa,1,Feb_23_44989_Ashmore_ROV_Dive_1_T2,0:03:20
Feb_23,4/3/2023,Ashmore,ROV,Dive_1_T2,37,outer_slope,Genicanthus melanospilos,1,Feb_23_44989_Ashmore_ROV_Dive_1_T2,0:03:20
Feb_23,4/3/2023,Ashmore,ROV,Dive_1_T2,37,outer_slope,Acanthochromis polyacanthus,1,Feb_23_44989_Ashmore_ROV_Dive_1_T2,0:03:20
Feb_23,4/3/2023,Ashmore,ROV,Dive_1_T2,37,outer_slope,Labroides dimidiatus,1,Feb_23_44989_Ashmore_ROV_Dive_1_T2,0:03:20
Feb_23,4/3/2023,Ashmore,ROV,Dive_1_T2,37,outer_slope,Acanthochromis polyacanthus,1,Feb_23_44989_Ashmore_ROV_Dive_1_T2,0:03:20
Feb_23,4/3/2023,Ashmore,ROV,Dive_1_T2,37,outer_slope,Dascyllus trimaculatus,1,Feb_23_44989_Ashmore_ROV_Dive_1_T2,0:03:20
Feb_23,4/3/2023,Ashmore,ROV,Dive_1_T2,37,outer_slope,Dascyllus trimaculatus,1,Feb_23_44989_Ashmore_ROV_Dive_1_T2,0:03:20
Feb_23,4/3/2023,Ashmore,ROV,Dive_1_T2,37,outer_slope,Acanthochromis polyacanthus,1,Feb_23_44989_Ashmore_ROV_Dive_1_T2,0:03:20
Feb_23,4/3/2023,Ashmore,ROV,Dive_1_T2,37,outer_slope,Acanthochromis polyacanthus,1,Feb_23_44989_Ashmore_ROV_Dive_1_T2,0:03:20
Feb_23,4/3/2023,Ashmore,ROV,Dive_1_T2,37,outer_slope,Acanthochromis polyacanthus,1,Feb_23_44989_Ashmore_ROV_Dive_1_T2,0:03:20
Feb_23,4/3/2023,Ashmore,ROV,Dive_1_T2,37,outer_slope,Pomacentrus reidi,1,Feb_23_44989_Ashmore_ROV_Dive_1_T2,0:03:20
Feb_23,4/3/2023,Ashmore,ROV,Dive_1_T2,37,outer_slope,Genicanthus melanospilos,1,Feb_23_44989_Ashmore_ROV_Dive_1_T2,0:03:20
Feb_23,4/3/2023,Ashmore,ROV,Dive_1_T2,37,outer_slope,Chromis retrofasciata,1,Feb_23_44989_Ashmore_ROV_Dive_1_T2,0:03:20
Feb_23,4/3/2023,Ashmore,ROV,Dive_1_T2,37,outer_slope,Chromis retrofasciata,1,Feb_23_44989_Ashmore_ROV_Dive_1_T2,0:03:20
Feb_23,4/3/2023,Ashmore,ROV,Dive_1_T2,37,outer_slope,Dascyllus reticulatus,1,Feb_23_44989_Ashmore_ROV_Dive_1_T2,0:03:20
Feb_23,4/3/2023,Ashmore,ROV,Dive_1_T2,37,outer_slope,Dascyllus reticulatus,1,Feb_23_44989_Ashmore_ROV_Dive_1_T2,0:03:20
Feb_23,4/3/2023,Ashmore,ROV,Dive_1_T2,37,outer_slope,Labroides dimidiatus,1,Feb_23_44989_Ashmore_ROV_Dive_1_T2,0:03:20
Feb_23,4/3/2023,Ashmore,ROV,Dive_1_T2,37,outer_slope,Chromis xanthochira,1,Feb_23_44989_Ashmore_ROV_Dive_1_T2,0:03:20
Feb_23,4/3/2023,Ashmore,ROV,Dive_1_T2,37,outer_slope,Balistapus undulatus,1,Feb_23_44989_Ashmore_ROV_Dive_1_T2,0:03:20
Feb_23,4/3/2023,Ashmore,ROV,Dive_1_T2,37,outer_slope,Dascyllus reticulatus,1,Feb_23_44989_Ashmore_ROV_Dive_1_T2,0:03:20
Feb_23,4/3/2023,Ashmore,ROV,Dive_1_T2,37,outer_slope,Dascyllus reticulatus,1,Feb_23_44989_Ashmore_ROV_Dive_1_T2,0:03:20
Feb_23,4/3/2023,Ashmore,ROV,Dive_1_T2,37,outer_slope,Genicanthus melanospilos,1,Feb_23_44989_Ashmore_ROV_Dive_1_T2,0:03:20
Feb_23,4/3/2023,Ashmore,ROV,Dive_1_T2,37,outer_slope,Genicanthus melanospilos,1,Feb_23_44989_Ashmore_ROV_Dive_1_T2,0:03:20
Feb_23,4/3/2023,Ashmore,ROV,Dive_1_T2,37,outer_slope,Zebrasoma scopas,1,Feb_23_44989_Ashmore_ROV_Dive_1_T2,0:03:20
Feb_23,4/3/2023,Ashmore,ROV,Dive_1_T2,37,outer_slope,Macolor macularis,1,Feb_23_44989_Ashmore_ROV_Dive_1_T2,0:03:20
Feb_23,4/3/2023,Ashmore,ROV,Dive_1_T2,37,outer_slope,Naso minor,1,Feb_23_44989_Ashmore_ROV_Dive_1_T2,0:03:20
Feb_23,4/3/2023,Ashmore,ROV,Dive_1_T2,37,outer_slope,Pomacentrus reidi,1,Feb_23_44989_Ashmore_ROV_Dive_1_T2,0:03:20
Feb_23,4/3/2023,Ashmore,ROV,Dive_1_T2,37,outer_slope,Dascyllus trimaculatus,1,Feb_23_44989_Ashmore_ROV_Dive_1_T2,0:03:20
Feb_23,4/3/2023,Ashmore,ROV,Dive_1_T2,37,outer_slope,Zebrasoma scopas,1,Feb_23_44989_Ashmore_ROV_Dive_1_T2,0:03:20
Feb_23,4/3/2023,Ashmore,ROV,Dive_1_T2,37,outer_slope,Chromis retrofasciata,1,Feb_23_44989_Ashmore_ROV_Dive_1_T2,0:03:20
Feb_23,4/3/2023,Ashmore,ROV,Dive_1_T2,37,outer_slope,Chromis retrofasciata,1,Feb_23_44989_Ashmore_ROV_Dive_1_T2,0:03:20
Feb_23,4/3/2023,Ashmore,ROV,Dive_1_T2,37,outer_slope,Zanclus cornutus,1,Feb_23_44989_Ashmore_ROV_Dive_1_T2,0:03:20
Feb_23,4/3/2023,Ashmore,ROV,Dive_1_T2,37,outer_slope,Genicanthus melanospilos,1,Feb_23_44989_Ashmore_ROV_Dive_1_T2,0:03:20
Feb_23,4/3/2023,Ashmore,ROV,Dive_1_T2,37,outer_slope,Genicanthus melanospilos,1,Feb_23_44989_Ashmore_ROV_Dive_1_T2,0:03:20
Feb_23,4/3/2023,Ashmore,ROV,Dive_1_T2,37,outer_slope,Genicanthus melanospilos,1,Feb_23_44989_Ashmore_ROV_Dive_1_T2,0:03:20
Feb_23,4/3/2023,Ashmore,ROV,Dive_1_T2,37,outer_slope,Genicanthus melanospilos,1,Feb_23_44989_Ashmore_ROV_Dive_1_T2,0:03:20
Feb_23,4/3/2023,Ashmore,ROV,Dive_1_T2,37,outer_slope,Chromis alpha,1,Feb_23_44989_Ashmore_ROV_Dive_1_T2,0:03:20
Feb_23,4/3/2023,Ashmore,ROV,Dive_1_T2,37,outer_slope,Chromis xanthura,1,Feb_23_44989_Ashmore_ROV_Dive_1_T2,0:03:20
Feb_23,4/3/2023,Ashmore,ROV,Dive_1_T2,37,outer_slope,Acanthochromis polyacanthus,1,Feb_23_44989_Ashmore_ROV_Dive_1_T2,0:03:20
Feb_23,4/3/2023,Ashmore,ROV,Dive_1_T2,37,outer_slope,Acanthochromis polyacanthus,1,Feb_23_44989_Ashmore_ROV_Dive_1_T2,0:03:20
Feb_23,4/3/2023,Ashmore,ROV,Dive_1_T2,37,outer_slope,Chromis xanthochira,1,Feb_23_44989_Ashmore_ROV_Dive_1_T2,0:03:20
Feb_23,4/3/2023,Ashmore,ROV,Dive_1_T2,37,outer_slope,Chromis xanthochira,1,Feb_23_44989_Ashmore_ROV_Dive_1_T2,0:03:20
Feb_23,4/3/2023,Ashmore,ROV,Dive_1_T2,37,outer_slope,Chromis xanthochira,1,Feb_23_44989_Ashmore_ROV_Dive_1_T2,0:03:20
Feb_23,4/3/2023,Ashmore,ROV,Dive_1_T2,37,outer_slope,Chromis xanthochira,1,Feb_23_44989_Ashmore_ROV_Dive_1_T2,0:03:20
Feb_23,4/3/2023,Ashmore,ROV,Dive_1_T2,37,outer_slope,Cephalopholis spiloparaea,1,Feb_23_44989_Ashmore_ROV_Dive_1_T2,0:03:20
Feb_23,4/3/2023,Ashmore,ROV,Dive_1_T2,37,outer_slope,Genicanthus melanospilos,1,Feb_23_44989_Ashmore_ROV_Dive_1_T2,0:03:20
Feb_23,4/3/2023,Ashmore,ROV,Dive_1_T2,37,outer_slope,Pomacentrus reidi,1,Feb_23_44989_Ashmore_ROV_Dive_1_T2,0:03:20
Feb_23,4/3/2023,Ashmore,ROV,Dive_1_T2,37,outer_slope,Epibulus insidiator,1,Feb_23_44989_Ashmore_ROV_Dive_1_T2,0:03:20
Feb_23,4/3/2023,Ashmore,ROV,Dive_1_T2,37,outer_slope,Forcipiger longirostris,1,Feb_23_44989_Ashmore_ROV_Dive_1_T2,0:03:20
Feb_23,4/3/2023,Ashmore,ROV,Dive_1_T2,37,outer_slope,Forcipiger longirostris,1,Feb_23_44989_Ashmore_ROV_Dive_1_T2,0:03:20
Feb_23,4/3/2023,Ashmore,ROV,Dive_1_T2,37,outer_slope,Forcipiger longirostris,1,Feb_23_44989_Ashmore_ROV_Dive_1_T2,0:03:20
Feb_23,4/3/2023,Ashmore,ROV,Dive_1_T2,37,outer_slope,Chaetodon kleinii,1,Feb_23_44989_Ashmore_ROV_Dive_1_T2,0:03:20
Feb_23,4/3/2023,Ashmore,ROV,Dive_1_T2,37,outer_slope,Chromis iomelas,1,Feb_23_44989_Ashmore_ROV_Dive_1_T2,0:03:20
Feb_23,4/3/2023,Ashmore,ROV,Dive_1_T2,37,outer_slope,Chromis iomelas,1,Feb_23_44989_Ashmore_ROV_Dive_1_T2,0:03:20
Feb_23,4/3/2023,Ashmore,ROV,Dive_1_T2,37,outer_slope,Chromis iomelas,1,Feb_23_44989_Ashmore_ROV_Dive_1_T2,0:03:20
Feb_23,4/3/2023,Ashmore,ROV,Dive_1_T2,37,outer_slope,Chromis iomelas,1,Feb_23_44989_Ashmore_ROV_Dive_1_T2,0:03:20
Feb_23,4/3/2023,Ashmore,ROV,Dive_1_T2,37,outer_slope,Chromis iomelas,1,Feb_23_44989_Ashmore_ROV_Dive_1_T2,0:03:20
Feb_23,4/3/2023,Ashmore,ROV,Dive_1_T2,37,outer_slope,Chromis iomelas,1,Feb_23_44989_Ashmore_ROV_Dive_1_T2,0:03:20
Feb_23,4/3/2023,Ashmore,ROV,Dive_1_T2,37,outer_slope,Acanthochromis polyacanthus,1,Feb_23_44989_Ashmore_ROV_Dive_1_T2,0:03:20
Feb_23,4/3/2023,Ashmore,ROV,Dive_1_T2,37,outer_slope,Acanthochromis polyacanthus,1,Feb_23_44989_Ashmore_ROV_Dive_1_T2,0:03:20
Feb_23,4/3/2023,Ashmore,ROV,Dive_1_T2,37,outer_slope,Acanthochromis polyacanthus,1,Feb_23_44989_Ashmore_ROV_Dive_1_T2,0:03:20
Feb_23,4/3/2023,Ashmore,ROV,Dive_1_T2,37,outer_slope,Chromis xanthura,1,Feb_23_44989_Ashmore_ROV_Dive_1_T2,0:03:20
Feb_23,4/3/2023,Ashmore,ROV,Dive_1_T2,37,outer_slope,Hemitaurichthys polylepis,1,Feb_23_44989_Ashmore_ROV_Dive_1_T2,0:03:20
Feb_23,4/3/2023,Ashmore,ROV,Dive_1_T2,37,outer_slope,Hemitaurichthys polylepis,1,Feb_23_44989_Ashmore_ROV_Dive_1_T2,0:03:20
Feb_23,4/3/2023,Ashmore,ROV,Dive_1_T2,37,outer_slope,Hemitaurichthys polylepis,1,Feb_23_44989_Ashmore_ROV_Dive_1_T2,0:03:20
Feb_23,4/3/2023,Ashmore,ROV,Dive_1_T2,37,outer_slope,Dascyllus trimaculatus,1,Feb_23_44989_Ashmore_ROV_Dive_1_T2,0:03:20
Feb_23,4/3/2023,Ashmore,ROV,Dive_1_T2,37,outer_slope,Centropyge heraldi,1,Feb_23_44989_Ashmore_ROV_Dive_1_T2,0:03:20
Feb_23,4/3/2023,Ashmore,ROV,Dive_1_T2,37,outer_slope,Lutjanus bohar,1,Feb_23_44989_Ashmore_ROV_Dive_1_T2,0:03:20
Feb_23,4/3/2023,Ashmore,ROV,Dive_1_T2,37,outer_slope,Genicanthus melanospilos,1,Feb_23_44989_Ashmore_ROV_Dive_1_T2,0:03:20
Feb_23,4/3/2023,Ashmore,ROV,Dive_1_T2,37,outer_slope,Genicanthus melanospilos,1,Feb_23_44989_Ashmore_ROV_Dive_1_T2,0:03:20
Feb_23,4/3/2023,Ashmore,ROV,Dive_1_T2,37,outer_slope,Pseudanthias tuka,1,Feb_23_44989_Ashmore_ROV_Dive_1_T2,0:03:20
Feb_23,4/3/2023,Ashmore,ROV,Dive_1_T2,37,outer_slope,Pseudanthias tuka,1,Feb_23_44989_Ashmore_ROV_Dive_1_T2,0:03:20
Feb_23,4/3/2023,Ashmore,ROV,Dive_1_T2,37,outer_slope,Pseudanthias tuka,1,Feb_23_44989_Ashmore_ROV_Dive_1_T2,0:03:20
Feb_23,4/3/2023,Ashmore,ROV,Dive_1_T2,37,outer_slope,Amblyglyphidodon aureus,1,Feb_23_44989_Ashmore_ROV_Dive_1_T2,0:03:20
Feb_23,4/3/2023,Ashmore,ROV,Dive_1_T2,37,outer_slope,Bodianus dictynna,1,Feb_23_44989_Ashmore_ROV_Dive_1_T2,0:03:20
Feb_23,4/3/2023,Ashmore,ROV,Dive_1_T2,37,outer_slope,Scarus schlegeli,1,Feb_23_44989_Ashmore_ROV_Dive_1_T2,0:03:20
Feb_23,4/3/2023,Ashmore,ROV,Dive_1_T2,37,outer_slope,Pomacentrus reidi,1,Feb_23_44989_Ashmore_ROV_Dive_1_T2,0:03:20
Feb_23,4/3/2023,Ashmore,ROV,Dive_1_T2,37,outer_slope,Chromis xanthochira,1,Feb_23_44989_Ashmore_ROV_Dive_1_T2,0:03:20
Feb_23,4/3/2023,Ashmore,ROV,Dive_1_T2,37,outer_slope,Chromis margaritifer,1,Feb_23_44989_Ashmore_ROV_Dive_1_T2,0:03:20
Feb_23,4/3/2023,Ashmore,ROV,Dive_1_T2,37,outer_slope,Chromis xanthochira,1,Feb_23_44989_Ashmore_ROV_Dive_1_T2,0:03:20
Feb_23,4/3/2023,Ashmore,ROV,Dive_1_T2,37,outer_slope,Labroides dimidiatus,1,Feb_23_44989_Ashmore_ROV_Dive_1_T2,0:03:20
Feb_23,4/3/2023,Ashmore,ROV,Dive_1_T2,37,outer_slope,Centropyge bicolor,1,Feb_23_44989_Ashmore_ROV_Dive_1_T2,0:03:20
Feb_23,4/3/2023,Ashmore,ROV,Dive_1_T2,37,outer_slope,Chromis retrofasciata,1,Feb_23_44989_Ashmore_ROV_Dive_1_T2,0:03:20
Feb_23,4/3/2023,Ashmore,ROV,Dive_1_T2,37,outer_slope,Chromis retrofasciata,1,Feb_23_44989_Ashmore_ROV_Dive_1_T2,0:03:20
Feb_23,4/3/2023,Ashmore,ROV,Dive_1_T2,37,outer_slope,Scolopsis bilineata,1,Feb_23_44989_Ashmore_ROV_Dive_1_T2,0:03:20
Feb_23,4/3/2023,Ashmore,ROV,Dive_1_T2,37,outer_slope,Chaetodon mertensii,1,Feb_23_44989_Ashmore_ROV_Dive_1_T2,0:03:20
Feb_23,4/3/2023,Ashmore,ROV,Dive_1_T2,37,outer_slope,Choerodon jordani,1,Feb_23_44989_Ashmore_ROV_Dive_1_T2,0:03:20
Feb_23,4/3/2023,Ashmore,ROV,Dive_1_T2,37,outer_slope,Choerodon jordani,1,Feb_23_44989_Ashmore_ROV_Dive_1_T2,0:03:20
Feb_23,4/3/2023,Ashmore,ROV,Dive_1_T2,37,outer_slope,Centropyge bispinosa,1,Feb_23_44989_Ashmore_ROV_Dive_1_T2,0:03:20
Feb_23,4/3/2023,Ashmore,ROV,Dive_1_T2,37,outer_slope,Pomacentrus brachialis,1,Feb_23_44989_Ashmore_ROV_Dive_1_T2,0:03:20
Feb_23,4/3/2023,Ashmore,ROV,Dive_1_T2,37,outer_slope,Pomacentrus brachialis,1,Feb_23_44989_Ashmore_ROV_Dive_1_T2,0:03:20
Feb_23,4/3/2023,Ashmore,ROV,Dive_1_T2,37,outer_slope,Pomacentrus brachialis,1,Feb_23_44989_Ashmore_ROV_Dive_1_T2,0:03:20
Feb_23,4/3/2023,Ashmore,ROV,Dive_1_T2,37,outer_slope,Pomacentrus brachialis,1,Feb_23_44989_Ashmore_ROV_Dive_1_T2,0:03:20
Feb_23,4/3/2023,Ashmore,ROV,Dive_1_T2,37,outer_slope,Pomacentrus brachialis,1,Feb_23_44989_Ashmore_ROV_Dive_1_T2,0:03:20
Feb_23,4/3/2023,Ashmore,ROV,Dive_1_T2,37,outer_slope,Pomacentrus brachialis,1,Feb_23_44989_Ashmore_ROV_Dive_1_T2,0:03:20
Feb_23,4/3/2023,Ashmore,ROV,Dive_1_T2,37,outer_slope,Pomacentrus brachialis,1,Feb_23_44989_Ashmore_ROV_Dive_1_T2,0:03:20
Feb_23,4/3/2023,Ashmore,ROV,Dive_1_T2,37,outer_slope,Pomacentrus brachialis,1,Feb_23_44989_Ashmore_ROV_Dive_1_T2,0:03:20
Feb_23,4/3/2023,Ashmore,ROV,Dive_1_T2,37,outer_slope,Pomacentrus brachialis,1,Feb_23_44989_Ashmore_ROV_Dive_1_T2,0:03:20
Feb_23,4/3/2023,Ashmore,ROV,Dive_1_T2,37,outer_slope,Lutjanus kasmira,1,Feb_23_44989_Ashmore_ROV_Dive_1_T2,0:03:20
Feb_23,4/3/2023,Ashmore,ROV,Dive_1_T2,37,outer_slope,Lutjanus kasmira,1,Feb_23_44989_Ashmore_ROV_Dive_1_T2,0:03:20
Feb_23,4/3/2023,Ashmore,ROV,Dive_1_T2,37,outer_slope,Apolemichthys trimaculatus,1,Feb_23_44989_Ashmore_ROV_Dive_1_T2,0:03:20
Feb_23,4/3/2023,Ashmore,ROV,Dive_1_T2,37,outer_slope,Dascyllus reticulatus,1,Feb_23_44989_Ashmore_ROV_Dive_1_T2,0:03:20
Feb_23,4/3/2023,Ashmore,ROV,Dive_1_T2,37,outer_slope,Dascyllus reticulatus,1,Feb_23_44989_Ashmore_ROV_Dive_1_T2,0:03:20
Feb_23,4/3/2023,Ashmore,ROV,Dive_1_T2,37,outer_slope,Chromis xanthura,1,Feb_23_44989_Ashmore_ROV_Dive_1_T2,0:03:20
Feb_23,4/3/2023,Ashmore,ROV,Dive_1_T2,37,outer_slope,Hemitaurichthys polylepis,1,Feb_23_44989_Ashmore_ROV_Dive_1_T2,0:03:20
Feb_23,4/3/2023,Ashmore,ROV,Dive_1_T2,37,outer_slope,Dascyllus trimaculatus,1,Feb_23_44989_Ashmore_ROV_Dive_1_T2,0:03:20
Feb_23,4/3/2023,Ashmore,ROV,Dive_1_T2,37,outer_slope,Chromis xanthochira,1,Feb_23_44989_Ashmore_ROV_Dive_1_T2,0:03:20
Feb_23,4/3/2023,Ashmore,ROV,Dive_1_T2,37,outer_slope,Chromis xanthochira,1,Feb_23_44989_Ashmore_ROV_Dive_1_T2,0:03:20
Feb_23,4/3/2023,Ashmore,ROV,Dive_1_T2,37,outer_slope,Chromis xanthochira,1,Feb_23_44989_Ashmore_ROV_Dive_1_T2,0:03:20
Feb_23,4/3/2023,Ashmore,ROV,Dive_1_T2,37,outer_slope,Parupeneus pleurostigma,1,Feb_23_44989_Ashmore_ROV_Dive_1_T2,0:03:20
Feb_23,4/3/2023,Ashmore,ROV,Dive_1_T2,37,outer_slope,Parupeneus pleurostigma,1,Feb_23_44989_Ashmore_ROV_Dive_1_T2,0:03:20
Feb_23,4/3/2023,Ashmore,ROV,Dive_1_T2,37,outer_slope,Parupeneus multifasciatus,1,Feb_23_44989_Ashmore_ROV_Dive_1_T2,0:03:20
Feb_23,4/3/2023,Ashmore,ROV,Dive_1_T2,37,outer_slope,Acanthochromis polyacanthus,1,Feb_23_44989_Ashmore_ROV_Dive_1_T2,0:03:20
Feb_23,4/3/2023,Ashmore,ROV,Dive_1_T2,37,outer_slope,Acanthochromis polyacanthus,1,Feb_23_44989_Ashmore_ROV_Dive_1_T2,0:03:20
Feb_23,4/3/2023,Ashmore,ROV,Dive_1_T2,37,outer_slope,Acanthochromis polyacanthus,1,Feb_23_44989_Ashmore_ROV_Dive_1_T2,0:03:20
Feb_23,4/3/2023,Ashmore,ROV,Dive_1_T2,37,outer_slope,Acanthochromis polyacanthus,1,Feb_23_44989_Ashmore_ROV_Dive_1_T2,0:03:20
Feb_23,4/3/2023,Ashmore,ROV,Dive_1_T2,37,outer_slope,Acanthochromis polyacanthus,1,Feb_23_44989_Ashmore_ROV_Dive_1_T2,0:03:20
Feb_23,4/3/2023,Ashmore,ROV,Dive_1_T2,37,outer_slope,Acanthochromis polyacanthus,1,Feb_23_44989_Ashmore_ROV_Dive_1_T2,0:03:20
Feb_23,4/3/2023,Ashmore,ROV,Dive_1_T2,37,outer_slope,Chromis xanthochira,1,Feb_23_44989_Ashmore_ROV_Dive_1_T2,0:03:20
Feb_23,4/3/2023,Ashmore,ROV,Dive_1_T2,37,outer_slope,Genicanthus melanospilos,1,Feb_23_44989_Ashmore_ROV_Dive_1_T2,0:03:20
Feb_23,4/3/2023,Ashmore,ROV,Dive_1_T2,37,outer_slope,Genicanthus melanospilos,1,Feb_23_44989_Ashmore_ROV_Dive_1_T2,0:03:20
Feb_23,4/3/2023,Ashmore,ROV,Dive_1_T2,37,outer_slope,Chromis amboinensis,1,Feb_23_44989_Ashmore_ROV_Dive_1_T2,0:03:20
Feb_23,4/3/2023,Ashmore,ROV,Dive_1_T2,37,outer_slope,Chromis amboinensis,1,Feb_23_44989_Ashmore_ROV_Dive_1_T2,0:03:20
Feb_23,4/3/2023,Ashmore,ROV,Dive_1_T2,37,outer_slope,Chromis amboinensis,1,Feb_23_44989_Ashmore_ROV_Dive_1_T2,0:03:20
Feb_23,4/3/2023,Ashmore,ROV,Dive_1_T2,37,outer_slope,Chromis amboinensis,1,Feb_23_44989_Ashmore_ROV_Dive_1_T2,0:03:20
Feb_23,4/3/2023,Ashmore,ROV,Dive_1_T2,37,outer_slope,Chromis amboinensis,1,Feb_23_44989_Ashmore_ROV_Dive_1_T2,0:03:20
Feb_23,4/3/2023,Ashmore,ROV,Dive_1_T2,37,outer_slope,Pomacentrus reidi,1,Feb_23_44989_Ashmore_ROV_Dive_1_T2,0:03:20
Feb_23,4/3/2023,Ashmore,ROV,Dive_1_T2,37,outer_slope,Pomacentrus reidi,1,Feb_23_44989_Ashmore_ROV_Dive_1_T2,0:03:20
Feb_23,4/3/2023,Ashmore,ROV,Dive_1_T2,37,outer_slope,Centropyge bicolor,1,Feb_23_44989_Ashmore_ROV_Dive_1_T2,0:03:20
Feb_23,4/3/2023,Ashmore,ROV,Dive_1_T2,37,outer_slope,Chromis retrofasciata,1,Feb_23_44989_Ashmore_ROV_Dive_1_T2,0:03:20
Feb_23,4/3/2023,Ashmore,ROV,Dive_1_T2,37,outer_slope,Chromis xanthura,1,Feb_23_44989_Ashmore_ROV_Dive_1_T2,0:03:20
Feb_23,4/3/2023,Ashmore,ROV,Dive_1_T2,37,outer_slope,Chromis xanthura,1,Feb_23_44989_Ashmore_ROV_Dive_1_T2,0:03:20
Feb_23,4/3/2023,Ashmore,ROV,Dive_1_T2,37,outer_slope,Chromis amboinensis,1,Feb_23_44989_Ashmore_ROV_Dive_1_T2,0:03:20
Feb_23,4/3/2023,Ashmore,ROV,Dive_1_T2,37,outer_slope,Chromis amboinensis,1,Feb_23_44989_Ashmore_ROV_Dive_1_T2,0:03:20
Feb_23,4/3/2023,Ashmore,ROV,Dive_1_T2,37,outer_slope,Chromis amboinensis,1,Feb_23_44989_Ashmore_ROV_Dive_1_T2,0:03:20
Feb_23,4/3/2023,Ashmore,ROV,Dive_1_T2,37,outer_slope,Chromis amboinensis,1,Feb_23_44989_Ashmore_ROV_Dive_1_T2,0:03:20
Feb_23,4/3/2023,Ashmore,ROV,Dive_1_T2,37,outer_slope,Chromis amboinensis,1,Feb_23_44989_Ashmore_ROV_Dive_1_T2,0:03:20
Feb_23,4/3/2023,Ashmore,ROV,Dive_1_T2,37,outer_slope,Chromis amboinensis,1,Feb_23_44989_Ashmore_ROV_Dive_1_T2,0:03:20
Feb_23,4/3/2023,Ashmore,ROV,Dive_1_T2,37,outer_slope,Chromis amboinensis,1,Feb_23_44989_Ashmore_ROV_Dive_1_T2,0:03:20
Feb_23,4/3/2023,Ashmore,ROV,Dive_1_T2,37,outer_slope,Chromis amboinensis,1,Feb_23_44989_Ashmore_ROV_Dive_1_T2,0:03:20
Feb_23,4/3/2023,Ashmore,ROV,Dive_1_T2,37,outer_slope,Chromis amboinensis,1,Feb_23_44989_Ashmore_ROV_Dive_1_T2,0:03:20
Feb_23,4/3/2023,Ashmore,ROV,Dive_1_T2,37,outer_slope,Chromis amboinensis,1,Feb_23_44989_Ashmore_ROV_Dive_1_T2,0:03:20
Feb_23,4/3/2023,Ashmore,ROV,Dive_1_T2,37,outer_slope,Cheilinus oxycephalus,1,Feb_23_44989_Ashmore_ROV_Dive_1_T2,0:03:20
Feb_23,4/3/2023,Ashmore,ROV,Dive_1_T2,37,outer_slope,Genicanthus melanospilos,1,Feb_23_44989_Ashmore_ROV_Dive_1_T2,0:03:20
Feb_23,4/3/2023,Ashmore,ROV,Dive_1_T2,37,outer_slope,Labroides dimidiatus,1,Feb_23_44989_Ashmore_ROV_Dive_1_T2,0:03:20
Feb_23,4/3/2023,Ashmore,ROV,Dive_1_T2,37,outer_slope,Carcharhinus albimarginatus,1,Feb_23_44989_Ashmore_ROV_Dive_1_T2,0:03:20
Feb_23,4/3/2023,Ashmore,ROV,Dive_1_T2,37,outer_slope,Chromis atripes,1,Feb_23_44989_Ashmore_ROV_Dive_1_T2,0:03:20
Feb_23,4/3/2023,Ashmore,ROV,Dive_1_T2,37,outer_slope,Dascyllus reticulatus,1,Feb_23_44989_Ashmore_ROV_Dive_1_T2,0:03:20
Feb_23,4/3/2023,Ashmore,ROV,Dive_1_T2,37,outer_slope,Halichoeres biocellatus,1,Feb_23_44989_Ashmore_ROV_Dive_1_T2,0:03:20
Feb_23,4/3/2023,Ashmore,ROV,Dive_1_T2,37,outer_slope,Bodianus anthioides,1,Feb_23_44989_Ashmore_ROV_Dive_1_T2,0:03:20
Feb_23,4/3/2023,Ashmore,ROV,Dive_1_T2,37,outer_slope,Epibulus insidiator,1,Feb_23_44989_Ashmore_ROV_Dive_1_T2,0:03:20
Feb_23,4/3/2023,Ashmore,ROV,Dive_1_T2,37,outer_slope,Chromis margaritifer,1,Feb_23_44989_Ashmore_ROV_Dive_1_T2,0:03:20
Feb_23,4/3/2023,Ashmore,ROV,Dive_1_T2,37,outer_slope,Heniochus chrysostomus,1,Feb_23_44989_Ashmore_ROV_Dive_1_T2,0:03:20
Feb_23,4/3/2023,Ashmore,ROV,Dive_1_T2,37,outer_slope,Chromis atripes,1,Feb_23_44989_Ashmore_ROV_Dive_1_T2,0:03:20
Feb_23,4/3/2023,Ashmore,ROV,Dive_1_T2,37,outer_slope,Chromis margaritifer,1,Feb_23_44989_Ashmore_ROV_Dive_1_T2,0:03:20
Feb_23,4/3/2023,Ashmore,ROV,Dive_1_T2,37,outer_slope,Nemateleotris magnifica,1,Feb_23_44989_Ashmore_ROV_Dive_1_T2,0:03:20
Feb_23,4/3/2023,Ashmore,ROV,Dive_1_T2,37,outer_slope,Nemateleotris magnifica,1,Feb_23_44989_Ashmore_ROV_Dive_1_T2,0:03:20
Feb_23,4/3/2023,Ashmore,ROV,Dive_1_T2,37,outer_slope,Nemateleotris magnifica,1,Feb_23_44989_Ashmore_ROV_Dive_1_T2,0:03:20
Feb_23,4/3/2023,Ashmore,ROV,Dive_1_T2,37,outer_slope,Thalassoma lunare,1,Feb_23_44989_Ashmore_ROV_Dive_1_T2,0:03:20
Feb_23,4/3/2023,Ashmore,ROV,Dive_1_T2,37,outer_slope,Chromis margaritifer,1,Feb_23_44989_Ashmore_ROV_Dive_1_T2,0:03:20
Feb_23,4/3/2023,Ashmore,ROV,Dive_1_T2,37,outer_slope,Nemateleotris magnifica,1,Feb_23_44989_Ashmore_ROV_Dive_1_T2,0:03:20
Feb_23,4/3/2023,Ashmore,ROV,Dive_1_T2,37,outer_slope,Nemateleotris magnifica,1,Feb_23_44989_Ashmore_ROV_Dive_1_T2,0:03:20
Feb_23,4/3/2023,Ashmore,ROV,Dive_1_T2,37,outer_slope,Chromis sp,1,Feb_23_44989_Ashmore_ROV_Dive_1_T2,0:03:20
Feb_23,4/3/2023,Ashmore,ROV,Dive_1_T2,37,outer_slope,Forcipiger sp,1,Feb_23_44989_Ashmore_ROV_Dive_1_T2,0:03:20
Feb_23,4/3/2023,Ashmore,ROV,Dive_1_T2,37,outer_slope,Myripristis sp,1,Feb_23_44989_Ashmore_ROV_Dive_1_T2,0:03:20
Feb_23,4/3/2023,Ashmore,ROV,Dive_1_T2,37,outer_slope,Acanthurus sp,1,Feb_23_44989_Ashmore_ROV_Dive_1_T2,0:03:20
Feb_23,4/3/2023,Ashmore,ROV,Dive_1_T2,37,outer_slope,Ctenochaetus sp,1,Feb_23_44989_Ashmore_ROV_Dive_1_T2,0:03:20
Feb_23,4/3/2023,Ashmore,ROV,Dive_1_T2,37,outer_slope,Myripristis sp,1,Feb_23_44989_Ashmore_ROV_Dive_1_T2,0:03:20
Feb_23,4/3/2023,Ashmore,ROV,Dive_1_T2,37,outer_slope,Chaetodon sp,1,Feb_23_44989_Ashmore_ROV_Dive_1_T2,0:03:20
Feb_23,4/3/2023,Ashmore,ROV,Dive_1_T2,37,outer_slope,Cephalopholis sp,1,Feb_23_44989_Ashmore_ROV_Dive_1_T2,0:03:20
Feb_23,4/3/2023,Ashmore,ROV,Dive_1_T3,37,outer_slope,Parapercis sp,1,Feb_23_44989_Ashmore_ROV_Dive_1_T3,0:03:20
Feb_23,4/3/2023,Ashmore,ROV,Dive_1_T3,38,outer_slope,Variola louti,1,Feb_23_44989_Ashmore_ROV_Dive_1_T3,0:03:20
Feb_23,4/3/2023,Ashmore,ROV,Dive_1_T3,38,outer_slope,Chromis alpha,1,Feb_23_44989_Ashmore_ROV_Dive_1_T3,0:03:20
Feb_23,4/3/2023,Ashmore,ROV,Dive_1_T3,38,outer_slope,Chromis atripes,2,Feb_23_44989_Ashmore_ROV_Dive_1_T3,0:03:20
Feb_23,4/3/2023,Ashmore,ROV,Dive_1_T3,38,outer_slope,Centropyge bispinosa,1,Feb_23_44989_Ashmore_ROV_Dive_1_T3,0:03:20
Feb_23,4/3/2023,Ashmore,ROV,Dive_1_T3,38,outer_slope,Chromis atripes,1,Feb_23_44989_Ashmore_ROV_Dive_1_T3,0:03:20
Feb_23,4/3/2023,Ashmore,ROV,Dive_1_T3,38,outer_slope,Cheilodipterus macrodon,1,Feb_23_44989_Ashmore_ROV_Dive_1_T3,0:03:20
Feb_23,4/3/2023,Ashmore,ROV,Dive_1_T3,38,outer_slope,Chromis xanthura,1,Feb_23_44989_Ashmore_ROV_Dive_1_T3,0:03:20
Feb_23,4/3/2023,Ashmore,ROV,Dive_1_T3,38,outer_slope,Chromis xanthura,1,Feb_23_44989_Ashmore_ROV_Dive_1_T3,0:03:20
Feb_23,4/3/2023,Ashmore,ROV,Dive_1_T3,38,outer_slope,Pomacentrus reidi,1,Feb_23_44989_Ashmore_ROV_Dive_1_T3,0:03:20
Feb_23,4/3/2023,Ashmore,ROV,Dive_1_T3,38,outer_slope,Pomacentrus reidi,1,Feb_23_44989_Ashmore_ROV_Dive_1_T3,0:03:20
Feb_23,4/3/2023,Ashmore,ROV,Dive_1_T3,38,outer_slope,Acanthurus pyroferus,1,Feb_23_44989_Ashmore_ROV_Dive_1_T3,0:03:20
Feb_23,4/3/2023,Ashmore,ROV,Dive_1_T3,38,outer_slope,Acanthochromis polyacanthus,1,Feb_23_44989_Ashmore_ROV_Dive_1_T3,0:03:20
Feb_23,4/3/2023,Ashmore,ROV,Dive_1_T3,38,outer_slope,Sufflamen chrysopterum,1,Feb_23_44989_Ashmore_ROV_Dive_1_T3,0:03:20
Feb_23,4/3/2023,Ashmore,ROV,Dive_1_T3,38,outer_slope,Pseudanthias pleurotaenia,1,Feb_23_44989_Ashmore_ROV_Dive_1_T3,0:03:20
Feb_23,4/3/2023,Ashmore,ROV,Dive_1_T3,38,outer_slope,Pomacentrus reidi,1,Feb_23_44989_Ashmore_ROV_Dive_1_T3,0:03:20
Feb_23,4/3/2023,Ashmore,ROV,Dive_1_T3,38,outer_slope,Pomacentrus reidi,1,Feb_23_44989_Ashmore_ROV_Dive_1_T3,0:03:20
Feb_23,4/3/2023,Ashmore,ROV,Dive_1_T3,38,outer_slope,Chromis alpha,1,Feb_23_44989_Ashmore_ROV_Dive_1_T3,0:03:20
Feb_23,4/3/2023,Ashmore,ROV,Dive_1_T3,38,outer_slope,Pomacentrus reidi,1,Feb_23_44989_Ashmore_ROV_Dive_1_T3,0:03:20
Feb_23,4/3/2023,Ashmore,ROV,Dive_1_T3,38,outer_slope,Genicanthus melanospilos,1,Feb_23_44989_Ashmore_ROV_Dive_1_T3,0:03:20
Feb_23,4/3/2023,Ashmore,ROV,Dive_1_T3,38,outer_slope,Genicanthus melanospilos,1,Feb_23_44989_Ashmore_ROV_Dive_1_T3,0:03:20
Feb_23,4/3/2023,Ashmore,ROV,Dive_1_T3,38,outer_slope,Genicanthus melanospilos,1,Feb_23_44989_Ashmore_ROV_Dive_1_T3,0:03:20
Feb_23,4/3/2023,Ashmore,ROV,Dive_1_T3,38,outer_slope,Genicanthus melanospilos,1,Feb_23_44989_Ashmore_ROV_Dive_1_T3,0:03:20
Feb_23,4/3/2023,Ashmore,ROV,Dive_1_T3,38,outer_slope,Pseudanthias pleurotaenia,1,Feb_23_44989_Ashmore_ROV_Dive_1_T3,0:03:20
Feb_23,4/3/2023,Ashmore,ROV,Dive_1_T3,38,outer_slope,Pseudanthias pleurotaenia,1,Feb_23_44989_Ashmore_ROV_Dive_1_T3,0:03:20
Feb_23,4/3/2023,Ashmore,ROV,Dive_1_T3,38,outer_slope,Genicanthus melanospilos,1,Feb_23_44989_Ashmore_ROV_Dive_1_T3,0:03:20
Feb_23,4/3/2023,Ashmore,ROV,Dive_1_T3,38,outer_slope,Hologymnosus longipes,1,Feb_23_44989_Ashmore_ROV_Dive_1_T3,0:03:20
Feb_23,4/3/2023,Ashmore,ROV,Dive_1_T3,38,outer_slope,Xanthichthys auromarginatus,1,Feb_23_44989_Ashmore_ROV_Dive_1_T3,0:03:20
Feb_23,4/3/2023,Ashmore,ROV,Dive_1_T3,38,outer_slope,Pomacentrus reidi,1,Feb_23_44989_Ashmore_ROV_Dive_1_T3,0:03:20
Feb_23,4/3/2023,Ashmore,ROV,Dive_1_T3,38,outer_slope,Acanthurus pyroferus,1,Feb_23_44989_Ashmore_ROV_Dive_1_T3,0:03:20
Feb_23,4/3/2023,Ashmore,ROV,Dive_1_T3,38,outer_slope,Pseudanthias pleurotaenia,1,Feb_23_44989_Ashmore_ROV_Dive_1_T3,0:03:20
Feb_23,4/3/2023,Ashmore,ROV,Dive_1_T3,38,outer_slope,Genicanthus melanospilos,1,Feb_23_44989_Ashmore_ROV_Dive_1_T3,0:03:20
Feb_23,4/3/2023,Ashmore,ROV,Dive_1_T3,38,outer_slope,Chromis xanthochira,1,Feb_23_44989_Ashmore_ROV_Dive_1_T3,0:03:20
Feb_23,4/3/2023,Ashmore,ROV,Dive_1_T3,38,outer_slope,Xanthichthys auromarginatus,1,Feb_23_44989_Ashmore_ROV_Dive_1_T3,0:03:20
Feb_23,4/3/2023,Ashmore,ROV,Dive_1_T3,38,outer_slope,Parupeneus cyclostomus,1,Feb_23_44989_Ashmore_ROV_Dive_1_T3,0:03:20
Feb_23,4/3/2023,Ashmore,ROV,Dive_1_T3,38,outer_slope,Oxycheilinus orientalis,1,Feb_23_44989_Ashmore_ROV_Dive_1_T3,0:03:20
Feb_23,4/3/2023,Ashmore,ROV,Dive_1_T3,38,outer_slope,Oxycheilinus orientalis,1,Feb_23_44989_Ashmore_ROV_Dive_1_T3,0:03:20
Feb_23,4/3/2023,Ashmore,ROV,Dive_1_T3,38,outer_slope,Parupeneus multifasciatus,1,Feb_23_44989_Ashmore_ROV_Dive_1_T3,0:03:20
Feb_23,4/3/2023,Ashmore,ROV,Dive_1_T3,38,outer_slope,Nemateleotris magnifica,1,Feb_23_44989_Ashmore_ROV_Dive_1_T3,0:03:20
Feb_23,4/3/2023,Ashmore,ROV,Dive_1_T3,38,outer_slope,Nemateleotris magnifica,1,Feb_23_44989_Ashmore_ROV_Dive_1_T3,0:03:20
Feb_23,4/3/2023,Ashmore,ROV,Dive_1_T3,38,outer_slope,Oxycheilinus orientalis,1,Feb_23_44989_Ashmore_ROV_Dive_1_T3,0:03:20
Feb_23,4/3/2023,Ashmore,ROV,Dive_1_T3,38,outer_slope,Oxycheilinus orientalis,1,Feb_23_44989_Ashmore_ROV_Dive_1_T3,0:03:20
Feb_23,4/3/2023,Ashmore,ROV,Dive_1_T3,38,outer_slope,Labroides dimidiatus,1,Feb_23_44989_Ashmore_ROV_Dive_1_T3,0:03:20
Feb_23,4/3/2023,Ashmore,ROV,Dive_1_T3,38,outer_slope,Parupeneus multifasciatus,1,Feb_23_44989_Ashmore_ROV_Dive_1_T3,0:03:20
Feb_23,4/3/2023,Ashmore,ROV,Dive_1_T3,38,outer_slope,Nemateleotris magnifica,1,Feb_23_44989_Ashmore_ROV_Dive_1_T3,0:03:20
Feb_23,4/3/2023,Ashmore,ROV,Dive_1_T3,38,outer_slope,Pseudocheilinus evanidus,1,Feb_23_44989_Ashmore_ROV_Dive_1_T3,0:03:20
Feb_23,4/3/2023,Ashmore,ROV,Dive_1_T3,38,outer_slope,Halichoeres biocellatus,1,Feb_23_44989_Ashmore_ROV_Dive_1_T3,0:03:20
Feb_23,4/3/2023,Ashmore,ROV,Dive_1_T3,38,outer_slope,Macropharyngodon negrosensis,1,Feb_23_44989_Ashmore_ROV_Dive_1_T3,0:03:20
Feb_23,4/3/2023,Ashmore,ROV,Dive_1_T3,38,outer_slope,Centropyge bicolor,1,Feb_23_44989_Ashmore_ROV_Dive_1_T3,0:03:20
Feb_23,4/3/2023,Ashmore,ROV,Dive_1_T3,38,outer_slope,Centropyge bicolor,1,Feb_23_44989_Ashmore_ROV_Dive_1_T3,0:03:20
Feb_23,4/3/2023,Ashmore,ROV,Dive_1_T3,38,outer_slope,Centropyge heraldi,1,Feb_23_44989_Ashmore_ROV_Dive_1_T3,0:03:20
Feb_23,4/3/2023,Ashmore,ROV,Dive_1_T3,38,outer_slope,Centropyge bicolor,1,Feb_23_44989_Ashmore_ROV_Dive_1_T3,0:03:20
Feb_23,4/3/2023,Ashmore,ROV,Dive_1_T3,38,outer_slope,Chaetodon kleinii,1,Feb_23_44989_Ashmore_ROV_Dive_1_T3,0:03:20
Feb_23,4/3/2023,Ashmore,ROV,Dive_1_T3,38,outer_slope,Chromis delta,1,Feb_23_44989_Ashmore_ROV_Dive_1_T3,0:03:20
Feb_23,4/3/2023,Ashmore,ROV,Dive_1_T3,38,outer_slope,Chromis delta,1,Feb_23_44989_Ashmore_ROV_Dive_1_T3,0:03:20
Feb_23,4/3/2023,Ashmore,ROV,Dive_1_T3,38,outer_slope,Labroides dimidiatus,1,Feb_23_44989_Ashmore_ROV_Dive_1_T3,0:03:20
Feb_23,4/3/2023,Ashmore,ROV,Dive_1_T3,38,outer_slope,Chromis delta,1,Feb_23_44989_Ashmore_ROV_Dive_1_T3,0:03:20
Feb_23,4/3/2023,Ashmore,ROV,Dive_1_T3,38,outer_slope,Macropharyngodon negrosensis,1,Feb_23_44989_Ashmore_ROV_Dive_1_T3,0:03:20
Feb_23,4/3/2023,Ashmore,ROV,Dive_1_T3,38,outer_slope,Halichoeres chrysus,1,Feb_23_44989_Ashmore_ROV_Dive_1_T3,0:03:20
Feb_23,4/3/2023,Ashmore,ROV,Dive_1_T3,38,outer_slope,Ptereleotris heteroptera,1,Feb_23_44989_Ashmore_ROV_Dive_1_T3,0:03:20
Feb_23,4/3/2023,Ashmore,ROV,Dive_1_T3,38,outer_slope,Ptereleotris heteroptera,1,Feb_23_44989_Ashmore_ROV_Dive_1_T3,0:03:20
Feb_23,4/3/2023,Ashmore,ROV,Dive_1_T3,38,outer_slope,Halichoeres chrysus,1,Feb_23_44989_Ashmore_ROV_Dive_1_T3,0:03:20
Feb_23,4/3/2023,Ashmore,ROV,Dive_1_T3,38,outer_slope,Nemateleotris magnifica,1,Feb_23_44989_Ashmore_ROV_Dive_1_T3,0:03:20
Feb_23,4/3/2023,Ashmore,ROV,Dive_1_T3,38,outer_slope,Nemateleotris magnifica,1,Feb_23_44989_Ashmore_ROV_Dive_1_T3,0:03:20
Feb_23,4/3/2023,Ashmore,ROV,Dive_1_T3,38,outer_slope,Myripristis sp,1,Feb_23_44989_Ashmore_ROV_Dive_1_T3,0:03:20
Feb_23,4/3/2023,Ashmore,ROV,Dive_1_T3,38,outer_slope,Myripristis sp,1,Feb_23_44989_Ashmore_ROV_Dive_1_T3,0:03:20
Feb_23,4/3/2023,Ashmore,ROV,Dive_1_T3,38,outer_slope,Myripristis sp,1,Feb_23_44989_Ashmore_ROV_Dive_1_T3,0:03:20
Feb_23,4/3/2023,Ashmore,ROV,Dive_1_T3,38,outer_slope,Parapercis sp,1,Feb_23_44989_Ashmore_ROV_Dive_1_T3,0:03:20
Feb_23,4/3/2023,Ashmore,ROV,Dive_1_T4,38,outer_slope,Parupeneus sp,1,Feb_23_44989_Ashmore_ROV_Dive_1_T4,0:03:20
Feb_23,4/3/2023,Ashmore,ROV,Dive_1_T4,55,outer_slope,Hoplolatilus cuniculus,1,Feb_23_44989_Ashmore_ROV_Dive_1_T4,0:03:20
Feb_23,4/3/2023,Ashmore,ROV,Dive_1_T4,55,outer_slope,Hoplolatilus cuniculus,1,Feb_23_44989_Ashmore_ROV_Dive_1_T4,0:03:20
Feb_23,4/3/2023,Ashmore,ROV,Dive_1_T4,55,outer_slope,Hoplolatilus marcosi,1,Feb_23_44989_Ashmore_ROV_Dive_1_T4,0:03:20
Feb_23,4/3/2023,Ashmore,ROV,Dive_1_T4,55,outer_slope,Hoplolatilus marcosi,1,Feb_23_44989_Ashmore_ROV_Dive_1_T4,0:03:20
Feb_23,4/3/2023,Ashmore,ROV,Dive_1_T4,55,outer_slope,Hoplolatilus marcosi,1,Feb_23_44989_Ashmore_ROV_Dive_1_T4,0:03:20
Feb_23,4/3/2023,Ashmore,ROV,Dive_1_T4,55,outer_slope,Hoplolatilus marcosi,1,Feb_23_44989_Ashmore_ROV_Dive_1_T4,0:03:20
Feb_23,4/3/2023,Ashmore,ROV,Dive_1_T4,55,outer_slope,Hoplolatilus marcosi,1,Feb_23_44989_Ashmore_ROV_Dive_1_T4,0:03:20
Feb_23,4/3/2023,Ashmore,ROV,Dive_1_T4,55,outer_slope,Hoplolatilus marcosi,1,Feb_23_44989_Ashmore_ROV_Dive_1_T4,0:03:20
Feb_23,4/3/2023,Ashmore,ROV,Dive_1_T5,55,outer_slope,Sufflamen bursa,1,Feb_23_44989_Ashmore_ROV_Dive_1_T5,0:03:20
Feb_23,4/3/2023,Ashmore,ROV,Dive_1_T5,53,outer_slope,Hoplolatilus marcosi,1,Feb_23_44989_Ashmore_ROV_Dive_1_T5,0:03:20
Feb_23,4/3/2023,Ashmore,ROV,Dive_1_T5,53,outer_slope,Hoplolatilus cuniculus,1,Feb_23_44989_Ashmore_ROV_Dive_1_T5,0:03:20
Feb_23,4/3/2023,Ashmore,ROV,Dive_1_T5,53,outer_slope,Hoplolatilus cuniculus,1,Feb_23_44989_Ashmore_ROV_Dive_1_T5,0:03:20
Feb_23,4/3/2023,Ashmore,ROV,Dive_1_T5,53,outer_slope,Hoplolatilus cuniculus,1,Feb_23_44989_Ashmore_ROV_Dive_1_T5,0:03:20
Feb_23,4/3/2023,Ashmore,ROV,Dive_1_T5,53,outer_slope,Hoplolatilus cuniculus,1,Feb_23_44989_Ashmore_ROV_Dive_1_T5,0:03:20
Feb_23,4/3/2023,Ashmore,ROV,Dive_1_T5,53,outer_slope,Hoplolatilus cuniculus,1,Feb_23_44989_Ashmore_ROV_Dive_1_T5,0:03:20
Feb_23,4/3/2023,Ashmore,ROV,Dive_1_T5,53,outer_slope,Odonus niger,1,Feb_23_44989_Ashmore_ROV_Dive_1_T5,0:03:20
Feb_23,4/3/2023,Ashmore,ROV,Dive_1_T5,53,outer_slope,Odonus niger,1,Feb_23_44989_Ashmore_ROV_Dive_1_T5,0:03:20
Feb_23,4/3/2023,Ashmore,ROV,Dive_1_T5,53,outer_slope,Odonus niger,1,Feb_23_44989_Ashmore_ROV_Dive_1_T5,0:03:20
Feb_23,4/3/2023,Ashmore,ROV,Dive_1_T5,53,outer_slope,Xanthichthys auromarginatus,1,Feb_23_44989_Ashmore_ROV_Dive_1_T5,0:03:20
Feb_23,4/3/2023,Ashmore,ROV,Dive_1_T5,53,outer_slope,Sufflamen fraenatum,1,Feb_23_44989_Ashmore_ROV_Dive_1_T5,0:03:20
Feb_23,4/3/2023,Ashmore,ROV,Dive_1_T5,53,outer_slope,Nemateleotris magnifica,1,Feb_23_44989_Ashmore_ROV_Dive_1_T5,0:03:20
Feb_23,4/3/2023,Ashmore,ROV,Dive_1_T5,53,outer_slope,Nemateleotris magnifica,1,Feb_23_44989_Ashmore_ROV_Dive_1_T5,0:03:20
Feb_23,4/3/2023,Ashmore,ROV,Dive_1_T5,53,outer_slope,Halichoeres chrysus,1,Feb_23_44989_Ashmore_ROV_Dive_1_T5,0:03:20
Feb_23,4/3/2023,Ashmore,ROV,Dive_1_T5,53,outer_slope,Halichoeres chrysus,1,Feb_23_44989_Ashmore_ROV_Dive_1_T5,0:03:20
Feb_23,4/3/2023,Ashmore,ROV,Dive_1_T5,53,outer_slope,Halichoeres chrysus,1,Feb_23_44989_Ashmore_ROV_Dive_1_T5,0:03:20
Feb_23,4/3/2023,Ashmore,ROV,Dive_1_T5,53,outer_slope,Halichoeres chrysus,1,Feb_23_44989_Ashmore_ROV_Dive_1_T5,0:03:20
Feb_23,4/3/2023,Ashmore,ROV,Dive_1_T5,53,outer_slope,Halichoeres chrysus,1,Feb_23_44989_Ashmore_ROV_Dive_1_T5,0:03:20
Feb_23,4/3/2023,Ashmore,ROV,Dive_1_T5,53,outer_slope,Carcharhinus albimarginatus,1,Feb_23_44989_Ashmore_ROV_Dive_1_T5,0:03:20
Feb_23,4/3/2023,Ashmore,ROV,Dive_1_T5,53,outer_slope,Hoplolatilus cuniculus,1,Feb_23_44989_Ashmore_ROV_Dive_1_T5,0:03:20
Feb_23,4/3/2023,Ashmore,ROV,Dive_1_T5,53,outer_slope,Carcharhinus albimarginatus,1,Feb_23_44989_Ashmore_ROV_Dive_1_T5,0:03:20
Feb_23,4/3/2023,Ashmore,ROV,Dive_1_T5,53,outer_slope,Hoplolatilus cuniculus,1,Feb_23_44989_Ashmore_ROV_Dive_1_T5,0:03:20
Feb_23,4/3/2023,Ashmore,ROV,Dive_1_T5,53,outer_slope,Hoplolatilus cuniculus,1,Feb_23_44989_Ashmore_ROV_Dive_1_T5,0:03:20
Feb_23,4/3/2023,Ashmore,ROV,Dive_1_T5,53,outer_slope,Hoplolatilus cuniculus,1,Feb_23_44989_Ashmore_ROV_Dive_1_T5,0:03:20
Feb_23,4/3/2023,Ashmore,ROV,Dive_1_T5,53,outer_slope,Hoplolatilus cuniculus,1,Feb_23_44989_Ashmore_ROV_Dive_1_T5,0:03:20
Feb_23,4/3/2023,Ashmore,ROV,Dive_1_T5,53,outer_slope,Hoplolatilus cuniculus,1,Feb_23_44989_Ashmore_ROV_Dive_1_T5,0:03:20
Feb_23,4/3/2023,Ashmore,ROV,Dive_1_T5,53,outer_slope,Parupeneus pleurostigma,1,Feb_23_44989_Ashmore_ROV_Dive_1_T5,0:03:20
Feb_23,4/3/2023,Ashmore,ROV,Dive_1_T5,53,outer_slope,Hoplolatilus cuniculus,1,Feb_23_44989_Ashmore_ROV_Dive_1_T5,0:03:20
Feb_23,4/3/2023,Ashmore,ROV,Dive_1_T5,53,outer_slope,Hoplolatilus cuniculus,1,Feb_23_44989_Ashmore_ROV_Dive_1_T5,0:03:20
Feb_23,4/3/2023,Ashmore,ROV,Dive_1_T5,53,outer_slope,Parupeneus pleurostigma,1,Feb_23_44989_Ashmore_ROV_Dive_1_T5,0:03:20
Feb_23,4/3/2023,Ashmore,ROV,Dive_1_T5,53,outer_slope,Parupeneus pleurostigma,1,Feb_23_44989_Ashmore_ROV_Dive_1_T5,0:03:20
Feb_23,4/3/2023,Ashmore,ROV,Dive_1_T5,53,outer_slope,Parupeneus pleurostigma,1,Feb_23_44989_Ashmore_ROV_Dive_1_T5,0:03:20
Feb_23,4/3/2023,Ashmore,ROV,Dive_1_T5,53,outer_slope,Parupeneus pleurostigma,1,Feb_23_44989_Ashmore_ROV_Dive_1_T5,0:03:20
Feb_23,4/3/2023,Ashmore,ROV,Dive_1_T5,53,outer_slope,Parupeneus pleurostigma,1,Feb_23_44989_Ashmore_ROV_Dive_1_T5,0:03:20
Feb_23,4/3/2023,Ashmore,ROV,Dive_1_T5,53,outer_slope,Choerodon jordani,1,Feb_23_44989_Ashmore_ROV_Dive_1_T5,0:03:20
Feb_23,4/3/2023,Ashmore,ROV,Dive_1_T5,53,outer_slope,Choerodon jordani,1,Feb_23_44989_Ashmore_ROV_Dive_1_T5,0:03:20
Feb_23,4/3/2023,Ashmore,ROV,Dive_1_T5,53,outer_slope,Pseudanthias cooperi,32,Feb_23_44989_Ashmore_ROV_Dive_1_T5,0:03:20
Feb_23,4/3/2023,Ashmore,ROV,Dive_1_T5,53,outer_slope,Amphiprion clarkii,1,Feb_23_44989_Ashmore_ROV_Dive_1_T5,0:03:20
Feb_23,4/3/2023,Ashmore,ROV,Dive_1_T5,53,outer_slope,Chromis lepidolepis,1,Feb_23_44989_Ashmore_ROV_Dive_1_T5,0:03:20
Feb_23,4/3/2023,Ashmore,ROV,Dive_1_T5,53,outer_slope,Chromis lepidolepis,1,Feb_23_44989_Ashmore_ROV_Dive_1_T5,0:03:20
Feb_23,4/3/2023,Ashmore,ROV,Dive_1_T5,53,outer_slope,Sufflamen fraenatum,1,Feb_23_44989_Ashmore_ROV_Dive_1_T5,0:03:20
Feb_23,4/3/2023,Ashmore,ROV,Dive_1_T5,53,outer_slope,Hoplolatilus marcosi,1,Feb_23_44989_Ashmore_ROV_Dive_1_T5,0:03:20
Feb_23,4/3/2023,Ashmore,ROV,Dive_1_T5,53,outer_slope,Hoplolatilus marcosi,1,Feb_23_44989_Ashmore_ROV_Dive_1_T5,0:03:20
Feb_23,4/3/2023,Ashmore,ROV,Dive_1_T5,53,outer_slope,Halichoeres hartzfeldii,1,Feb_23_44989_Ashmore_ROV_Dive_1_T5,0:03:20
Feb_23,4/3/2023,Ashmore,ROV,Dive_1_T5,53,outer_slope,Hologymnosus sp,1,Feb_23_44989_Ashmore_ROV_Dive_1_T5,0:03:20
Feb_23,4/3/2023,Ashmore,ROV,Dive_1_T5,53,outer_slope,Variola sp,1,Feb_23_44989_Ashmore_ROV_Dive_1_T5,0:03:20
Feb_23,4/3/2023,Ashmore,ROV,Dive_1_T5,53,outer_slope,Pseudanthias sp,1,Feb_23_44989_Ashmore_ROV_Dive_1_T5,0:03:20
Feb_23,4/3/2023,Ashmore,ROV,Dive_1_T5,53,outer_slope,Pseudanthias sp,1,Feb_23_44989_Ashmore_ROV_Dive_1_T5,0:03:20
Feb_23,4/3/2023,Ashmore,ROV,Dive_1_T5,53,outer_slope,Pseudanthias sp,1,Feb_23_44989_Ashmore_ROV_Dive_1_T5,0:03:20
Feb_23,4/3/2023,Ashmore,ROV,Dive_1_T5,53,outer_slope,Pseudanthias sp,1,Feb_23_44989_Ashmore_ROV_Dive_1_T5,0:03:20
Feb_23,4/3/2023,Ashmore,ROV,Dive_1_T5,53,outer_slope,Pseudobalistes sp,1,Feb_23_44989_Ashmore_ROV_Dive_1_T5,0:03:20
Feb_23,4/3/2023,Ashmore,ROV,Dive_1_T5,53,outer_slope,Hoplolatilus sp,1,Feb_23_44989_Ashmore_ROV_Dive_1_T5,0:03:20
Feb_23,4/3/2023,Ashmore,ROV,Dive_1_T5,53,outer_slope,Hoplolatilus sp,1,Feb_23_44989_Ashmore_ROV_Dive_1_T5,0:03:20
Feb_23,4/3/2023,Ashmore,ROV,Dive_1_T6,53,outer_slope,Serranidae sp,1,Feb_23_44989_Ashmore_ROV_Dive_1_T6,0:03:20
Feb_23,4/3/2023,Ashmore,ROV,Dive_1_T6,55,outer_slope,Halichoeres hartzfeldii,1,Feb_23_44989_Ashmore_ROV_Dive_1_T6,0:03:20
Feb_23,4/3/2023,Ashmore,ROV,Dive_1_T6,55,outer_slope,Halichoeres hartzfeldii,1,Feb_23_44989_Ashmore_ROV_Dive_1_T6,0:03:20
Feb_23,4/3/2023,Ashmore,ROV,Dive_1_T6,55,outer_slope,Hoplolatilus marcosi,1,Feb_23_44989_Ashmore_ROV_Dive_1_T6,0:03:20
Feb_23,4/3/2023,Ashmore,ROV,Dive_1_T6,55,outer_slope,Hoplolatilus marcosi,1,Feb_23_44989_Ashmore_ROV_Dive_1_T6,0:03:20
Feb_23,4/3/2023,Ashmore,ROV,Dive_1_T6,55,outer_slope,Hoplolatilus marcosi,1,Feb_23_44989_Ashmore_ROV_Dive_1_T6,0:03:20
Feb_23,4/3/2023,Ashmore,ROV,Dive_1_T6,55,outer_slope,Hoplolatilus marcosi,1,Feb_23_44989_Ashmore_ROV_Dive_1_T6,0:03:20
Feb_23,4/3/2023,Ashmore,ROV,Dive_1_T6,55,outer_slope,Hoplolatilus cuniculus,1,Feb_23_44989_Ashmore_ROV_Dive_1_T6,0:03:20
Feb_23,4/3/2023,Ashmore,ROV,Dive_1_T6,55,outer_slope,Cyprinocirrhites polyactis,1,Feb_23_44989_Ashmore_ROV_Dive_1_T6,0:03:20
Feb_23,4/3/2023,Ashmore,ROV,Dive_1_T6,55,outer_slope,Nemateleotris decora,1,Feb_23_44989_Ashmore_ROV_Dive_1_T6,0:03:20
Feb_23,4/3/2023,Ashmore,ROV,Dive_1_T6,55,outer_slope,Nemateleotris decora,1,Feb_23_44989_Ashmore_ROV_Dive_1_T6,0:03:20
Feb_23,4/3/2023,Ashmore,ROV,Dive_1_T6,55,outer_slope,Hoplolatilus marcosi,1,Feb_23_44989_Ashmore_ROV_Dive_1_T6,0:03:20
Feb_23,4/3/2023,Ashmore,ROV,Dive_1_T6,55,outer_slope,Hoplolatilus marcosi,1,Feb_23_44989_Ashmore_ROV_Dive_1_T6,0:03:20
Feb_23,4/3/2023,Ashmore,ROV,Dive_1_T6,55,outer_slope,Halichoeres hartzfeldii,1,Feb_23_44989_Ashmore_ROV_Dive_1_T6,0:03:20
Feb_23,4/3/2023,Ashmore,ROV,Dive_1_T6,55,outer_slope,Parapercis sp,1,Feb_23_44989_Ashmore_ROV_Dive_1_T6,0:03:20
Feb_23,4/3/2023,Ashmore,ROV,Dive_1_T6,55,outer_slope,Ptereleotris sp,1,Feb_23_44989_Ashmore_ROV_Dive_1_T6,0:03:20
Feb_23,4/3/2023,Ashmore,ROV,Dive_1_T6,55,outer_slope,Ptereleotris sp,1,Feb_23_44989_Ashmore_ROV_Dive_1_T6,0:03:20
Feb_23,4/3/2023,Ashmore,ROV,Dive_1_T6,55,outer_slope,Ptereleotris sp,1,Feb_23_44989_Ashmore_ROV_Dive_1_T6,0:03:20
Feb_23,4/3/2023,Ashmore,ROV,Dive_1_T6,55,outer_slope,Congridae sp,8,Feb_23_44989_Ashmore_ROV_Dive_1_T6,0:03:20
Feb_23,4/3/2023,Ashmore,ROV,Dive_1_T6,55,outer_slope,Congridae sp,5,Feb_23_44989_Ashmore_ROV_Dive_1_T6,0:03:20
Feb_23,4/3/2023,Ashmore,ROV,Dive_1_T6,55,outer_slope,Congridae sp,10,Feb_23_44989_Ashmore_ROV_Dive_1_T6,0:03:20
Feb_23,4/3/2023,Ashmore,ROV,Dive_1_T7,55,outer_slope,Gobiidae sp,1,Feb_23_44989_Ashmore_ROV_Dive_1_T7,0:03:20
Feb_23,4/3/2023,Ashmore,ROV,Dive_1_T7,49,outer_slope,Carcharhinus amblyrhynchos,1,Feb_23_44989_Ashmore_ROV_Dive_1_T7,0:03:20
Feb_23,4/3/2023,Ashmore,ROV,Dive_1_T7,49,outer_slope,Halichoeres chrysus,9,Feb_23_44989_Ashmore_ROV_Dive_1_T7,0:03:20
Feb_23,4/3/2023,Ashmore,ROV,Dive_1_T7,49,outer_slope,Nemateleotris magnifica,1,Feb_23_44989_Ashmore_ROV_Dive_1_T7,0:03:20
Feb_23,4/3/2023,Ashmore,ROV,Dive_1_T7,49,outer_slope,Centropyge bicolor,1,Feb_23_44989_Ashmore_ROV_Dive_1_T7,0:03:20
Feb_23,4/3/2023,Ashmore,ROV,Dive_1_T7,49,outer_slope,Halichoeres chrysus,1,Feb_23_44989_Ashmore_ROV_Dive_1_T7,0:03:20
Feb_23,4/3/2023,Ashmore,ROV,Dive_1_T7,49,outer_slope,Nemateleotris decora,1,Feb_23_44989_Ashmore_ROV_Dive_1_T7,0:03:20
Feb_23,4/3/2023,Ashmore,ROV,Dive_1_T7,49,outer_slope,Oxycheilinus sp,1,Feb_23_44989_Ashmore_ROV_Dive_1_T7,0:03:20
Feb_23,4/3/2023,Ashmore,ROV,Dive_1_T8,49,outer_slope,Gobiidae sp,1,Feb_23_44989_Ashmore_ROV_Dive_1_T8,0:03:20
Feb_23,4/3/2023,Ashmore,ROV,Dive_1_T8,43,outer_slope,Chromis amboinensis,1,Feb_23_44989_Ashmore_ROV_Dive_1_T8,0:03:20
Feb_23,4/3/2023,Ashmore,ROV,Dive_1_T8,43,outer_slope,Chromis amboinensis,1,Feb_23_44989_Ashmore_ROV_Dive_1_T8,0:03:20
Feb_23,4/3/2023,Ashmore,ROV,Dive_1_T8,43,outer_slope,Centropyge bispinosa,1,Feb_23_44989_Ashmore_ROV_Dive_1_T8,0:03:20
Feb_23,4/3/2023,Ashmore,ROV,Dive_1_T8,43,outer_slope,Chromis amboinensis,1,Feb_23_44989_Ashmore_ROV_Dive_1_T8,0:03:20
Feb_23,4/3/2023,Ashmore,ROV,Dive_1_T8,43,outer_slope,Anampses melanurus,1,Feb_23_44989_Ashmore_ROV_Dive_1_T8,0:03:20
Feb_23,4/3/2023,Ashmore,ROV,Dive_1_T8,43,outer_slope,Halichoeres biocellatus,1,Feb_23_44989_Ashmore_ROV_Dive_1_T8,0:03:20
Feb_23,4/3/2023,Ashmore,ROV,Dive_1_T8,43,outer_slope,Chromis retrofasciata,1,Feb_23_44989_Ashmore_ROV_Dive_1_T8,0:03:20
Feb_23,4/3/2023,Ashmore,ROV,Dive_1_T8,43,outer_slope,Chromis retrofasciata,1,Feb_23_44989_Ashmore_ROV_Dive_1_T8,0:03:20
Feb_23,4/3/2023,Ashmore,ROV,Dive_1_T8,43,outer_slope,Pygoplites diacanthus,1,Feb_23_44989_Ashmore_ROV_Dive_1_T8,0:03:20
Feb_23,4/3/2023,Ashmore,ROV,Dive_1_T8,43,outer_slope,Centropyge bicolor,1,Feb_23_44989_Ashmore_ROV_Dive_1_T8,0:03:20
Feb_23,4/3/2023,Ashmore,ROV,Dive_1_T8,43,outer_slope,Chromis retrofasciata,1,Feb_23_44989_Ashmore_ROV_Dive_1_T8,0:03:20
Feb_23,4/3/2023,Ashmore,ROV,Dive_1_T8,43,outer_slope,Chromis amboinensis,1,Feb_23_44989_Ashmore_ROV_Dive_1_T8,0:03:20
Feb_23,4/3/2023,Ashmore,ROV,Dive_1_T8,43,outer_slope,Chromis amboinensis,1,Feb_23_44989_Ashmore_ROV_Dive_1_T8,0:03:20
Feb_23,4/3/2023,Ashmore,ROV,Dive_1_T8,43,outer_slope,Chromis retrofasciata,1,Feb_23_44989_Ashmore_ROV_Dive_1_T8,0:03:20
Feb_23,4/3/2023,Ashmore,ROV,Dive_1_T8,43,outer_slope,Chromis retrofasciata,1,Feb_23_44989_Ashmore_ROV_Dive_1_T8,0:03:20
Feb_23,4/3/2023,Ashmore,ROV,Dive_1_T8,43,outer_slope,Chromis retrofasciata,1,Feb_23_44989_Ashmore_ROV_Dive_1_T8,0:03:20
Feb_23,4/3/2023,Ashmore,ROV,Dive_1_T8,43,outer_slope,Chromis amboinensis,1,Feb_23_44989_Ashmore_ROV_Dive_1_T8,0:03:20
Feb_23,4/3/2023,Ashmore,ROV,Dive_1_T8,43,outer_slope,Chromis amboinensis,1,Feb_23_44989_Ashmore_ROV_Dive_1_T8,0:03:20
Feb_23,4/3/2023,Ashmore,ROV,Dive_1_T8,43,outer_slope,Chromis retrofasciata,1,Feb_23_44989_Ashmore_ROV_Dive_1_T8,0:03:20
Feb_23,4/3/2023,Ashmore,ROV,Dive_1_T8,43,outer_slope,Heniochus chrysostomus,1,Feb_23_44989_Ashmore_ROV_Dive_1_T8,0:03:20
Feb_23,4/3/2023,Ashmore,ROV,Dive_1_T8,43,outer_slope,Genicanthus melanospilos,1,Feb_23_44989_Ashmore_ROV_Dive_1_T8,0:03:20
Feb_23,4/3/2023,Ashmore,ROV,Dive_1_T8,43,outer_slope,Chromis amboinensis,1,Feb_23_44989_Ashmore_ROV_Dive_1_T8,0:03:20
Feb_23,4/3/2023,Ashmore,ROV,Dive_1_T8,43,outer_slope,Bodianus dictynna,1,Feb_23_44989_Ashmore_ROV_Dive_1_T8,0:03:20
Feb_23,4/3/2023,Ashmore,ROV,Dive_1_T8,43,outer_slope,Acanthochromis polyacanthus,1,Feb_23_44989_Ashmore_ROV_Dive_1_T8,0:03:20
Feb_23,4/3/2023,Ashmore,ROV,Dive_1_T8,43,outer_slope,Bodianus mesothorax,1,Feb_23_44989_Ashmore_ROV_Dive_1_T8,0:03:20
Feb_23,4/3/2023,Ashmore,ROV,Dive_1_T8,43,outer_slope,Chromis alpha,1,Feb_23_44989_Ashmore_ROV_Dive_1_T8,0:03:20
Feb_23,4/3/2023,Ashmore,ROV,Dive_1_T8,43,outer_slope,Chromis amboinensis,1,Feb_23_44989_Ashmore_ROV_Dive_1_T8,0:03:20
Feb_23,4/3/2023,Ashmore,ROV,Dive_1_T8,43,outer_slope,Chaetodon pelewensis,1,Feb_23_44989_Ashmore_ROV_Dive_1_T8,0:03:20
Feb_23,4/3/2023,Ashmore,ROV,Dive_1_T8,43,outer_slope,Dascyllus trimaculatus,1,Feb_23_44989_Ashmore_ROV_Dive_1_T8,0:03:20
Feb_23,4/3/2023,Ashmore,ROV,Dive_1_T8,43,outer_slope,Chromis retrofasciata,4,Feb_23_44989_Ashmore_ROV_Dive_1_T8,0:03:20
Feb_23,4/3/2023,Ashmore,ROV,Dive_1_T8,43,outer_slope,Chromis retrofasciata,2,Feb_23_44989_Ashmore_ROV_Dive_1_T8,0:03:20
Feb_23,4/3/2023,Ashmore,ROV,Dive_1_T8,43,outer_slope,Cephalopholis spiloparaea,1,Feb_23_44989_Ashmore_ROV_Dive_1_T8,0:03:20
Feb_23,4/3/2023,Ashmore,ROV,Dive_1_T8,43,outer_slope,Pseudanthias pleurotaenia,1,Feb_23_44989_Ashmore_ROV_Dive_1_T8,0:03:20
Feb_23,4/3/2023,Ashmore,ROV,Dive_1_T8,43,outer_slope,Chromis amboinensis,1,Feb_23_44989_Ashmore_ROV_Dive_1_T8,0:03:20
Feb_23,4/3/2023,Ashmore,ROV,Dive_1_T8,43,outer_slope,Chromis amboinensis,1,Feb_23_44989_Ashmore_ROV_Dive_1_T8,0:03:20
Feb_23,4/3/2023,Ashmore,ROV,Dive_1_T8,43,outer_slope,Chromis amboinensis,1,Feb_23_44989_Ashmore_ROV_Dive_1_T8,0:03:20
Feb_23,4/3/2023,Ashmore,ROV,Dive_1_T8,43,outer_slope,Canthigaster epilampra,1,Feb_23_44989_Ashmore_ROV_Dive_1_T8,0:03:20
Feb_23,4/3/2023,Ashmore,ROV,Dive_1_T8,43,outer_slope,Centropyge bispinosa,1,Feb_23_44989_Ashmore_ROV_Dive_1_T8,0:03:20
Feb_23,4/3/2023,Ashmore,ROV,Dive_1_T8,43,outer_slope,Chromis amboinensis,1,Feb_23_44989_Ashmore_ROV_Dive_1_T8,0:03:20
Feb_23,4/3/2023,Ashmore,ROV,Dive_1_T8,43,outer_slope,Centropyge heraldi,1,Feb_23_44989_Ashmore_ROV_Dive_1_T8,0:03:20
Feb_23,4/3/2023,Ashmore,ROV,Dive_1_T8,43,outer_slope,Genicanthus melanospilos,1,Feb_23_44989_Ashmore_ROV_Dive_1_T8,0:03:20
Feb_23,4/3/2023,Ashmore,ROV,Dive_1_T8,43,outer_slope,Pseudanthias pleurotaenia,20,Feb_23_44989_Ashmore_ROV_Dive_1_T8,0:03:20
Feb_23,4/3/2023,Ashmore,ROV,Dive_1_T8,43,outer_slope,Centropyge heraldi,1,Feb_23_44989_Ashmore_ROV_Dive_1_T8,0:03:20
Feb_23,4/3/2023,Ashmore,ROV,Dive_1_T8,43,outer_slope,Labroides dimidiatus,1,Feb_23_44989_Ashmore_ROV_Dive_1_T8,0:03:20
Feb_23,4/3/2023,Ashmore,ROV,Dive_1_T8,43,outer_slope,Centropyge bispinosa,1,Feb_23_44989_Ashmore_ROV_Dive_1_T8,0:03:20
Feb_23,4/3/2023,Ashmore,ROV,Dive_1_T8,43,outer_slope,Chromis amboinensis,1,Feb_23_44989_Ashmore_ROV_Dive_1_T8,0:03:20
Feb_23,4/3/2023,Ashmore,ROV,Dive_1_T8,43,outer_slope,Paracentropyge multifasciata,1,Feb_23_44989_Ashmore_ROV_Dive_1_T8,0:03:20
Feb_23,4/3/2023,Ashmore,ROV,Dive_1_T8,43,outer_slope,Canthigaster epilampra,1,Feb_23_44989_Ashmore_ROV_Dive_1_T8,0:03:20
Feb_23,4/3/2023,Ashmore,ROV,Dive_1_T8,43,outer_slope,Ctenochaetus sp,1,Feb_23_44989_Ashmore_ROV_Dive_1_T8,0:03:20
Feb_23,4/3/2023,Ashmore,ROV,Dive_1_T8,43,outer_slope,Forcipiger sp,1,Feb_23_44989_Ashmore_ROV_Dive_1_T8,0:03:20
Feb_23,4/3/2023,Ashmore,ROV,Dive_1_T8,43,outer_slope,Myripristis sp,1,Feb_23_44989_Ashmore_ROV_Dive_1_T8,0:03:20
Feb_23,4/3/2023,Ashmore,ROV,Dive_1_T8,43,outer_slope,Myripristis sp,1,Feb_23_44989_Ashmore_ROV_Dive_1_T8,0:03:20
Feb_23,4/3/2023,Ashmore,ROV,Dive_1_T8,43,outer_slope,Myripristis sp,1,Feb_23_44989_Ashmore_ROV_Dive_1_T8,0:03:20
Feb_23,4/3/2023,Ashmore,ROV,Dive_1_T8,43,outer_slope,Synodus sp,1,Feb_23_44989_Ashmore_ROV_Dive_1_T8,0:03:20
Feb_23,4/3/2023,Ashmore,ROV,Dive_2_T9,43,outer_slope,Holocentridae sp,1,Feb_23_44989_Ashmore_ROV_Dive_2_T9,0:03:20
Feb_23,4/3/2023,Ashmore,ROV,Dive_2_T9,52,outer_slope,Carcharhinus albimarginatus,1,Feb_23_44989_Ashmore_ROV_Dive_2_T9,0:03:20
Feb_23,4/3/2023,Ashmore,ROV,Dive_2_T9,52,outer_slope,Nemateleotris decora,1,Feb_23_44989_Ashmore_ROV_Dive_2_T9,0:03:20
Feb_23,4/3/2023,Ashmore,ROV,Dive_2_T9,52,outer_slope,Dascyllus trimaculatus,2,Feb_23_44989_Ashmore_ROV_Dive_2_T9,0:03:20
Feb_23,4/3/2023,Ashmore,ROV,Dive_2_T9,52,outer_slope,Pseudanthias pleurotaenia,7,Feb_23_44989_Ashmore_ROV_Dive_2_T9,0:03:20
Feb_23,4/3/2023,Ashmore,ROV,Dive_2_T9,52,outer_slope,Dascyllus trimaculatus,2,Feb_23_44989_Ashmore_ROV_Dive_2_T9,0:03:20
Feb_23,4/3/2023,Ashmore,ROV,Dive_2_T9,52,outer_slope,Heniochus acuminatus,1,Feb_23_44989_Ashmore_ROV_Dive_2_T9,0:03:20
Feb_23,4/3/2023,Ashmore,ROV,Dive_2_T9,52,outer_slope,Heniochus acuminatus,1,Feb_23_44989_Ashmore_ROV_Dive_2_T9,0:03:20
Feb_23,4/3/2023,Ashmore,ROV,Dive_2_T9,52,outer_slope,Genicanthus sp,1,Feb_23_44989_Ashmore_ROV_Dive_2_T9,0:03:20
Feb_23,4/3/2023,Ashmore,ROV,Dive_2_T9,52,outer_slope,Oxycheilinus sp,1,Feb_23_44989_Ashmore_ROV_Dive_2_T9,0:03:20
Feb_23,4/3/2023,Ashmore,ROV,Dive_1_T1,52,outer_slope,Nemateleotris sp,1,Feb_23_44989_Ashmore_ROV_Dive_1_T1,0:03:20
Feb_23,5/3/2023,Ashmore,ROV,Dive_1_T1,65,outer_slope,Sufflamen bursa,1,Feb_23_44990_Ashmore_ROV_Dive_1_T1,0:03:20
Feb_23,5/3/2023,Ashmore,ROV,Dive_1_T1,65,outer_slope,Pseudanthias engelhardi,1,Feb_23_44990_Ashmore_ROV_Dive_1_T1,0:03:20
Feb_23,5/3/2023,Ashmore,ROV,Dive_1_T1,65,outer_slope,Canthigaster epilampra,1,Feb_23_44990_Ashmore_ROV_Dive_1_T1,0:03:20
Feb_23,5/3/2023,Ashmore,ROV,Dive_1_T1,65,outer_slope,Cyprinocirrhites polyactis,1,Feb_23_44990_Ashmore_ROV_Dive_1_T1,0:03:20
Feb_23,5/3/2023,Ashmore,ROV,Dive_1_T1,65,outer_slope,Cyprinocirrhites polyactis,1,Feb_23_44990_Ashmore_ROV_Dive_1_T1,0:03:20
Feb_23,5/3/2023,Ashmore,ROV,Dive_1_T1,65,outer_slope,Cyprinocirrhites polyactis,1,Feb_23_44990_Ashmore_ROV_Dive_1_T1,0:03:20
Feb_23,5/3/2023,Ashmore,ROV,Dive_1_T1,65,outer_slope,Pseudobalistes fuscus,1,Feb_23_44990_Ashmore_ROV_Dive_1_T1,0:03:20
Feb_23,5/3/2023,Ashmore,ROV,Dive_1_T1,65,outer_slope,Chromis delta,1,Feb_23_44990_Ashmore_ROV_Dive_1_T1,0:03:20
Feb_23,5/3/2023,Ashmore,ROV,Dive_1_T1,65,outer_slope,Chromis delta,1,Feb_23_44990_Ashmore_ROV_Dive_1_T1,0:03:20
Feb_23,5/3/2023,Ashmore,ROV,Dive_1_T1,65,outer_slope,Chromis delta,1,Feb_23_44990_Ashmore_ROV_Dive_1_T1,0:03:20
Feb_23,5/3/2023,Ashmore,ROV,Dive_1_T1,65,outer_slope,Xanthichthys auromarginatus,1,Feb_23_44990_Ashmore_ROV_Dive_1_T1,0:03:20
Feb_23,5/3/2023,Ashmore,ROV,Dive_1_T1,65,outer_slope,Chromis delta,1,Feb_23_44990_Ashmore_ROV_Dive_1_T1,0:03:20
Feb_23,5/3/2023,Ashmore,ROV,Dive_1_T1,65,outer_slope,Xanthichthys auromarginatus,1,Feb_23_44990_Ashmore_ROV_Dive_1_T1,0:03:20
Feb_23,5/3/2023,Ashmore,ROV,Dive_1_T1,65,outer_slope,Xanthichthys auromarginatus,1,Feb_23_44990_Ashmore_ROV_Dive_1_T1,0:03:20
Feb_23,5/3/2023,Ashmore,ROV,Dive_1_T1,65,outer_slope,Xanthichthys auromarginatus,1,Feb_23_44990_Ashmore_ROV_Dive_1_T1,0:03:20
Feb_23,5/3/2023,Ashmore,ROV,Dive_1_T1,65,outer_slope,Xanthichthys auromarginatus,1,Feb_23_44990_Ashmore_ROV_Dive_1_T1,0:03:20
Feb_23,5/3/2023,Ashmore,ROV,Dive_1_T1,65,outer_slope,Pseudanthias engelhardi,60,Feb_23_44990_Ashmore_ROV_Dive_1_T1,0:03:20
Feb_23,5/3/2023,Ashmore,ROV,Dive_1_T1,65,outer_slope,Pseudanthias huchtii,1,Feb_23_44990_Ashmore_ROV_Dive_1_T1,0:03:20
Feb_23,5/3/2023,Ashmore,ROV,Dive_1_T1,65,outer_slope,Chromis delta,1,Feb_23_44990_Ashmore_ROV_Dive_1_T1,0:03:20
Feb_23,5/3/2023,Ashmore,ROV,Dive_1_T1,65,outer_slope,Chromis delta,1,Feb_23_44990_Ashmore_ROV_Dive_1_T1,0:03:20
Feb_23,5/3/2023,Ashmore,ROV,Dive_1_T1,65,outer_slope,Chromis delta,1,Feb_23_44990_Ashmore_ROV_Dive_1_T1,0:03:20
Feb_23,5/3/2023,Ashmore,ROV,Dive_1_T1,65,outer_slope,Macropharyngodon negrosensis,1,Feb_23_44990_Ashmore_ROV_Dive_1_T1,0:03:20
Feb_23,5/3/2023,Ashmore,ROV,Dive_1_T1,65,outer_slope,Pseudanthias engelhardi,27,Feb_23_44990_Ashmore_ROV_Dive_1_T1,0:03:20
Feb_23,5/3/2023,Ashmore,ROV,Dive_1_T1,65,outer_slope,Cephalopholis spiloparaea,1,Feb_23_44990_Ashmore_ROV_Dive_1_T1,0:03:20
Feb_23,5/3/2023,Ashmore,ROV,Dive_1_T1,65,outer_slope,Chromis delta,1,Feb_23_44990_Ashmore_ROV_Dive_1_T1,0:03:20
Feb_23,5/3/2023,Ashmore,ROV,Dive_1_T1,65,outer_slope,Chromis delta,1,Feb_23_44990_Ashmore_ROV_Dive_1_T1,0:03:20
Feb_23,5/3/2023,Ashmore,ROV,Dive_1_T1,65,outer_slope,Xanthichthys auromarginatus,1,Feb_23_44990_Ashmore_ROV_Dive_1_T1,0:03:20
Feb_23,5/3/2023,Ashmore,ROV,Dive_1_T1,65,outer_slope,Balistoides conspicillum,1,Feb_23_44990_Ashmore_ROV_Dive_1_T1,0:03:20
Feb_23,5/3/2023,Ashmore,ROV,Dive_1_T1,65,outer_slope,Cyprinocirrhites polyactis,1,Feb_23_44990_Ashmore_ROV_Dive_1_T1,0:03:20
Feb_23,5/3/2023,Ashmore,ROV,Dive_1_T1,65,outer_slope,Cyprinocirrhites polyactis,1,Feb_23_44990_Ashmore_ROV_Dive_1_T1,0:03:20
Feb_23,5/3/2023,Ashmore,ROV,Dive_1_T1,65,outer_slope,Pseudanthias huchtii,1,Feb_23_44990_Ashmore_ROV_Dive_1_T1,0:03:20
Feb_23,5/3/2023,Ashmore,ROV,Dive_1_T1,65,outer_slope,Chromis delta,1,Feb_23_44990_Ashmore_ROV_Dive_1_T1,0:03:20
Feb_23,5/3/2023,Ashmore,ROV,Dive_1_T1,65,outer_slope,Pseudocoris yamashiroi,1,Feb_23_44990_Ashmore_ROV_Dive_1_T1,0:03:20
Feb_23,5/3/2023,Ashmore,ROV,Dive_1_T1,65,outer_slope,Pseudocoris yamashiroi,1,Feb_23_44990_Ashmore_ROV_Dive_1_T1,0:03:20
Feb_23,5/3/2023,Ashmore,ROV,Dive_1_T1,65,outer_slope,Pseudocoris yamashiroi,1,Feb_23_44990_Ashmore_ROV_Dive_1_T1,0:03:20
Feb_23,5/3/2023,Ashmore,ROV,Dive_1_T1,65,outer_slope,Centropyge heraldi,1,Feb_23_44990_Ashmore_ROV_Dive_1_T1,0:03:20
Feb_23,5/3/2023,Ashmore,ROV,Dive_1_T1,65,outer_slope,Xanthichthys auromarginatus,1,Feb_23_44990_Ashmore_ROV_Dive_1_T1,0:03:20
Feb_23,5/3/2023,Ashmore,ROV,Dive_1_T1,65,outer_slope,Xanthichthys auromarginatus,1,Feb_23_44990_Ashmore_ROV_Dive_1_T1,0:03:20
Feb_23,5/3/2023,Ashmore,ROV,Dive_1_T1,65,outer_slope,Xanthichthys auromarginatus,1,Feb_23_44990_Ashmore_ROV_Dive_1_T1,0:03:20
Feb_23,5/3/2023,Ashmore,ROV,Dive_1_T1,65,outer_slope,Cyprinocirrhites polyactis,1,Feb_23_44990_Ashmore_ROV_Dive_1_T1,0:03:20
Feb_23,5/3/2023,Ashmore,ROV,Dive_1_T1,65,outer_slope,Pseudocoris yamashiroi,3,Feb_23_44990_Ashmore_ROV_Dive_1_T1,0:03:20
Feb_23,5/3/2023,Ashmore,ROV,Dive_1_T1,65,outer_slope,Pseudanthias huchtii,1,Feb_23_44990_Ashmore_ROV_Dive_1_T1,0:03:20
Feb_23,5/3/2023,Ashmore,ROV,Dive_1_T1,65,outer_slope,Pseudanthias huchtii,1,Feb_23_44990_Ashmore_ROV_Dive_1_T1,0:03:20
Feb_23,5/3/2023,Ashmore,ROV,Dive_1_T1,65,outer_slope,Pseudanthias huchtii,1,Feb_23_44990_Ashmore_ROV_Dive_1_T1,0:03:20
Feb_23,5/3/2023,Ashmore,ROV,Dive_1_T1,65,outer_slope,Pseudanthias huchtii,1,Feb_23_44990_Ashmore_ROV_Dive_1_T1,0:03:20
Feb_23,5/3/2023,Ashmore,ROV,Dive_1_T1,65,outer_slope,Pseudanthias huchtii,1,Feb_23_44990_Ashmore_ROV_Dive_1_T1,0:03:20
Feb_23,5/3/2023,Ashmore,ROV,Dive_1_T1,65,outer_slope,Pseudanthias huchtii,1,Feb_23_44990_Ashmore_ROV_Dive_1_T1,0:03:20
Feb_23,5/3/2023,Ashmore,ROV,Dive_1_T1,65,outer_slope,Sufflamen bursa,1,Feb_23_44990_Ashmore_ROV_Dive_1_T1,0:03:20
Feb_23,5/3/2023,Ashmore,ROV,Dive_1_T1,65,outer_slope,Centropyge heraldi,1,Feb_23_44990_Ashmore_ROV_Dive_1_T1,0:03:20
Feb_23,5/3/2023,Ashmore,ROV,Dive_1_T1,65,outer_slope,Xanthichthys auromarginatus,8,Feb_23_44990_Ashmore_ROV_Dive_1_T1,0:03:20
Feb_23,5/3/2023,Ashmore,ROV,Dive_1_T1,65,outer_slope,Pseudanthias engelhardi,1,Feb_23_44990_Ashmore_ROV_Dive_1_T1,0:03:20
Feb_23,5/3/2023,Ashmore,ROV,Dive_1_T1,65,outer_slope,Nemateleotris decora,1,Feb_23_44990_Ashmore_ROV_Dive_1_T1,0:03:20
Feb_23,5/3/2023,Ashmore,ROV,Dive_1_T1,65,outer_slope,Hoplolatilus randalli,1,Feb_23_44990_Ashmore_ROV_Dive_1_T1,0:03:20
Feb_23,5/3/2023,Ashmore,ROV,Dive_1_T1,65,outer_slope,Hoplolatilus randalli,1,Feb_23_44990_Ashmore_ROV_Dive_1_T1,0:03:20
Feb_23,5/3/2023,Ashmore,ROV,Dive_1_T1,65,outer_slope,Hoplolatilus cuniculus,1,Feb_23_44990_Ashmore_ROV_Dive_1_T1,0:03:20
Feb_23,5/3/2023,Ashmore,ROV,Dive_1_T1,65,outer_slope,Cephalopholis sp,1,Feb_23_44990_Ashmore_ROV_Dive_1_T1,0:03:20
Feb_23,5/3/2023,Ashmore,ROV,Dive_1_T1,65,outer_slope,Pseudanthias sp,1,Feb_23_44990_Ashmore_ROV_Dive_1_T1,0:03:20
Feb_23,5/3/2023,Ashmore,ROV,Dive_1_T1,65,outer_slope,Congridae sp,4,Feb_23_44990_Ashmore_ROV_Dive_1_T1,0:03:20
Feb_23,5/3/2023,Ashmore,ROV,Dive_1_T1,65,outer_slope,Congridae sp,2,Feb_23_44990_Ashmore_ROV_Dive_1_T1,0:03:20
Feb_23,5/3/2023,Ashmore,ROV,Dive_1_T1,65,outer_slope,Pomacentridae sp,1,Feb_23_44990_Ashmore_ROV_Dive_1_T1,0:03:20
Feb_23,5/3/2023,Ashmore,ROV,Dive_1_T2,65,outer_slope,Pomacentridae sp,1,Feb_23_44990_Ashmore_ROV_Dive_1_T2,0:03:20
Feb_23,5/3/2023,Ashmore,ROV,Dive_1_T3,67.5,outer_slope,Parapercis sp,1,Feb_23_44990_Ashmore_ROV_Dive_1_T3,0:03:20
Feb_23,5/3/2023,Ashmore,ROV,Dive_1_T3,58,outer_slope,Halichoeres zeylonicus,4,Feb_23_44990_Ashmore_ROV_Dive_1_T3,0:03:20
Feb_23,5/3/2023,Ashmore,ROV,Dive_1_T3,58,outer_slope,Halichoeres zeylonicus,4,Feb_23_44990_Ashmore_ROV_Dive_1_T3,0:03:20
Feb_23,5/3/2023,Ashmore,ROV,Dive_1_T3,58,outer_slope,Odonus niger,6,Feb_23_44990_Ashmore_ROV_Dive_1_T3,0:03:20
Feb_23,5/3/2023,Ashmore,ROV,Dive_1_T3,58,outer_slope,Hoplolatilus cuniculus,3,Feb_23_44990_Ashmore_ROV_Dive_1_T3,0:03:20
Feb_23,5/3/2023,Ashmore,ROV,Dive_1_T3,58,outer_slope,Carcharhinus amblyrhynchos,1,Feb_23_44990_Ashmore_ROV_Dive_1_T3,0:03:20
Feb_23,5/3/2023,Ashmore,ROV,Dive_1_T3,58,outer_slope,Pseudanthias rubrizonatus,12,Feb_23_44990_Ashmore_ROV_Dive_1_T3,0:03:20
Feb_23,5/3/2023,Ashmore,ROV,Dive_1_T3,58,outer_slope,Lutjanus kasmira,5,Feb_23_44990_Ashmore_ROV_Dive_1_T3,0:03:20
Feb_23,5/3/2023,Ashmore,ROV,Dive_1_T3,58,outer_slope,Halichoeres chrysus,3,Feb_23_44990_Ashmore_ROV_Dive_1_T3,0:03:20
Feb_23,5/3/2023,Ashmore,ROV,Dive_1_T4,58,outer_slope,Cirrhilabrus sp,3,Feb_23_44990_Ashmore_ROV_Dive_1_T4,0:03:20
Feb_23,5/3/2023,Ashmore,ROV,Dive_1_T4,53,outer_slope,Valenciennea helsdingenii,2,Feb_23_44990_Ashmore_ROV_Dive_1_T4,0:03:20
Feb_23,5/3/2023,Ashmore,ROV,Dive_1_T4,53,outer_slope,Halichoeres zeylonicus,4,Feb_23_44990_Ashmore_ROV_Dive_1_T4,0:03:20
Feb_23,5/3/2023,Ashmore,ROV,Dive_1_T4,53,outer_slope,Odonus niger,1,Feb_23_44990_Ashmore_ROV_Dive_1_T4,0:03:20
Feb_23,5/3/2023,Ashmore,ROV,Dive_1_T4,53,outer_slope,Sufflamen fraenatum,1,Feb_23_44990_Ashmore_ROV_Dive_1_T4,0:03:20
Feb_23,5/3/2023,Ashmore,ROV,Dive_1_T4,53,outer_slope,Halichoeres zeylonicus,4,Feb_23_44990_Ashmore_ROV_Dive_1_T4,0:03:20
Feb_23,5/3/2023,Ashmore,ROV,Dive_1_T4,53,outer_slope,Parapercis sp,1,Feb_23_44990_Ashmore_ROV_Dive_1_T4,0:03:20
Feb_23,5/3/2023,Ashmore,ROV,Dive_1_T5,53,outer_slope,Valenciennea sp,1,Feb_23_44990_Ashmore_ROV_Dive_1_T5,0:03:20
Feb_23,5/3/2023,Ashmore,ROV,Dive_1_T5,47,outer_slope,Carcharhinus amblyrhynchos,1,Feb_23_44990_Ashmore_ROV_Dive_1_T5,0:03:20
Feb_23,5/3/2023,Ashmore,ROV,Dive_1_T5,47,outer_slope,Carcharhinus amblyrhynchos,1,Feb_23_44990_Ashmore_ROV_Dive_1_T5,0:03:20
Feb_23,5/3/2023,Ashmore,ROV,Dive_1_T5,47,outer_slope,Heteroconger polyzona,60,Feb_23_44990_Ashmore_ROV_Dive_1_T5,0:03:20
Feb_23,5/3/2023,Ashmore,ROV,Dive_1_T5,47,outer_slope,Nemateleotris magnifica,1,Feb_23_44990_Ashmore_ROV_Dive_1_T5,0:03:20
Feb_23,5/3/2023,Ashmore,ROV,Dive_1_T5,47,outer_slope,Malacanthus brevirostris,1,Feb_23_44990_Ashmore_ROV_Dive_1_T5,0:03:20
Feb_23,5/3/2023,Ashmore,ROV,Dive_1_T5,47,outer_slope,Valenciennea sp,1,Feb_23_44990_Ashmore_ROV_Dive_1_T5,0:03:20
Feb_23,5/3/2023,Ashmore,ROV,Dive_1_T6,47,outer_slope,Valenciennea sp,1,Feb_23_44990_Ashmore_ROV_Dive_1_T6,0:03:20
Feb_23,5/3/2023,Ashmore,ROV,Dive_1_T6,42,outer_slope,Balistoides viridescens,1,Feb_23_44990_Ashmore_ROV_Dive_1_T6,0:03:20
Feb_23,5/3/2023,Ashmore,ROV,Dive_1_T6,42,outer_slope,Sufflamen fraenatum,1,Feb_23_44990_Ashmore_ROV_Dive_1_T6,0:03:20
Feb_23,5/3/2023,Ashmore,ROV,Dive_1_T6,42,outer_slope,Pycnochromis leucurus,1,Feb_23_44990_Ashmore_ROV_Dive_1_T6,0:03:20
Feb_23,5/3/2023,Ashmore,ROV,Dive_1_T6,42,outer_slope,Halichoeres chrysus,1,Feb_23_44990_Ashmore_ROV_Dive_1_T6,0:03:20
Feb_23,5/3/2023,Ashmore,ROV,Dive_1_T6,42,outer_slope,Chromis xanthochira,1,Feb_23_44990_Ashmore_ROV_Dive_1_T6,0:03:20
Feb_23,5/3/2023,Ashmore,ROV,Dive_1_T6,42,outer_slope,Cephalopholis leopardus,1,Feb_23_44990_Ashmore_ROV_Dive_1_T6,0:03:20
Feb_23,5/3/2023,Ashmore,ROV,Dive_1_T6,42,outer_slope,Labroides dimidiatus,1,Feb_23_44990_Ashmore_ROV_Dive_1_T6,0:03:20
Feb_23,5/3/2023,Ashmore,ROV,Dive_1_T6,42,outer_slope,Chromis delta,1,Feb_23_44990_Ashmore_ROV_Dive_1_T6,0:03:20
Feb_23,5/3/2023,Ashmore,ROV,Dive_1_T6,42,outer_slope,Halichoeres chrysus,4,Feb_23_44990_Ashmore_ROV_Dive_1_T6,0:03:20
Feb_23,5/3/2023,Ashmore,ROV,Dive_1_T6,42,outer_slope,Sufflamen fraenatum,1,Feb_23_44990_Ashmore_ROV_Dive_1_T6,0:03:20
Feb_23,5/3/2023,Ashmore,ROV,Dive_1_T6,42,outer_slope,Balistoides conspicillum,1,Feb_23_44990_Ashmore_ROV_Dive_1_T6,0:03:20
Feb_23,5/3/2023,Ashmore,ROV,Dive_1_T6,42,outer_slope,Halichoeres zeylonicus,4,Feb_23_44990_Ashmore_ROV_Dive_1_T6,0:03:20
Feb_23,5/3/2023,Ashmore,ROV,Dive_1_T6,42,outer_slope,Dascyllus reticulatus,5,Feb_23_44990_Ashmore_ROV_Dive_1_T6,0:03:20
Feb_23,5/3/2023,Ashmore,ROV,Dive_1_T6,42,outer_slope,Halichoeres chrysus,1,Feb_23_44990_Ashmore_ROV_Dive_1_T6,0:03:20
Feb_23,5/3/2023,Ashmore,ROV,Dive_1_T6,42,outer_slope,Pseudanthias huchtii,2,Feb_23_44990_Ashmore_ROV_Dive_1_T6,0:03:20
Feb_23,5/3/2023,Ashmore,ROV,Dive_1_T6,42,outer_slope,Halichoeres zeylonicus,8,Feb_23_44990_Ashmore_ROV_Dive_1_T6,0:03:20
Feb_23,5/3/2023,Ashmore,ROV,Dive_1_T6,42,outer_slope,Chromis lepidolepis,1,Feb_23_44990_Ashmore_ROV_Dive_1_T6,0:03:20
Feb_23,5/3/2023,Ashmore,ROV,Dive_1_T7,42,outer_slope,Pseudanthias sp,1,Feb_23_44990_Ashmore_ROV_Dive_1_T7,0:03:20
Feb_23,5/3/2023,Ashmore,ROV,Dive_1_T7,37,outer_slope,Labroides dimidiatus,1,Feb_23_44990_Ashmore_ROV_Dive_1_T7,0:03:20
Feb_23,5/3/2023,Ashmore,ROV,Dive_1_T7,37,outer_slope,Acanthochromis polyacanthus,1,Feb_23_44990_Ashmore_ROV_Dive_1_T7,0:03:20
Feb_23,5/3/2023,Ashmore,ROV,Dive_1_T7,37,outer_slope,Ctenochaetus binotatus,1,Feb_23_44990_Ashmore_ROV_Dive_1_T7,0:03:20
Feb_23,5/3/2023,Ashmore,ROV,Dive_1_T7,37,outer_slope,Monotaxis grandoculis,1,Feb_23_44990_Ashmore_ROV_Dive_1_T7,0:03:20
Feb_23,5/3/2023,Ashmore,ROV,Dive_1_T7,37,outer_slope,Dascyllus trimaculatus,1,Feb_23_44990_Ashmore_ROV_Dive_1_T7,0:03:20
Feb_23,5/3/2023,Ashmore,ROV,Dive_1_T7,37,outer_slope,Variola albimarginata,1,Feb_23_44990_Ashmore_ROV_Dive_1_T7,0:03:20
Feb_23,5/3/2023,Ashmore,ROV,Dive_1_T7,37,outer_slope,Myripristis kuntee,1,Feb_23_44990_Ashmore_ROV_Dive_1_T7,0:03:20
Feb_23,5/3/2023,Ashmore,ROV,Dive_1_T7,37,outer_slope,Acanthochromis polyacanthus,1,Feb_23_44990_Ashmore_ROV_Dive_1_T7,0:03:20
Feb_23,5/3/2023,Ashmore,ROV,Dive_1_T7,37,outer_slope,Parupeneus multifasciatus,2,Feb_23_44990_Ashmore_ROV_Dive_1_T7,0:03:20
Feb_23,5/3/2023,Ashmore,ROV,Dive_1_T7,37,outer_slope,Labroides dimidiatus,1,Feb_23_44990_Ashmore_ROV_Dive_1_T7,0:03:20
Feb_23,5/3/2023,Ashmore,ROV,Dive_1_T7,37,outer_slope,Chromis amboinensis,1,Feb_23_44990_Ashmore_ROV_Dive_1_T7,0:03:20
Feb_23,5/3/2023,Ashmore,ROV,Dive_1_T7,37,outer_slope,Amblyglyphidodon leucogaster,1,Feb_23_44990_Ashmore_ROV_Dive_1_T7,0:03:20
Feb_23,5/3/2023,Ashmore,ROV,Dive_1_T7,37,outer_slope,Heniochus chrysostomus,1,Feb_23_44990_Ashmore_ROV_Dive_1_T7,0:03:20
Feb_23,5/3/2023,Ashmore,ROV,Dive_1_T7,37,outer_slope,Chromis retrofasciata,1,Feb_23_44990_Ashmore_ROV_Dive_1_T7,0:03:20
Feb_23,5/3/2023,Ashmore,ROV,Dive_1_T7,37,outer_slope,Chromis lepidolepis,1,Feb_23_44990_Ashmore_ROV_Dive_1_T7,0:03:20
Feb_23,5/3/2023,Ashmore,ROV,Dive_1_T7,37,outer_slope,Parupeneus multifasciatus,1,Feb_23_44990_Ashmore_ROV_Dive_1_T7,0:03:20
Feb_23,5/3/2023,Ashmore,ROV,Dive_1_T7,37,outer_slope,Naso lituratus,1,Feb_23_44990_Ashmore_ROV_Dive_1_T7,0:03:20
Feb_23,5/3/2023,Ashmore,ROV,Dive_1_T7,37,outer_slope,Acanthochromis polyacanthus,10,Feb_23_44990_Ashmore_ROV_Dive_1_T7,0:03:20
Feb_23,5/3/2023,Ashmore,ROV,Dive_1_T7,37,outer_slope,Sufflamen chrysopterum,1,Feb_23_44990_Ashmore_ROV_Dive_1_T7,0:03:20
Feb_23,5/3/2023,Ashmore,ROV,Dive_1_T7,37,outer_slope,Genicanthus melanospilos,1,Feb_23_44990_Ashmore_ROV_Dive_1_T7,0:03:20
Feb_23,5/3/2023,Ashmore,ROV,Dive_1_T7,37,outer_slope,Ctenochaetus striatus,1,Feb_23_44990_Ashmore_ROV_Dive_1_T7,0:03:20
Feb_23,5/3/2023,Ashmore,ROV,Dive_1_T7,37,outer_slope,Genicanthus melanospilos,1,Feb_23_44990_Ashmore_ROV_Dive_1_T7,0:03:20
Feb_23,5/3/2023,Ashmore,ROV,Dive_1_T7,37,outer_slope,Parupeneus multifasciatus,1,Feb_23_44990_Ashmore_ROV_Dive_1_T7,0:03:20
Feb_23,5/3/2023,Ashmore,ROV,Dive_1_T7,37,outer_slope,Ctenochaetus striatus,1,Feb_23_44990_Ashmore_ROV_Dive_1_T7,0:03:20
Feb_23,5/3/2023,Ashmore,ROV,Dive_1_T7,37,outer_slope,Chromis amboinensis,4,Feb_23_44990_Ashmore_ROV_Dive_1_T7,0:03:20
Feb_23,5/3/2023,Ashmore,ROV,Dive_1_T7,37,outer_slope,Acanthochromis polyacanthus,4,Feb_23_44990_Ashmore_ROV_Dive_1_T7,0:03:20
Feb_23,5/3/2023,Ashmore,ROV,Dive_1_T7,37,outer_slope,Chromis retrofasciata,2,Feb_23_44990_Ashmore_ROV_Dive_1_T7,0:03:20
Feb_23,5/3/2023,Ashmore,ROV,Dive_1_T7,37,outer_slope,Acanthochromis polyacanthus,2,Feb_23_44990_Ashmore_ROV_Dive_1_T7,0:03:20
Feb_23,5/3/2023,Ashmore,ROV,Dive_1_T7,37,outer_slope,Chromis amboinensis,2,Feb_23_44990_Ashmore_ROV_Dive_1_T7,0:03:20
Feb_23,5/3/2023,Ashmore,ROV,Dive_1_T7,37,outer_slope,Chromis lepidolepis,1,Feb_23_44990_Ashmore_ROV_Dive_1_T7,0:03:20
Feb_23,5/3/2023,Ashmore,ROV,Dive_1_T7,37,outer_slope,Forcipiger flavissimus,1,Feb_23_44990_Ashmore_ROV_Dive_1_T7,0:03:20
Feb_23,5/3/2023,Ashmore,ROV,Dive_1_T7,37,outer_slope,Chromis amboinensis,2,Feb_23_44990_Ashmore_ROV_Dive_1_T7,0:03:20
Feb_23,5/3/2023,Ashmore,ROV,Dive_1_T7,37,outer_slope,Anampses geographicus,1,Feb_23_44990_Ashmore_ROV_Dive_1_T7,0:03:20
Feb_23,5/3/2023,Ashmore,ROV,Dive_1_T7,37,outer_slope,Dascyllus trimaculatus,4,Feb_23_44990_Ashmore_ROV_Dive_1_T7,0:03:20
Feb_23,5/3/2023,Ashmore,ROV,Dive_1_T7,37,outer_slope,Chromis retrofasciata,2,Feb_23_44990_Ashmore_ROV_Dive_1_T7,0:03:20
Feb_23,5/3/2023,Ashmore,ROV,Dive_1_T7,37,outer_slope,Scarus chameleon,1,Feb_23_44990_Ashmore_ROV_Dive_1_T7,0:03:20
Feb_23,5/3/2023,Ashmore,ROV,Dive_1_T7,37,outer_slope,Acanthurus pyroferus,1,Feb_23_44990_Ashmore_ROV_Dive_1_T7,0:03:20
Feb_23,5/3/2023,Ashmore,ROV,Dive_1_T7,37,outer_slope,Centropyge bicolor,1,Feb_23_44990_Ashmore_ROV_Dive_1_T7,0:03:20
Feb_23,5/3/2023,Ashmore,ROV,Dive_1_T7,37,outer_slope,Chromis margaritifer,2,Feb_23_44990_Ashmore_ROV_Dive_1_T7,0:03:20
Feb_23,5/3/2023,Ashmore,ROV,Dive_1_T7,37,outer_slope,Myripristis sp,1,Feb_23_44990_Ashmore_ROV_Dive_1_T7,0:03:20
Feb_23,5/3/2023,Ashmore,ROV,Dive_2_T1,37,outer_slope,Ctenochaetus sp,1,Feb_23_44990_Ashmore_ROV_Dive_2_T1,0:03:20
Feb_23,5/3/2023,Ashmore,ROV,Dive_2_T1,73.2,outer_slope,Oxycheilinus orientalis,1,Feb_23_44990_Ashmore_ROV_Dive_2_T1,0:03:20
Feb_23,5/3/2023,Ashmore,ROV,Dive_2_T1,73.2,outer_slope,Choerodon jordani,1,Feb_23_44990_Ashmore_ROV_Dive_2_T1,0:03:20
Feb_23,5/3/2023,Ashmore,ROV,Dive_2_T1,73.2,outer_slope,Nemateleotris magnifica,1,Feb_23_44990_Ashmore_ROV_Dive_2_T1,0:03:20
Feb_23,5/3/2023,Ashmore,ROV,Dive_2_T1,73.2,outer_slope,Anampses melanurus,1,Feb_23_44990_Ashmore_ROV_Dive_2_T1,0:03:20
Feb_23,5/3/2023,Ashmore,ROV,Dive_2_T2,73.2,outer_slope,Balistoides conspicillum,1,Feb_23_44990_Ashmore_ROV_Dive_2_T2,0:03:20
Feb_23,5/3/2023,Ashmore,ROV,Dive_2_T2,65,outer_slope,Ptereleotris uroditaenia,1,Feb_23_44990_Ashmore_ROV_Dive_2_T2,0:03:20
Feb_23,5/3/2023,Ashmore,ROV,Dive_2_T2,65,outer_slope,Nemateleotris decora,1,Feb_23_44990_Ashmore_ROV_Dive_2_T2,0:03:20
Feb_23,5/3/2023,Ashmore,ROV,Dive_2_T2,65,outer_slope,Nemateleotris decora,1,Feb_23_44990_Ashmore_ROV_Dive_2_T2,0:03:20
Feb_23,5/3/2023,Ashmore,ROV,Dive_2_T2,65,outer_slope,Pycnochromis leucurus,1,Feb_23_44990_Ashmore_ROV_Dive_2_T2,0:03:20
Feb_23,5/3/2023,Ashmore,ROV,Dive_1_T1,65,outer_slope,Valenciennea sp,2,Feb_23_44990_Ashmore_ROV_Dive_1_T1,0:03:20
Feb_23,6/3/2023,Ashmore,ROV,Dive_1_T1,52,outer_slope,Genicanthus melanospilos,1,Feb_23_44991_Ashmore_ROV_Dive_1_T1,0:03:20
Feb_23,6/3/2023,Ashmore,ROV,Dive_1_T1,52,outer_slope,Pseudanthias pleurotaenia,1,Feb_23_44991_Ashmore_ROV_Dive_1_T1,0:03:20
Feb_23,6/3/2023,Ashmore,ROV,Dive_1_T1,52,outer_slope,Chromis xanthochira,1,Feb_23_44991_Ashmore_ROV_Dive_1_T1,0:03:20
Feb_23,6/3/2023,Ashmore,ROV,Dive_1_T1,52,outer_slope,Hoplolatilus starcki,3,Feb_23_44991_Ashmore_ROV_Dive_1_T1,0:03:20
Feb_23,6/3/2023,Ashmore,ROV,Dive_1_T1,52,outer_slope,Naso hexacanthus,1,Feb_23_44991_Ashmore_ROV_Dive_1_T1,0:03:20
Feb_23,6/3/2023,Ashmore,ROV,Dive_1_T1,52,outer_slope,Carcharhinus amblyrhynchos,1,Feb_23_44991_Ashmore_ROV_Dive_1_T1,0:03:20
Feb_23,6/3/2023,Ashmore,ROV,Dive_1_T1,52,outer_slope,Centropyge bicolor,1,Feb_23_44991_Ashmore_ROV_Dive_1_T1,0:03:20
Feb_23,6/3/2023,Ashmore,ROV,Dive_1_T1,52,outer_slope,Parupeneus multifasciatus,1,Feb_23_44991_Ashmore_ROV_Dive_1_T1,0:03:20
Feb_23,6/3/2023,Ashmore,ROV,Dive_1_T1,52,outer_slope,Centropyge bispinosa,1,Feb_23_44991_Ashmore_ROV_Dive_1_T1,0:03:20
Feb_23,6/3/2023,Ashmore,ROV,Dive_1_T1,52,outer_slope,Anampses twistii,3,Feb_23_44991_Ashmore_ROV_Dive_1_T1,0:03:20
Feb_23,6/3/2023,Ashmore,ROV,Dive_1_T1,52,outer_slope,Cephalopholis leopardus,2,Feb_23_44991_Ashmore_ROV_Dive_1_T1,0:03:20
Feb_23,6/3/2023,Ashmore,ROV,Dive_1_T1,52,outer_slope,Parupeneus multifasciatus,2,Feb_23_44991_Ashmore_ROV_Dive_1_T1,0:03:20
Feb_23,6/3/2023,Ashmore,ROV,Dive_1_T1,52,outer_slope,Chromis delta,1,Feb_23_44991_Ashmore_ROV_Dive_1_T1,0:03:20
Feb_23,6/3/2023,Ashmore,ROV,Dive_1_T1,52,outer_slope,Genicanthus melanospilos,1,Feb_23_44991_Ashmore_ROV_Dive_1_T1,0:03:20
Feb_23,6/3/2023,Ashmore,ROV,Dive_1_T1,52,outer_slope,Pseudanthias squamipinnis,1,Feb_23_44991_Ashmore_ROV_Dive_1_T1,0:03:20
Feb_23,6/3/2023,Ashmore,ROV,Dive_1_T1,52,outer_slope,Chromis amboinensis,2,Feb_23_44991_Ashmore_ROV_Dive_1_T1,0:03:20
Feb_23,6/3/2023,Ashmore,ROV,Dive_1_T1,52,outer_slope,Carcharhinus amblyrhynchos,1,Feb_23_44991_Ashmore_ROV_Dive_1_T1,0:03:20
Feb_23,6/3/2023,Ashmore,ROV,Dive_1_T1,52,outer_slope,Pseudanthias pleurotaenia,1,Feb_23_44991_Ashmore_ROV_Dive_1_T1,0:03:20
Feb_23,6/3/2023,Ashmore,ROV,Dive_1_T1,52,outer_slope,Pseudanthias pleurotaenia,1,Feb_23_44991_Ashmore_ROV_Dive_1_T1,0:03:20
Feb_23,6/3/2023,Ashmore,ROV,Dive_1_T1,52,outer_slope,Hoplolatilus starcki,1,Feb_23_44991_Ashmore_ROV_Dive_1_T1,0:03:20
Feb_23,6/3/2023,Ashmore,ROV,Dive_1_T1,52,outer_slope,Pseudanthias pleurotaenia,5,Feb_23_44991_Ashmore_ROV_Dive_1_T1,0:03:20
Feb_23,6/3/2023,Ashmore,ROV,Dive_1_T1,52,outer_slope,Centropyge bicolor,1,Feb_23_44991_Ashmore_ROV_Dive_1_T1,0:03:20
Feb_23,6/3/2023,Ashmore,ROV,Dive_1_T1,52,outer_slope,Remora remora,1,Feb_23_44991_Ashmore_ROV_Dive_1_T1,0:03:20
Feb_23,6/3/2023,Ashmore,ROV,Dive_1_T1,52,outer_slope,Carcharhinus amblyrhynchos,1,Feb_23_44991_Ashmore_ROV_Dive_1_T1,0:03:20
Feb_23,6/3/2023,Ashmore,ROV,Dive_1_T1,52,outer_slope,Centropyge bicolor,1,Feb_23_44991_Ashmore_ROV_Dive_1_T1,0:03:20
Feb_23,6/3/2023,Ashmore,ROV,Dive_1_T1,52,outer_slope,Centropyge bicolor,1,Feb_23_44991_Ashmore_ROV_Dive_1_T1,0:03:20
Feb_23,6/3/2023,Ashmore,ROV,Dive_1_T1,52,outer_slope,Parupeneus multifasciatus,1,Feb_23_44991_Ashmore_ROV_Dive_1_T1,0:03:20
Feb_23,6/3/2023,Ashmore,ROV,Dive_1_T1,52,outer_slope,Pseudanthias pleurotaenia,1,Feb_23_44991_Ashmore_ROV_Dive_1_T1,0:03:20
Feb_23,6/3/2023,Ashmore,ROV,Dive_1_T1,52,outer_slope,Genicanthus melanospilos,1,Feb_23_44991_Ashmore_ROV_Dive_1_T1,0:03:20
Feb_23,6/3/2023,Ashmore,ROV,Dive_1_T1,52,outer_slope,Parupeneus multifasciatus,1,Feb_23_44991_Ashmore_ROV_Dive_1_T1,0:03:20
Feb_23,6/3/2023,Ashmore,ROV,Dive_1_T1,52,outer_slope,Pseudanthias pleurotaenia,1,Feb_23_44991_Ashmore_ROV_Dive_1_T1,0:03:20
Feb_23,6/3/2023,Ashmore,ROV,Dive_1_T1,52,outer_slope,Genicanthus melanospilos,1,Feb_23_44991_Ashmore_ROV_Dive_1_T1,0:03:20
Feb_23,6/3/2023,Ashmore,ROV,Dive_1_T1,52,outer_slope,Forcipiger flavissimus,1,Feb_23_44991_Ashmore_ROV_Dive_1_T1,0:03:20
Feb_23,6/3/2023,Ashmore,ROV,Dive_1_T1,52,outer_slope,Carcharhinus amblyrhynchos,1,Feb_23_44991_Ashmore_ROV_Dive_1_T1,0:03:20
Feb_23,6/3/2023,Ashmore,ROV,Dive_1_T1,52,outer_slope,Chromis amboinensis,1,Feb_23_44991_Ashmore_ROV_Dive_1_T1,0:03:20
Feb_23,6/3/2023,Ashmore,ROV,Dive_1_T1,52,outer_slope,Centropyge bispinosa,1,Feb_23_44991_Ashmore_ROV_Dive_1_T1,0:03:20
Feb_23,6/3/2023,Ashmore,ROV,Dive_1_T1,52,outer_slope,Chromis delta,2,Feb_23_44991_Ashmore_ROV_Dive_1_T1,0:03:20
Feb_23,6/3/2023,Ashmore,ROV,Dive_1_T1,52,outer_slope,Lutjanus bohar,1,Feb_23_44991_Ashmore_ROV_Dive_1_T1,0:03:20
Feb_23,6/3/2023,Ashmore,ROV,Dive_1_T1,52,outer_slope,Caranx papuensis,2,Feb_23_44991_Ashmore_ROV_Dive_1_T1,0:03:20
Feb_23,6/3/2023,Ashmore,ROV,Dive_1_T2,52,outer_slope,Oxycheilinus sp,1,Feb_23_44991_Ashmore_ROV_Dive_1_T2,0:03:20
Feb_23,6/3/2023,Ashmore,ROV,Dive_1_T2,45,outer_slope,Cheilinus trilobatus,1,Feb_23_44991_Ashmore_ROV_Dive_1_T2,0:03:20
Feb_23,6/3/2023,Ashmore,ROV,Dive_1_T2,45,outer_slope,Chromis amboinensis,1,Feb_23_44991_Ashmore_ROV_Dive_1_T2,0:03:20
Feb_23,6/3/2023,Ashmore,ROV,Dive_1_T2,45,outer_slope,Parupeneus multifasciatus,2,Feb_23_44991_Ashmore_ROV_Dive_1_T2,0:03:20
Feb_23,6/3/2023,Ashmore,ROV,Dive_1_T2,45,outer_slope,Monotaxis grandoculis,1,Feb_23_44991_Ashmore_ROV_Dive_1_T2,0:03:20
Feb_23,6/3/2023,Ashmore,ROV,Dive_1_T2,45,outer_slope,Chromis alpha,1,Feb_23_44991_Ashmore_ROV_Dive_1_T2,0:03:20
Feb_23,6/3/2023,Ashmore,ROV,Dive_1_T2,45,outer_slope,Genicanthus melanospilos,8,Feb_23_44991_Ashmore_ROV_Dive_1_T2,0:03:20
Feb_23,6/3/2023,Ashmore,ROV,Dive_1_T2,45,outer_slope,Pseudanthias pleurotaenia,7,Feb_23_44991_Ashmore_ROV_Dive_1_T2,0:03:20
Feb_23,6/3/2023,Ashmore,ROV,Dive_1_T2,45,outer_slope,Monotaxis grandoculis,1,Feb_23_44991_Ashmore_ROV_Dive_1_T2,0:03:20
Feb_23,6/3/2023,Ashmore,ROV,Dive_1_T2,45,outer_slope,Novaculichthys taeniourus,1,Feb_23_44991_Ashmore_ROV_Dive_1_T2,0:03:20
Feb_23,6/3/2023,Ashmore,ROV,Dive_1_T2,45,outer_slope,Cephalopholis leopardus,1,Feb_23_44991_Ashmore_ROV_Dive_1_T2,0:03:20
Feb_23,6/3/2023,Ashmore,ROV,Dive_1_T2,45,outer_slope,Chromis amboinensis,4,Feb_23_44991_Ashmore_ROV_Dive_1_T2,0:03:20
Feb_23,6/3/2023,Ashmore,ROV,Dive_1_T2,45,outer_slope,Centropyge bicolor,1,Feb_23_44991_Ashmore_ROV_Dive_1_T2,0:03:20
Feb_23,6/3/2023,Ashmore,ROV,Dive_1_T2,45,outer_slope,Genicanthus melanospilos,6,Feb_23_44991_Ashmore_ROV_Dive_1_T2,0:03:20
Feb_23,6/3/2023,Ashmore,ROV,Dive_1_T2,45,outer_slope,Chromis atripes,1,Feb_23_44991_Ashmore_ROV_Dive_1_T2,0:03:20
Feb_23,6/3/2023,Ashmore,ROV,Dive_1_T2,45,outer_slope,Chromis alpha,4,Feb_23_44991_Ashmore_ROV_Dive_1_T2,0:03:20
Feb_23,6/3/2023,Ashmore,ROV,Dive_1_T2,45,outer_slope,Pomacentrus reidi,2,Feb_23_44991_Ashmore_ROV_Dive_1_T2,0:03:20
Feb_23,6/3/2023,Ashmore,ROV,Dive_1_T2,45,outer_slope,Centropyge bicolor,1,Feb_23_44991_Ashmore_ROV_Dive_1_T2,0:03:20
Feb_23,6/3/2023,Ashmore,ROV,Dive_1_T2,45,outer_slope,Parupeneus multifasciatus,2,Feb_23_44991_Ashmore_ROV_Dive_1_T2,0:03:20
Feb_23,6/3/2023,Ashmore,ROV,Dive_1_T2,45,outer_slope,Pseudanthias pleurotaenia,8,Feb_23_44991_Ashmore_ROV_Dive_1_T2,0:03:20
Feb_23,6/3/2023,Ashmore,ROV,Dive_1_T2,45,outer_slope,Sufflamen bursa,1,Feb_23_44991_Ashmore_ROV_Dive_1_T2,0:03:20
Feb_23,6/3/2023,Ashmore,ROV,Dive_1_T2,45,outer_slope,Pseudanthias pleurotaenia,10,Feb_23_44991_Ashmore_ROV_Dive_1_T2,0:03:20
Feb_23,6/3/2023,Ashmore,ROV,Dive_1_T2,45,outer_slope,Genicanthus melanospilos,4,Feb_23_44991_Ashmore_ROV_Dive_1_T2,0:03:20
Feb_23,6/3/2023,Ashmore,ROV,Dive_1_T2,45,outer_slope,Chromis amboinensis,5,Feb_23_44991_Ashmore_ROV_Dive_1_T2,0:03:20
Feb_23,6/3/2023,Ashmore,ROV,Dive_1_T2,45,outer_slope,Chromis amboinensis,5,Feb_23_44991_Ashmore_ROV_Dive_1_T2,0:03:20
Feb_23,6/3/2023,Ashmore,ROV,Dive_1_T2,45,outer_slope,Zebrasoma velifer,2,Feb_23_44991_Ashmore_ROV_Dive_1_T2,0:03:20
Feb_23,6/3/2023,Ashmore,ROV,Dive_1_T2,45,outer_slope,Zanclus cornutus,2,Feb_23_44991_Ashmore_ROV_Dive_1_T2,0:03:20
Feb_23,6/3/2023,Ashmore,ROV,Dive_1_T2,45,outer_slope,Chlorurus microrhinos,1,Feb_23_44991_Ashmore_ROV_Dive_1_T2,0:03:20
Feb_23,6/3/2023,Ashmore,ROV,Dive_1_T2,45,outer_slope,Balistapus undulatus,1,Feb_23_44991_Ashmore_ROV_Dive_1_T2,0:03:20
Feb_23,6/3/2023,Ashmore,ROV,Dive_1_T2,45,outer_slope,Scarus forsteni,2,Feb_23_44991_Ashmore_ROV_Dive_1_T2,0:03:20
Feb_23,6/3/2023,Ashmore,ROV,Dive_1_T2,45,outer_slope,Arothron nigropunctatus,1,Feb_23_44991_Ashmore_ROV_Dive_1_T2,0:03:20
Feb_23,6/3/2023,Ashmore,ROV,Dive_1_T2,45,outer_slope,Scarus oviceps,1,Feb_23_44991_Ashmore_ROV_Dive_1_T2,0:03:20
Feb_23,6/3/2023,Ashmore,ROV,Dive_1_T2,45,outer_slope,Scarus forsteni,1,Feb_23_44991_Ashmore_ROV_Dive_1_T2,0:03:20
Feb_23,6/3/2023,Ashmore,ROV,Dive_1_T2,45,outer_slope,Cetoscarus ocellatus,1,Feb_23_44991_Ashmore_ROV_Dive_1_T2,0:03:20
Feb_23,6/3/2023,Ashmore,ROV,Dive_1_T2,45,outer_slope,Pomacentrus reidi,2,Feb_23_44991_Ashmore_ROV_Dive_1_T2,0:03:20
Feb_23,6/3/2023,Ashmore,ROV,Dive_1_T2,45,outer_slope,Chromis amboinensis,4,Feb_23_44991_Ashmore_ROV_Dive_1_T2,0:03:20
Feb_23,6/3/2023,Ashmore,ROV,Dive_1_T2,45,outer_slope,Pseudanthias pleurotaenia,4,Feb_23_44991_Ashmore_ROV_Dive_1_T2,0:03:20
Feb_23,6/3/2023,Ashmore,ROV,Dive_1_T2,45,outer_slope,Monotaxis grandoculis,1,Feb_23_44991_Ashmore_ROV_Dive_1_T2,0:03:20
Feb_23,6/3/2023,Ashmore,ROV,Dive_1_T2,45,outer_slope,Chromis amboinensis,6,Feb_23_44991_Ashmore_ROV_Dive_1_T2,0:03:20
Feb_23,6/3/2023,Ashmore,ROV,Dive_1_T2,45,outer_slope,Scarus frenatus,1,Feb_23_44991_Ashmore_ROV_Dive_1_T2,0:03:20
Feb_23,6/3/2023,Ashmore,ROV,Dive_1_T2,45,outer_slope,Chromis delta,3,Feb_23_44991_Ashmore_ROV_Dive_1_T2,0:03:20
Feb_23,6/3/2023,Ashmore,ROV,Dive_1_T2,45,outer_slope,Naso hexacanthus,1,Feb_23_44991_Ashmore_ROV_Dive_1_T2,0:03:20
Feb_23,6/3/2023,Ashmore,ROV,Dive_1_T2,45,outer_slope,Chromis delta,1,Feb_23_44991_Ashmore_ROV_Dive_1_T2,0:03:20
Feb_23,6/3/2023,Ashmore,ROV,Dive_1_T2,45,outer_slope,Pseudanthias pleurotaenia,8,Feb_23_44991_Ashmore_ROV_Dive_1_T2,0:03:20
Feb_23,6/3/2023,Ashmore,ROV,Dive_1_T2,45,outer_slope,Genicanthus melanospilos,3,Feb_23_44991_Ashmore_ROV_Dive_1_T2,0:03:20
Feb_23,6/3/2023,Ashmore,ROV,Dive_1_T2,45,outer_slope,Ctenochaetus binotatus,2,Feb_23_44991_Ashmore_ROV_Dive_1_T2,0:03:20
Feb_23,6/3/2023,Ashmore,ROV,Dive_1_T2,45,outer_slope,Chromis xanthochira,1,Feb_23_44991_Ashmore_ROV_Dive_1_T2,0:03:20
Feb_23,6/3/2023,Ashmore,ROV,Dive_1_T2,45,outer_slope,Pseudanthias pleurotaenia,8,Feb_23_44991_Ashmore_ROV_Dive_1_T2,0:03:20
Feb_23,6/3/2023,Ashmore,ROV,Dive_1_T2,45,outer_slope,Monotaxis grandoculis,1,Feb_23_44991_Ashmore_ROV_Dive_1_T2,0:03:20
Feb_23,6/3/2023,Ashmore,ROV,Dive_1_T2,45,outer_slope,Pseudanthias pleurotaenia,10,Feb_23_44991_Ashmore_ROV_Dive_1_T2,0:03:20
Feb_23,6/3/2023,Ashmore,ROV,Dive_1_T2,45,outer_slope,Chromis amboinensis,4,Feb_23_44991_Ashmore_ROV_Dive_1_T2,0:03:20
Feb_23,6/3/2023,Ashmore,ROV,Dive_1_T2,45,outer_slope,Centropyge bicolor,2,Feb_23_44991_Ashmore_ROV_Dive_1_T2,0:03:20
Feb_23,6/3/2023,Ashmore,ROV,Dive_1_T2,45,outer_slope,Pseudanthias pleurotaenia,8,Feb_23_44991_Ashmore_ROV_Dive_1_T2,0:03:20
Feb_23,6/3/2023,Ashmore,ROV,Dive_1_T2,45,outer_slope,Chromis atripes,4,Feb_23_44991_Ashmore_ROV_Dive_1_T2,0:03:20
Feb_23,6/3/2023,Ashmore,ROV,Dive_1_T2,45,outer_slope,Chromis margaritifer,3,Feb_23_44991_Ashmore_ROV_Dive_1_T2,0:03:20
Feb_23,6/3/2023,Ashmore,ROV,Dive_1_T2,45,outer_slope,Neoniphon sammara,1,Feb_23_44991_Ashmore_ROV_Dive_1_T2,0:03:20
Feb_23,6/3/2023,Ashmore,ROV,Dive_1_T2,45,outer_slope,Chromis amboinensis,6,Feb_23_44991_Ashmore_ROV_Dive_1_T2,0:03:20
Feb_23,6/3/2023,Ashmore,ROV,Dive_1_T2,45,outer_slope,Chromis alpha,1,Feb_23_44991_Ashmore_ROV_Dive_1_T2,0:03:20
Feb_23,6/3/2023,Ashmore,ROV,Dive_1_T2,45,outer_slope,Ctenochaetus binotatus,2,Feb_23_44991_Ashmore_ROV_Dive_1_T2,0:03:20
Feb_23,6/3/2023,Ashmore,ROV,Dive_1_T2,45,outer_slope,Pomacentrus sp,1,Feb_23_44991_Ashmore_ROV_Dive_1_T2,0:03:20
Feb_23,6/3/2023,Ashmore,ROV,Dive_1_T2,45,outer_slope,Sargocentron sp,1,Feb_23_44991_Ashmore_ROV_Dive_1_T2,0:03:20
Feb_23,6/3/2023,Ashmore,ROV,Dive_1_T3,45,outer_slope,Sargocentron sp,1,Feb_23_44991_Ashmore_ROV_Dive_1_T3,0:03:20
Feb_23,6/3/2023,Ashmore,ROV,Dive_1_T3,42,outer_slope,Arothron nigropunctatus,1,Feb_23_44991_Ashmore_ROV_Dive_1_T3,0:03:20
Feb_23,6/3/2023,Ashmore,ROV,Dive_1_T3,42,outer_slope,Bodianus mesothorax,1,Feb_23_44991_Ashmore_ROV_Dive_1_T3,0:03:20
Feb_23,6/3/2023,Ashmore,ROV,Dive_1_T3,42,outer_slope,Macolor niger,5,Feb_23_44991_Ashmore_ROV_Dive_1_T3,0:03:20
Feb_23,6/3/2023,Ashmore,ROV,Dive_1_T3,42,outer_slope,Macolor niger,4,Feb_23_44991_Ashmore_ROV_Dive_1_T3,0:03:20
Feb_23,6/3/2023,Ashmore,ROV,Dive_1_T3,42,outer_slope,Lutjanus bohar,1,Feb_23_44991_Ashmore_ROV_Dive_1_T3,0:03:20
Feb_23,6/3/2023,Ashmore,ROV,Dive_1_T3,42,outer_slope,Lutjanus kasmira,1,Feb_23_44991_Ashmore_ROV_Dive_1_T3,0:03:20
Feb_23,6/3/2023,Ashmore,ROV,Dive_1_T3,42,outer_slope,Macolor niger,7,Feb_23_44991_Ashmore_ROV_Dive_1_T3,0:03:20
Feb_23,6/3/2023,Ashmore,ROV,Dive_1_T3,42,outer_slope,Forcipiger flavissimus,1,Feb_23_44991_Ashmore_ROV_Dive_1_T3,0:03:20
Feb_23,6/3/2023,Ashmore,ROV,Dive_1_T3,42,outer_slope,Chromis alpha,1,Feb_23_44991_Ashmore_ROV_Dive_1_T3,0:03:20
Feb_23,6/3/2023,Ashmore,ROV,Dive_1_T3,42,outer_slope,Centropyge bicolor,1,Feb_23_44991_Ashmore_ROV_Dive_1_T3,0:03:20
Feb_23,6/3/2023,Ashmore,ROV,Dive_1_T3,42,outer_slope,Chromis atripes,5,Feb_23_44991_Ashmore_ROV_Dive_1_T3,0:03:20
Feb_23,6/3/2023,Ashmore,ROV,Dive_1_T3,42,outer_slope,Chromis amboinensis,8,Feb_23_44991_Ashmore_ROV_Dive_1_T3,0:03:20
Feb_23,6/3/2023,Ashmore,ROV,Dive_1_T3,42,outer_slope,Lutjanus kasmira,1,Feb_23_44991_Ashmore_ROV_Dive_1_T3,0:03:20
Feb_23,6/3/2023,Ashmore,ROV,Dive_1_T3,42,outer_slope,Pictichromis paccagnellae,1,Feb_23_44991_Ashmore_ROV_Dive_1_T3,0:03:20
Feb_23,6/3/2023,Ashmore,ROV,Dive_1_T3,42,outer_slope,Chromis iomelas,3,Feb_23_44991_Ashmore_ROV_Dive_1_T3,0:03:20
Feb_23,6/3/2023,Ashmore,ROV,Dive_1_T3,42,outer_slope,Chromis amboinensis,10,Feb_23_44991_Ashmore_ROV_Dive_1_T3,0:03:20
Feb_23,6/3/2023,Ashmore,ROV,Dive_1_T3,42,outer_slope,Pictichromis paccagnellae,1,Feb_23_44991_Ashmore_ROV_Dive_1_T3,0:03:20
Feb_23,6/3/2023,Ashmore,ROV,Dive_1_T3,42,outer_slope,Chromis atripes,4,Feb_23_44991_Ashmore_ROV_Dive_1_T3,0:03:20
Feb_23,6/3/2023,Ashmore,ROV,Dive_1_T3,42,outer_slope,Pseudanthias pleurotaenia,4,Feb_23_44991_Ashmore_ROV_Dive_1_T3,0:03:20
Feb_23,6/3/2023,Ashmore,ROV,Dive_1_T3,42,outer_slope,Chromis retrofasciata,3,Feb_23_44991_Ashmore_ROV_Dive_1_T3,0:03:20
Feb_23,6/3/2023,Ashmore,ROV,Dive_1_T3,42,outer_slope,Acanthochromis polyacanthus,2,Feb_23_44991_Ashmore_ROV_Dive_1_T3,0:03:20
Feb_23,6/3/2023,Ashmore,ROV,Dive_1_T3,42,outer_slope,Chromis amboinensis,8,Feb_23_44991_Ashmore_ROV_Dive_1_T3,0:03:20
Feb_23,6/3/2023,Ashmore,ROV,Dive_1_T3,42,outer_slope,Lutjanus kasmira,1,Feb_23_44991_Ashmore_ROV_Dive_1_T3,0:03:20
Feb_23,6/3/2023,Ashmore,ROV,Dive_1_T3,42,outer_slope,Chaetodon pelewensis,1,Feb_23_44991_Ashmore_ROV_Dive_1_T3,0:03:20
Feb_23,6/3/2023,Ashmore,ROV,Dive_1_T3,42,outer_slope,Carcharhinus amblyrhynchos,1,Feb_23_44991_Ashmore_ROV_Dive_1_T3,0:03:20
Feb_23,6/3/2023,Ashmore,ROV,Dive_1_T3,42,outer_slope,Cirrhilabrus punctatus,12,Feb_23_44991_Ashmore_ROV_Dive_1_T3,0:03:20
Feb_23,6/3/2023,Ashmore,ROV,Dive_1_T3,42,outer_slope,Chromis amboinensis,12,Feb_23_44991_Ashmore_ROV_Dive_1_T3,0:03:20
Feb_23,6/3/2023,Ashmore,ROV,Dive_1_T3,42,outer_slope,Anampses twistii,1,Feb_23_44991_Ashmore_ROV_Dive_1_T3,0:03:20
Feb_23,6/3/2023,Ashmore,ROV,Dive_1_T3,42,outer_slope,Macolor niger,5,Feb_23_44991_Ashmore_ROV_Dive_1_T3,0:03:20
Feb_23,6/3/2023,Ashmore,ROV,Dive_1_T3,42,outer_slope,Genicanthus melanospilos,3,Feb_23_44991_Ashmore_ROV_Dive_1_T3,0:03:20
Feb_23,6/3/2023,Ashmore,ROV,Dive_1_T3,42,outer_slope,Pomacentrus reidi,1,Feb_23_44991_Ashmore_ROV_Dive_1_T3,0:03:20
Feb_23,6/3/2023,Ashmore,ROV,Dive_1_T3,42,outer_slope,Cirrhilabrus lineatus,4,Feb_23_44991_Ashmore_ROV_Dive_1_T3,0:03:20
Feb_23,6/3/2023,Ashmore,ROV,Dive_1_T3,42,outer_slope,Centropyge bispinosa,1,Feb_23_44991_Ashmore_ROV_Dive_1_T3,0:03:20
Feb_23,6/3/2023,Ashmore,ROV,Dive_1_T3,42,outer_slope,Oxycheilinus orientalis,1,Feb_23_44991_Ashmore_ROV_Dive_1_T3,0:03:20
Feb_23,6/3/2023,Ashmore,ROV,Dive_1_T3,42,outer_slope,Chromis amboinensis,10,Feb_23_44991_Ashmore_ROV_Dive_1_T3,0:03:20
Feb_23,6/3/2023,Ashmore,ROV,Dive_1_T3,42,outer_slope,Pomacentrus reidi,6,Feb_23_44991_Ashmore_ROV_Dive_1_T3,0:03:20
Feb_23,6/3/2023,Ashmore,ROV,Dive_1_T3,42,outer_slope,Cirrhilabrus punctatus,3,Feb_23_44991_Ashmore_ROV_Dive_1_T3,0:03:20
Feb_23,6/3/2023,Ashmore,ROV,Dive_1_T3,42,outer_slope,Centropyge bispinosa,1,Feb_23_44991_Ashmore_ROV_Dive_1_T3,0:03:20
Feb_23,6/3/2023,Ashmore,ROV,Dive_1_T3,42,outer_slope,Cirrhilabrus lineatus,1,Feb_23_44991_Ashmore_ROV_Dive_1_T3,0:03:20
Feb_23,6/3/2023,Ashmore,ROV,Dive_1_T3,42,outer_slope,Chromis retrofasciata,2,Feb_23_44991_Ashmore_ROV_Dive_1_T3,0:03:20
Feb_23,6/3/2023,Ashmore,ROV,Dive_1_T3,42,outer_slope,Centropyge bispinosa,1,Feb_23_44991_Ashmore_ROV_Dive_1_T3,0:03:20
Feb_23,6/3/2023,Ashmore,ROV,Dive_1_T3,42,outer_slope,Chromis delta,1,Feb_23_44991_Ashmore_ROV_Dive_1_T3,0:03:20
Feb_23,6/3/2023,Ashmore,ROV,Dive_1_T3,42,outer_slope,Chromis atripes,3,Feb_23_44991_Ashmore_ROV_Dive_1_T3,0:03:20
Feb_23,6/3/2023,Ashmore,ROV,Dive_1_T3,42,outer_slope,Chromis delta,1,Feb_23_44991_Ashmore_ROV_Dive_1_T3,0:03:20
Feb_23,6/3/2023,Ashmore,ROV,Dive_1_T3,42,outer_slope,Cirrhilabrus punctatus,1,Feb_23_44991_Ashmore_ROV_Dive_1_T3,0:03:20
Feb_23,6/3/2023,Ashmore,ROV,Dive_1_T3,42,outer_slope,Chromis atripes,2,Feb_23_44991_Ashmore_ROV_Dive_1_T3,0:03:20
Feb_23,6/3/2023,Ashmore,ROV,Dive_1_T3,42,outer_slope,Chromis amboinensis,12,Feb_23_44991_Ashmore_ROV_Dive_1_T3,0:03:20
Feb_23,6/3/2023,Ashmore,ROV,Dive_1_T3,42,outer_slope,Pseudanthias pleurotaenia,6,Feb_23_44991_Ashmore_ROV_Dive_1_T3,0:03:20
Feb_23,6/3/2023,Ashmore,ROV,Dive_1_T3,42,outer_slope,Pomacentrus brachialis,1,Feb_23_44991_Ashmore_ROV_Dive_1_T3,0:03:20
Feb_23,6/3/2023,Ashmore,ROV,Dive_1_T3,42,outer_slope,Chromis atripes,8,Feb_23_44991_Ashmore_ROV_Dive_1_T3,0:03:20
Feb_23,6/3/2023,Ashmore,ROV,Dive_1_T3,42,outer_slope,Meiacanthus atrodorsalis,1,Feb_23_44991_Ashmore_ROV_Dive_1_T3,0:03:20
Feb_23,6/3/2023,Ashmore,ROV,Dive_1_T3,42,outer_slope,Plagiotremus rhinorhynchos,1,Feb_23_44991_Ashmore_ROV_Dive_1_T3,0:03:20
Feb_23,6/3/2023,Ashmore,ROV,Dive_1_T3,42,outer_slope,Genicanthus melanospilos,8,Feb_23_44991_Ashmore_ROV_Dive_1_T3,0:03:20
Feb_23,6/3/2023,Ashmore,ROV,Dive_1_T3,42,outer_slope,Centropyge heraldi,1,Feb_23_44991_Ashmore_ROV_Dive_1_T3,0:03:20
Feb_23,6/3/2023,Ashmore,ROV,Dive_1_T3,42,outer_slope,Chromis amboinensis,4,Feb_23_44991_Ashmore_ROV_Dive_1_T3,0:03:20
Feb_23,6/3/2023,Ashmore,ROV,Dive_1_T3,42,outer_slope,Ctenochaetus binotatus,1,Feb_23_44991_Ashmore_ROV_Dive_1_T3,0:03:20
Feb_23,6/3/2023,Ashmore,ROV,Dive_1_T3,42,outer_slope,Chromis iomelas,1,Feb_23_44991_Ashmore_ROV_Dive_1_T3,0:03:20
Feb_23,6/3/2023,Ashmore,ROV,Dive_1_T3,42,outer_slope,Macolor niger,2,Feb_23_44991_Ashmore_ROV_Dive_1_T3,0:03:20
Feb_23,6/3/2023,Ashmore,ROV,Dive_1_T3,42,outer_slope,Plagiotremus rhinorhynchos,1,Feb_23_44991_Ashmore_ROV_Dive_1_T3,0:03:20
Feb_23,6/3/2023,Ashmore,ROV,Dive_1_T3,42,outer_slope,Chromis iomelas,1,Feb_23_44991_Ashmore_ROV_Dive_1_T3,0:03:20
Feb_23,6/3/2023,Ashmore,ROV,Dive_1_T3,42,outer_slope,Genicanthus melanospilos,2,Feb_23_44991_Ashmore_ROV_Dive_1_T3,0:03:20
Feb_23,6/3/2023,Ashmore,ROV,Dive_1_T3,42,outer_slope,Chromis alpha,1,Feb_23_44991_Ashmore_ROV_Dive_1_T3,0:03:20
Feb_23,6/3/2023,Ashmore,ROV,Dive_1_T3,42,outer_slope,Chromis iomelas,1,Feb_23_44991_Ashmore_ROV_Dive_1_T3,0:03:20
Feb_23,6/3/2023,Ashmore,ROV,Dive_1_T3,42,outer_slope,Chromis atripes,1,Feb_23_44991_Ashmore_ROV_Dive_1_T3,0:03:20
Feb_23,6/3/2023,Ashmore,ROV,Dive_1_T3,42,outer_slope,Chromis iomelas,1,Feb_23_44991_Ashmore_ROV_Dive_1_T3,0:03:20
Feb_23,6/3/2023,Ashmore,ROV,Dive_1_T3,42,outer_slope,Genicanthus melanospilos,1,Feb_23_44991_Ashmore_ROV_Dive_1_T3,0:03:20
Feb_23,6/3/2023,Ashmore,ROV,Dive_1_T3,42,outer_slope,Centropyge bicolor,1,Feb_23_44991_Ashmore_ROV_Dive_1_T3,0:03:20
Feb_23,6/3/2023,Ashmore,ROV,Dive_1_T3,42,outer_slope,Genicanthus melanospilos,1,Feb_23_44991_Ashmore_ROV_Dive_1_T3,0:03:20
Feb_23,6/3/2023,Ashmore,ROV,Dive_1_T3,42,outer_slope,Nemateleotris magnifica,1,Feb_23_44991_Ashmore_ROV_Dive_1_T3,0:03:20
Feb_23,6/3/2023,Ashmore,ROV,Dive_1_T3,42,outer_slope,Chromis margaritifer,1,Feb_23_44991_Ashmore_ROV_Dive_1_T3,0:03:20
Feb_23,6/3/2023,Ashmore,ROV,Dive_1_T3,42,outer_slope,Chromis iomelas,8,Feb_23_44991_Ashmore_ROV_Dive_1_T3,0:03:20
Feb_23,6/3/2023,Ashmore,ROV,Dive_1_T3,42,outer_slope,Pycnochromis leucurus,1,Feb_23_44991_Ashmore_ROV_Dive_1_T3,0:03:20
Feb_23,6/3/2023,Ashmore,ROV,Dive_1_T3,42,outer_slope,Chaetodon lunulatus,2,Feb_23_44991_Ashmore_ROV_Dive_1_T3,0:03:20
Feb_23,6/3/2023,Ashmore,ROV,Dive_1_T3,42,outer_slope,Scarus forsteni,1,Feb_23_44991_Ashmore_ROV_Dive_1_T3,0:03:20
Feb_23,6/3/2023,Ashmore,ROV,Dive_1_T3,42,outer_slope,Amphiprion clarkii,1,Feb_23_44991_Ashmore_ROV_Dive_1_T3,0:03:20
Feb_23,6/3/2023,Ashmore,ROV,Dive_1_T3,42,outer_slope,Amphiprion clarkii,1,Feb_23_44991_Ashmore_ROV_Dive_1_T3,0:03:20
Feb_23,6/3/2023,Ashmore,ROV,Dive_1_T3,42,outer_slope,Amphiprion clarkii,1,Feb_23_44991_Ashmore_ROV_Dive_1_T3,0:03:20
Feb_23,6/3/2023,Ashmore,ROV,Dive_1_T3,42,outer_slope,Amphiprion clarkii,1,Feb_23_44991_Ashmore_ROV_Dive_1_T3,0:03:20
Feb_23,6/3/2023,Ashmore,ROV,Dive_1_T3,42,outer_slope,Pycnochromis leucurus,1,Feb_23_44991_Ashmore_ROV_Dive_1_T3,0:03:20
Feb_23,6/3/2023,Ashmore,ROV,Dive_1_T3,42,outer_slope,Genicanthus melanospilos,4,Feb_23_44991_Ashmore_ROV_Dive_1_T3,0:03:20
Feb_23,6/3/2023,Ashmore,ROV,Dive_1_T3,42,outer_slope,Chromis atripes,4,Feb_23_44991_Ashmore_ROV_Dive_1_T3,0:03:20
Feb_23,6/3/2023,Ashmore,ROV,Dive_1_T3,42,outer_slope,Ctenochaetus striatus,1,Feb_23_44991_Ashmore_ROV_Dive_1_T3,0:03:20
Feb_23,6/3/2023,Ashmore,ROV,Dive_1_T3,42,outer_slope,Nemateleotris magnifica,1,Feb_23_44991_Ashmore_ROV_Dive_1_T3,0:03:20
Feb_23,6/3/2023,Ashmore,ROV,Dive_1_T3,42,outer_slope,Labroides dimidiatus,1,Feb_23_44991_Ashmore_ROV_Dive_1_T3,0:03:20
Feb_23,6/3/2023,Ashmore,ROV,Dive_1_T3,42,outer_slope,Oxycheilinus orientalis,1,Feb_23_44991_Ashmore_ROV_Dive_1_T3,0:03:20
Feb_23,6/3/2023,Ashmore,ROV,Dive_1_T3,42,outer_slope,Genicanthus melanospilos,1,Feb_23_44991_Ashmore_ROV_Dive_1_T3,0:03:20
Feb_23,6/3/2023,Ashmore,ROV,Dive_1_T3,42,outer_slope,Centropyge bicolor,3,Feb_23_44991_Ashmore_ROV_Dive_1_T3,0:03:20
Feb_23,6/3/2023,Ashmore,ROV,Dive_1_T3,42,outer_slope,Chromis atripes,1,Feb_23_44991_Ashmore_ROV_Dive_1_T3,0:03:20
Feb_23,6/3/2023,Ashmore,ROV,Dive_1_T3,42,outer_slope,Chromis atripes,1,Feb_23_44991_Ashmore_ROV_Dive_1_T3,0:03:20
Feb_23,6/3/2023,Ashmore,ROV,Dive_1_T3,42,outer_slope,Chromis atripes,1,Feb_23_44991_Ashmore_ROV_Dive_1_T3,0:03:20
Feb_23,6/3/2023,Ashmore,ROV,Dive_1_T3,42,outer_slope,Nemateleotris decora,1,Feb_23_44991_Ashmore_ROV_Dive_1_T3,0:03:20
Feb_23,6/3/2023,Ashmore,ROV,Dive_1_T3,42,outer_slope,Nemateleotris magnifica,1,Feb_23_44991_Ashmore_ROV_Dive_1_T3,0:03:20
Feb_23,6/3/2023,Ashmore,ROV,Dive_1_T3,42,outer_slope,Pycnochromis leucurus,1,Feb_23_44991_Ashmore_ROV_Dive_1_T3,0:03:20
Feb_23,6/3/2023,Ashmore,ROV,Dive_1_T3,42,outer_slope,Myripristis sp,1,Feb_23_44991_Ashmore_ROV_Dive_1_T3,0:03:20
Feb_23,6/3/2023,Ashmore,ROV,Dive_1_T3,42,outer_slope,Myripristis sp,1,Feb_23_44991_Ashmore_ROV_Dive_1_T3,0:03:20
Feb_23,6/3/2023,Ashmore,ROV,Dive_1_T3,42,outer_slope,Halichoeres sp,1,Feb_23_44991_Ashmore_ROV_Dive_1_T3,0:03:20
Feb_23,6/3/2023,Ashmore,ROV,Dive_1_T3,42,outer_slope,Labropsis sp,1,Feb_23_44991_Ashmore_ROV_Dive_1_T3,0:03:20
Feb_23,6/3/2023,Ashmore,ROV,Dive_1_T4,42,outer_slope,Halichoeres sp,1,Feb_23_44991_Ashmore_ROV_Dive_1_T4,0:03:20
Feb_23,6/3/2023,Ashmore,ROV,Dive_1_T4,38,outer_slope,Pseudanthias pleurotaenia,1,Feb_23_44991_Ashmore_ROV_Dive_1_T4,0:03:20
Feb_23,6/3/2023,Ashmore,ROV,Dive_1_T4,38,outer_slope,Chromis atripes,1,Feb_23_44991_Ashmore_ROV_Dive_1_T4,0:03:20
Feb_23,6/3/2023,Ashmore,ROV,Dive_1_T4,38,outer_slope,Chromis amboinensis,1,Feb_23_44991_Ashmore_ROV_Dive_1_T4,0:03:20
Feb_23,6/3/2023,Ashmore,ROV,Dive_1_T4,38,outer_slope,Pycnochromis leucurus,1,Feb_23_44991_Ashmore_ROV_Dive_1_T4,0:03:20
Feb_23,6/3/2023,Ashmore,ROV,Dive_1_T4,38,outer_slope,Pycnochromis leucurus,1,Feb_23_44991_Ashmore_ROV_Dive_1_T4,0:03:20
Feb_23,6/3/2023,Ashmore,ROV,Dive_1_T4,38,outer_slope,Chromis margaritifer,1,Feb_23_44991_Ashmore_ROV_Dive_1_T4,0:03:20
Feb_23,6/3/2023,Ashmore,ROV,Dive_1_T4,38,outer_slope,Chromis atripes,1,Feb_23_44991_Ashmore_ROV_Dive_1_T4,0:03:20
Feb_23,6/3/2023,Ashmore,ROV,Dive_1_T4,38,outer_slope,Chromis amboinensis,6,Feb_23_44991_Ashmore_ROV_Dive_1_T4,0:03:20
Feb_23,6/3/2023,Ashmore,ROV,Dive_1_T4,38,outer_slope,Chromis margaritifer,6,Feb_23_44991_Ashmore_ROV_Dive_1_T4,0:03:20
Feb_23,6/3/2023,Ashmore,ROV,Dive_1_T4,38,outer_slope,Chromis atripes,1,Feb_23_44991_Ashmore_ROV_Dive_1_T4,0:03:20
Feb_23,6/3/2023,Ashmore,ROV,Dive_1_T4,38,outer_slope,Chromis margaritifer,1,Feb_23_44991_Ashmore_ROV_Dive_1_T4,0:03:20
Feb_23,6/3/2023,Ashmore,ROV,Dive_1_T4,38,outer_slope,Chromis atripes,3,Feb_23_44991_Ashmore_ROV_Dive_1_T4,0:03:20
Feb_23,6/3/2023,Ashmore,ROV,Dive_1_T4,38,outer_slope,Chromis amboinensis,1,Feb_23_44991_Ashmore_ROV_Dive_1_T4,0:03:20
Feb_23,6/3/2023,Ashmore,ROV,Dive_1_T4,38,outer_slope,Labrichthys unilineatus,1,Feb_23_44991_Ashmore_ROV_Dive_1_T4,0:03:20
Feb_23,6/3/2023,Ashmore,ROV,Dive_1_T4,38,outer_slope,Pygoplites diacanthus,1,Feb_23_44991_Ashmore_ROV_Dive_1_T4,0:03:20
Feb_23,6/3/2023,Ashmore,ROV,Dive_1_T4,38,outer_slope,Halichoeres biocellatus,1,Feb_23_44991_Ashmore_ROV_Dive_1_T4,0:03:20
Feb_23,6/3/2023,Ashmore,ROV,Dive_1_T4,38,outer_slope,Genicanthus melanospilos,6,Feb_23_44991_Ashmore_ROV_Dive_1_T4,0:03:20
Feb_23,6/3/2023,Ashmore,ROV,Dive_1_T4,38,outer_slope,Chromis atripes,1,Feb_23_44991_Ashmore_ROV_Dive_1_T4,0:03:20
Feb_23,6/3/2023,Ashmore,ROV,Dive_1_T4,38,outer_slope,Cheilinus trilobatus,1,Feb_23_44991_Ashmore_ROV_Dive_1_T4,0:03:20
Feb_23,6/3/2023,Ashmore,ROV,Dive_1_T4,38,outer_slope,Balistapus undulatus,1,Feb_23_44991_Ashmore_ROV_Dive_1_T4,0:03:20
Feb_23,6/3/2023,Ashmore,ROV,Dive_1_T4,38,outer_slope,Centropyge bispinosa,1,Feb_23_44991_Ashmore_ROV_Dive_1_T4,0:03:20
Feb_23,6/3/2023,Ashmore,ROV,Dive_1_T4,38,outer_slope,Pseudanthias pleurotaenia,3,Feb_23_44991_Ashmore_ROV_Dive_1_T4,0:03:20
Feb_23,6/3/2023,Ashmore,ROV,Dive_1_T4,38,outer_slope,Centropyge bicolor,1,Feb_23_44991_Ashmore_ROV_Dive_1_T4,0:03:20
Feb_23,6/3/2023,Ashmore,ROV,Dive_1_T4,38,outer_slope,Cirrhilabrus lineatus,1,Feb_23_44991_Ashmore_ROV_Dive_1_T4,0:03:20
Feb_23,6/3/2023,Ashmore,ROV,Dive_1_T4,38,outer_slope,Acanthurus nigrofuscus,1,Feb_23_44991_Ashmore_ROV_Dive_1_T4,0:03:20
Feb_23,6/3/2023,Ashmore,ROV,Dive_1_T4,38,outer_slope,Cheilinus trilobatus,1,Feb_23_44991_Ashmore_ROV_Dive_1_T4,0:03:20
Feb_23,6/3/2023,Ashmore,ROV,Dive_1_T4,38,outer_slope,Genicanthus melanospilos,5,Feb_23_44991_Ashmore_ROV_Dive_1_T4,0:03:20
Feb_23,6/3/2023,Ashmore,ROV,Dive_1_T4,38,outer_slope,Acanthurus nigrofuscus,1,Feb_23_44991_Ashmore_ROV_Dive_1_T4,0:03:20
Feb_23,6/3/2023,Ashmore,ROV,Dive_1_T4,38,outer_slope,Centropyge bicolor,1,Feb_23_44991_Ashmore_ROV_Dive_1_T4,0:03:20
Feb_23,6/3/2023,Ashmore,ROV,Dive_1_T4,38,outer_slope,Centropyge bispinosa,1,Feb_23_44991_Ashmore_ROV_Dive_1_T4,0:03:20
Feb_23,6/3/2023,Ashmore,ROV,Dive_1_T4,38,outer_slope,Parupeneus multifasciatus,1,Feb_23_44991_Ashmore_ROV_Dive_1_T4,0:03:20
Feb_23,6/3/2023,Ashmore,ROV,Dive_1_T4,38,outer_slope,Parupeneus multifasciatus,1,Feb_23_44991_Ashmore_ROV_Dive_1_T4,0:03:20
Feb_23,6/3/2023,Ashmore,ROV,Dive_1_T4,38,outer_slope,Pseudanthias pleurotaenia,6,Feb_23_44991_Ashmore_ROV_Dive_1_T4,0:03:20
Feb_23,6/3/2023,Ashmore,ROV,Dive_1_T4,38,outer_slope,Ctenochaetus binotatus,1,Feb_23_44991_Ashmore_ROV_Dive_1_T4,0:03:20
Feb_23,6/3/2023,Ashmore,ROV,Dive_1_T4,38,outer_slope,Genicanthus melanospilos,8,Feb_23_44991_Ashmore_ROV_Dive_1_T4,0:03:20
Feb_23,6/3/2023,Ashmore,ROV,Dive_1_T4,38,outer_slope,Cantherhines dumerilii,1,Feb_23_44991_Ashmore_ROV_Dive_1_T4,0:03:20
Feb_23,6/3/2023,Ashmore,ROV,Dive_1_T4,38,outer_slope,Parupeneus multifasciatus,3,Feb_23_44991_Ashmore_ROV_Dive_1_T4,0:03:20
Feb_23,6/3/2023,Ashmore,ROV,Dive_1_T4,38,outer_slope,Chromis atripes,3,Feb_23_44991_Ashmore_ROV_Dive_1_T4,0:03:20
Feb_23,6/3/2023,Ashmore,ROV,Dive_1_T4,38,outer_slope,Centropyge bispinosa,1,Feb_23_44991_Ashmore_ROV_Dive_1_T4,0:03:20
Feb_23,6/3/2023,Ashmore,ROV,Dive_1_T4,38,outer_slope,Pycnochromis leucurus,1,Feb_23_44991_Ashmore_ROV_Dive_1_T4,0:03:20
Feb_23,6/3/2023,Ashmore,ROV,Dive_1_T4,38,outer_slope,Chromis margaritifer,3,Feb_23_44991_Ashmore_ROV_Dive_1_T4,0:03:20
Feb_23,6/3/2023,Ashmore,ROV,Dive_1_T4,38,outer_slope,Parupeneus multifasciatus,1,Feb_23_44991_Ashmore_ROV_Dive_1_T4,0:03:20
Feb_23,6/3/2023,Ashmore,ROV,Dive_1_T4,38,outer_slope,Sufflamen bursa,1,Feb_23_44991_Ashmore_ROV_Dive_1_T4,0:03:20
Feb_23,6/3/2023,Ashmore,ROV,Dive_1_T4,38,outer_slope,Hoplolatilus starcki,1,Feb_23_44991_Ashmore_ROV_Dive_1_T4,0:03:20
Feb_23,6/3/2023,Ashmore,ROV,Dive_1_T4,38,outer_slope,Pseudanthias pleurotaenia,1,Feb_23_44991_Ashmore_ROV_Dive_1_T4,0:03:20
Feb_23,6/3/2023,Ashmore,ROV,Dive_1_T4,38,outer_slope,Genicanthus melanospilos,1,Feb_23_44991_Ashmore_ROV_Dive_1_T4,0:03:20
Feb_23,6/3/2023,Ashmore,ROV,Dive_1_T4,38,outer_slope,Pseudanthias pleurotaenia,1,Feb_23_44991_Ashmore_ROV_Dive_1_T4,0:03:20
Feb_23,6/3/2023,Ashmore,ROV,Dive_1_T4,38,outer_slope,Chromis margaritifer,1,Feb_23_44991_Ashmore_ROV_Dive_1_T4,0:03:20
Feb_23,6/3/2023,Ashmore,ROV,Dive_1_T4,38,outer_slope,Plagiotremus rhinorhynchos,1,Feb_23_44991_Ashmore_ROV_Dive_1_T4,0:03:20
Feb_23,6/3/2023,Ashmore,ROV,Dive_1_T4,38,outer_slope,Meiacanthus grammistes,1,Feb_23_44991_Ashmore_ROV_Dive_1_T4,0:03:20
Feb_23,6/3/2023,Ashmore,ROV,Dive_1_T4,38,outer_slope,Acanthurus nigrofuscus,1,Feb_23_44991_Ashmore_ROV_Dive_1_T4,0:03:20
Feb_23,6/3/2023,Ashmore,ROV,Dive_1_T4,38,outer_slope,Centropyge bicolor,2,Feb_23_44991_Ashmore_ROV_Dive_1_T4,0:03:20
Feb_23,6/3/2023,Ashmore,ROV,Dive_1_T4,38,outer_slope,Xanthichthys auromarginatus,1,Feb_23_44991_Ashmore_ROV_Dive_1_T4,0:03:20
Feb_23,6/3/2023,Ashmore,ROV,Dive_1_T4,38,outer_slope,Cirrhilabrus punctatus,1,Feb_23_44991_Ashmore_ROV_Dive_1_T4,0:03:20
Feb_23,6/3/2023,Ashmore,ROV,Dive_1_T4,38,outer_slope,Anampses melanurus,1,Feb_23_44991_Ashmore_ROV_Dive_1_T4,0:03:20
Feb_23,6/3/2023,Ashmore,ROV,Dive_1_T4,38,outer_slope,Synodus sp,1,Feb_23_44991_Ashmore_ROV_Dive_1_T4,0:03:20
Feb_23,6/3/2023,Ashmore,ROV,Dive_1_T4,38,outer_slope,Cirrhilabrus sp,1,Feb_23_44991_Ashmore_ROV_Dive_1_T4,0:03:20
Feb_23,6/3/2023,Ashmore,ROV,Dive_1_T4,38,outer_slope,Labrichthys sp,1,Feb_23_44991_Ashmore_ROV_Dive_1_T4,0:03:20
Feb_23,6/3/2023,Ashmore,ROV,Dive_1_T5,38,outer_slope,Pseudochromidae sp,1,Feb_23_44991_Ashmore_ROV_Dive_1_T5,0:03:20
Feb_23,6/3/2023,Ashmore,ROV,Dive_1_T5,32,outer_slope,Chromis margaritifer,3,Feb_23_44991_Ashmore_ROV_Dive_1_T5,0:03:20
Feb_23,6/3/2023,Ashmore,ROV,Dive_1_T5,32,outer_slope,Chromis margaritifer,2,Feb_23_44991_Ashmore_ROV_Dive_1_T5,0:03:20
Feb_23,6/3/2023,Ashmore,ROV,Dive_1_T5,32,outer_slope,Oxycheilinus orientalis,1,Feb_23_44991_Ashmore_ROV_Dive_1_T5,0:03:20
Feb_23,6/3/2023,Ashmore,ROV,Dive_1_T5,32,outer_slope,Xanthichthys auromarginatus,5,Feb_23_44991_Ashmore_ROV_Dive_1_T5,0:03:20
Feb_23,6/3/2023,Ashmore,ROV,Dive_1_T5,32,outer_slope,Chromis margaritifer,4,Feb_23_44991_Ashmore_ROV_Dive_1_T5,0:03:20
Feb_23,6/3/2023,Ashmore,ROV,Dive_1_T5,32,outer_slope,Labrichthys unilineatus,1,Feb_23_44991_Ashmore_ROV_Dive_1_T5,0:03:20
Feb_23,6/3/2023,Ashmore,ROV,Dive_1_T5,32,outer_slope,Chromis margaritifer,4,Feb_23_44991_Ashmore_ROV_Dive_1_T5,0:03:20
Feb_23,6/3/2023,Ashmore,ROV,Dive_1_T5,32,outer_slope,Xanthichthys auromarginatus,1,Feb_23_44991_Ashmore_ROV_Dive_1_T5,0:03:20
Feb_23,6/3/2023,Ashmore,ROV,Dive_1_T5,32,outer_slope,Labrichthys unilineatus,1,Feb_23_44991_Ashmore_ROV_Dive_1_T5,0:03:20
Feb_23,6/3/2023,Ashmore,ROV,Dive_1_T5,32,outer_slope,Sufflamen bursa,1,Feb_23_44991_Ashmore_ROV_Dive_1_T5,0:03:20
Feb_23,6/3/2023,Ashmore,ROV,Dive_1_T5,32,outer_slope,Genicanthus melanospilos,1,Feb_23_44991_Ashmore_ROV_Dive_1_T5,0:03:20
Feb_23,6/3/2023,Ashmore,ROV,Dive_1_T5,32,outer_slope,Centropyge heraldi,1,Feb_23_44991_Ashmore_ROV_Dive_1_T5,0:03:20
Feb_23,6/3/2023,Ashmore,ROV,Dive_1_T5,32,outer_slope,Chromis xanthochira,1,Feb_23_44991_Ashmore_ROV_Dive_1_T5,0:03:20
Feb_23,6/3/2023,Ashmore,ROV,Dive_1_T5,32,outer_slope,Ctenochaetus binotatus,1,Feb_23_44991_Ashmore_ROV_Dive_1_T5,0:03:20
Feb_23,6/3/2023,Ashmore,ROV,Dive_1_T5,32,outer_slope,Dascyllus trimaculatus,1,Feb_23_44991_Ashmore_ROV_Dive_1_T5,0:03:20
Feb_23,6/3/2023,Ashmore,ROV,Dive_1_T5,32,outer_slope,Halichoeres chrysus,2,Feb_23_44991_Ashmore_ROV_Dive_1_T5,0:03:20
Feb_23,6/3/2023,Ashmore,ROV,Dive_1_T5,32,outer_slope,Ctenochaetus binotatus,1,Feb_23_44991_Ashmore_ROV_Dive_1_T5,0:03:20
Feb_23,6/3/2023,Ashmore,ROV,Dive_1_T5,32,outer_slope,Genicanthus melanospilos,2,Feb_23_44991_Ashmore_ROV_Dive_1_T5,0:03:20
Feb_23,6/3/2023,Ashmore,ROV,Dive_1_T5,32,outer_slope,Bodianus dictynna,1,Feb_23_44991_Ashmore_ROV_Dive_1_T5,0:03:20
Feb_23,6/3/2023,Ashmore,ROV,Dive_1_T5,32,outer_slope,Pseudanthias pleurotaenia,1,Feb_23_44991_Ashmore_ROV_Dive_1_T5,0:03:20
Feb_23,6/3/2023,Ashmore,ROV,Dive_1_T5,32,outer_slope,Genicanthus melanospilos,3,Feb_23_44991_Ashmore_ROV_Dive_1_T5,0:03:20
Feb_23,6/3/2023,Ashmore,ROV,Dive_1_T5,32,outer_slope,Plagiotremus rhinorhynchos,1,Feb_23_44991_Ashmore_ROV_Dive_1_T5,0:03:20
Feb_23,6/3/2023,Ashmore,ROV,Dive_1_T5,32,outer_slope,Acanthurus nigrofuscus,2,Feb_23_44991_Ashmore_ROV_Dive_1_T5,0:03:20
Feb_23,6/3/2023,Ashmore,ROV,Dive_1_T5,32,outer_slope,Cephalopholis urodeta,1,Feb_23_44991_Ashmore_ROV_Dive_1_T5,0:03:20
Feb_23,6/3/2023,Ashmore,ROV,Dive_1_T5,32,outer_slope,Chaetodon mertensii,1,Feb_23_44991_Ashmore_ROV_Dive_1_T5,0:03:20
Feb_23,6/3/2023,Ashmore,ROV,Dive_1_T5,32,outer_slope,Centropyge bicolor,1,Feb_23_44991_Ashmore_ROV_Dive_1_T5,0:03:20
Feb_23,6/3/2023,Ashmore,ROV,Dive_1_T5,32,outer_slope,Acanthurus nigrofuscus,1,Feb_23_44991_Ashmore_ROV_Dive_1_T5,0:03:20
Feb_23,6/3/2023,Ashmore,ROV,Dive_1_T5,32,outer_slope,Chaetodon mertensii,1,Feb_23_44991_Ashmore_ROV_Dive_1_T5,0:03:20
Feb_23,6/3/2023,Ashmore,ROV,Dive_1_T5,32,outer_slope,Centropyge bispinosa,1,Feb_23_44991_Ashmore_ROV_Dive_1_T5,0:03:20
Feb_23,6/3/2023,Ashmore,ROV,Dive_1_T5,32,outer_slope,Chromis margaritifer,1,Feb_23_44991_Ashmore_ROV_Dive_1_T5,0:03:20
Feb_23,6/3/2023,Ashmore,ROV,Dive_1_T5,32,outer_slope,Parupeneus multifasciatus,1,Feb_23_44991_Ashmore_ROV_Dive_1_T5,0:03:20
Feb_23,6/3/2023,Ashmore,ROV,Dive_1_T5,32,outer_slope,Centropyge heraldi,1,Feb_23_44991_Ashmore_ROV_Dive_1_T5,0:03:20
Feb_23,6/3/2023,Ashmore,ROV,Dive_1_T5,32,outer_slope,Chromis weberi,5,Feb_23_44991_Ashmore_ROV_Dive_1_T5,0:03:20
Feb_23,6/3/2023,Ashmore,ROV,Dive_1_T5,32,outer_slope,Centropyge heraldi,1,Feb_23_44991_Ashmore_ROV_Dive_1_T5,0:03:20
Feb_23,6/3/2023,Ashmore,ROV,Dive_1_T5,32,outer_slope,Chromis margaritifer,4,Feb_23_44991_Ashmore_ROV_Dive_1_T5,0:03:20
Feb_23,6/3/2023,Ashmore,ROV,Dive_1_T5,32,outer_slope,Halichoeres chrysus,1,Feb_23_44991_Ashmore_ROV_Dive_1_T5,0:03:20
Feb_23,6/3/2023,Ashmore,ROV,Dive_1_T5,32,outer_slope,Cephalopholis urodeta,1,Feb_23_44991_Ashmore_ROV_Dive_1_T5,0:03:20
Feb_23,6/3/2023,Ashmore,ROV,Dive_1_T5,32,outer_slope,Chrysiptera taupou,2,Feb_23_44991_Ashmore_ROV_Dive_1_T5,0:03:20
Feb_23,6/3/2023,Ashmore,ROV,Dive_1_T5,32,outer_slope,Halichoeres chrysus,1,Feb_23_44991_Ashmore_ROV_Dive_1_T5,0:03:20
Feb_23,6/3/2023,Ashmore,ROV,Dive_1_T5,32,outer_slope,Centropyge bicolor,1,Feb_23_44991_Ashmore_ROV_Dive_1_T5,0:03:20
Feb_23,6/3/2023,Ashmore,ROV,Dive_1_T5,32,outer_slope,Centropyge bicolor,1,Feb_23_44991_Ashmore_ROV_Dive_1_T5,0:03:20
Feb_23,6/3/2023,Ashmore,ROV,Dive_1_T5,32,outer_slope,Halichoeres chrysus,2,Feb_23_44991_Ashmore_ROV_Dive_1_T5,0:03:20
Feb_23,6/3/2023,Ashmore,ROV,Dive_1_T5,32,outer_slope,Labroides dimidiatus,1,Feb_23_44991_Ashmore_ROV_Dive_1_T5,0:03:20
Feb_23,6/3/2023,Ashmore,ROV,Dive_1_T5,32,outer_slope,Pseudanthias squamipinnis,6,Feb_23_44991_Ashmore_ROV_Dive_1_T5,0:03:20
Feb_23,6/3/2023,Ashmore,ROV,Dive_1_T5,32,outer_slope,Halichoeres chrysus,1,Feb_23_44991_Ashmore_ROV_Dive_1_T5,0:03:20
Feb_23,6/3/2023,Ashmore,ROV,Dive_1_T5,32,outer_slope,Pseudanthias squamipinnis,12,Feb_23_44991_Ashmore_ROV_Dive_1_T5,0:03:20
Feb_23,6/3/2023,Ashmore,ROV,Dive_1_T5,32,outer_slope,Synodus sp,1,Feb_23_44991_Ashmore_ROV_Dive_1_T5,0:03:20
Feb_23,6/3/2023,Ashmore,ROV,Dive_1_T6,32,outer_slope,Cephalopholis sp,1,Feb_23_44991_Ashmore_ROV_Dive_1_T6,0:03:20
Feb_23,6/3/2023,Ashmore,ROV,Dive_1_T6,20,outer_slope,Bodianus dictynna,2,Feb_23_44991_Ashmore_ROV_Dive_1_T6,0:03:20
Feb_23,6/3/2023,Ashmore,ROV,Dive_1_T6,20,outer_slope,Pseudanthias squamipinnis,3,Feb_23_44991_Ashmore_ROV_Dive_1_T6,0:03:20
Feb_23,6/3/2023,Ashmore,ROV,Dive_1_T6,20,outer_slope,Odonus niger,6,Feb_23_44991_Ashmore_ROV_Dive_1_T6,0:03:20
Feb_23,6/3/2023,Ashmore,ROV,Dive_1_T6,20,outer_slope,Pomacanthus imperator,1,Feb_23_44991_Ashmore_ROV_Dive_1_T6,0:03:20
Feb_23,6/3/2023,Ashmore,ROV,Dive_1_T6,20,outer_slope,Odonus niger,5,Feb_23_44991_Ashmore_ROV_Dive_1_T6,0:03:20
Feb_23,6/3/2023,Ashmore,ROV,Dive_1_T6,20,outer_slope,Cirrhitichthys falco,1,Feb_23_44991_Ashmore_ROV_Dive_1_T6,0:03:20
Feb_23,6/3/2023,Ashmore,ROV,Dive_1_T6,20,outer_slope,Odonus niger,6,Feb_23_44991_Ashmore_ROV_Dive_1_T6,0:03:20
Feb_23,6/3/2023,Ashmore,ROV,Dive_1_T6,20,outer_slope,Forcipiger flavissimus,1,Feb_23_44991_Ashmore_ROV_Dive_1_T6,0:03:20
Feb_23,6/3/2023,Ashmore,ROV,Dive_1_T6,20,outer_slope,Cantherhines dumerilii,1,Feb_23_44991_Ashmore_ROV_Dive_1_T6,0:03:20
Feb_23,6/3/2023,Ashmore,ROV,Dive_1_T6,20,outer_slope,Thalassoma lunare,1,Feb_23_44991_Ashmore_ROV_Dive_1_T6,0:03:20
Feb_23,6/3/2023,Ashmore,ROV,Dive_1_T6,20,outer_slope,Chaetodon kleinii,1,Feb_23_44991_Ashmore_ROV_Dive_1_T6,0:03:20
Feb_23,6/3/2023,Ashmore,ROV,Dive_1_T6,20,outer_slope,Chaetodon kleinii,1,Feb_23_44991_Ashmore_ROV_Dive_1_T6,0:03:20
Feb_23,6/3/2023,Ashmore,ROV,Dive_1_T6,20,outer_slope,Parupeneus multifasciatus,2,Feb_23_44991_Ashmore_ROV_Dive_1_T6,0:03:20
Feb_23,6/3/2023,Ashmore,ROV,Dive_1_T6,20,outer_slope,Centropyge bicolor,4,Feb_23_44991_Ashmore_ROV_Dive_1_T6,0:03:20
Feb_23,6/3/2023,Ashmore,ROV,Dive_1_T6,20,outer_slope,Acanthurus nigrofuscus,1,Feb_23_44991_Ashmore_ROV_Dive_1_T6,0:03:20
Feb_23,6/3/2023,Ashmore,ROV,Dive_1_T6,20,outer_slope,Parupeneus multifasciatus,1,Feb_23_44991_Ashmore_ROV_Dive_1_T6,0:03:20
Feb_23,6/3/2023,Ashmore,ROV,Dive_1_T6,20,outer_slope,Pseudanthias squamipinnis,5,Feb_23_44991_Ashmore_ROV_Dive_1_T6,0:03:20
Feb_23,6/3/2023,Ashmore,ROV,Dive_1_T6,20,outer_slope,Cephalopholis urodeta,1,Feb_23_44991_Ashmore_ROV_Dive_1_T6,0:03:20
Feb_23,6/3/2023,Ashmore,ROV,Dive_1_T6,20,outer_slope,Sufflamen bursa,1,Feb_23_44991_Ashmore_ROV_Dive_1_T6,0:03:20
Feb_23,6/3/2023,Ashmore,ROV,Dive_1_T6,20,outer_slope,Acanthurus nigrofuscus,1,Feb_23_44991_Ashmore_ROV_Dive_1_T6,0:03:20
Feb_23,6/3/2023,Ashmore,ROV,Dive_1_T6,20,outer_slope,Pseudanthias squamipinnis,6,Feb_23_44991_Ashmore_ROV_Dive_1_T6,0:03:20
Feb_23,6/3/2023,Ashmore,ROV,Dive_1_T6,20,outer_slope,Chromis weberi,1,Feb_23_44991_Ashmore_ROV_Dive_1_T6,0:03:20
Feb_23,6/3/2023,Ashmore,ROV,Dive_1_T6,20,outer_slope,Centropyge vrolikii,2,Feb_23_44991_Ashmore_ROV_Dive_1_T6,0:03:20
Feb_23,6/3/2023,Ashmore,ROV,Dive_1_T6,20,outer_slope,Pseudanthias squamipinnis,4,Feb_23_44991_Ashmore_ROV_Dive_1_T6,0:03:20
Feb_23,6/3/2023,Ashmore,ROV,Dive_1_T6,20,outer_slope,Chromis weberi,1,Feb_23_44991_Ashmore_ROV_Dive_1_T6,0:03:20
Feb_23,6/3/2023,Ashmore,ROV,Dive_1_T6,20,outer_slope,Pseudanthias squamipinnis,11,Feb_23_44991_Ashmore_ROV_Dive_1_T6,0:03:20
Feb_23,6/3/2023,Ashmore,ROV,Dive_1_T7,20,outer_slope,Cirrhilabrus sp,1,Feb_23_44991_Ashmore_ROV_Dive_1_T7,0:03:20
Feb_23,6/3/2023,Ashmore,ROV,Dive_1_T7,17.5,outer_slope,Paracirrhites arcatus,1,Feb_23_44991_Ashmore_ROV_Dive_1_T7,0:03:20
Feb_23,6/3/2023,Ashmore,ROV,Dive_1_T7,17.5,outer_slope,Chaetodon pelewensis,1,Feb_23_44991_Ashmore_ROV_Dive_1_T7,0:03:20
Feb_23,6/3/2023,Ashmore,ROV,Dive_1_T7,17.5,outer_slope,Cephalopholis urodeta,1,Feb_23_44991_Ashmore_ROV_Dive_1_T7,0:03:20
Feb_23,6/3/2023,Ashmore,ROV,Dive_1_T7,17.5,outer_slope,Chromis weberi,1,Feb_23_44991_Ashmore_ROV_Dive_1_T7,0:03:20
Feb_23,6/3/2023,Ashmore,ROV,Dive_1_T7,17.5,outer_slope,Anampses melanurus,1,Feb_23_44991_Ashmore_ROV_Dive_1_T7,0:03:20
Feb_23,6/3/2023,Ashmore,ROV,Dive_1_T7,17.5,outer_slope,Parupeneus multifasciatus,2,Feb_23_44991_Ashmore_ROV_Dive_1_T7,0:03:20
Feb_23,6/3/2023,Ashmore,ROV,Dive_1_T7,17.5,outer_slope,Pseudanthias squamipinnis,75,Feb_23_44991_Ashmore_ROV_Dive_1_T7,0:03:20
Feb_23,6/3/2023,Ashmore,ROV,Dive_1_T7,17.5,outer_slope,Melichthys vidua,1,Feb_23_44991_Ashmore_ROV_Dive_1_T7,0:03:20
Feb_23,6/3/2023,Ashmore,ROV,Dive_1_T7,17.5,outer_slope,Paracirrhites arcatus,1,Feb_23_44991_Ashmore_ROV_Dive_1_T7,0:03:20
Feb_23,6/3/2023,Ashmore,ROV,Dive_1_T7,17.5,outer_slope,Acanthurus nigrofuscus,1,Feb_23_44991_Ashmore_ROV_Dive_1_T7,0:03:20
Feb_23,6/3/2023,Ashmore,ROV,Dive_1_T7,17.5,outer_slope,Chromis weberi,1,Feb_23_44991_Ashmore_ROV_Dive_1_T7,0:03:20
Feb_23,6/3/2023,Ashmore,ROV,Dive_1_T7,17.5,outer_slope,Cephalopholis miniata,1,Feb_23_44991_Ashmore_ROV_Dive_1_T7,0:03:20
Feb_23,6/3/2023,Ashmore,ROV,Dive_1_T7,17.5,outer_slope,Chromis weberi,1,Feb_23_44991_Ashmore_ROV_Dive_1_T7,0:03:20
Feb_23,6/3/2023,Ashmore,ROV,Dive_1_T7,17.5,outer_slope,Chromis weberi,1,Feb_23_44991_Ashmore_ROV_Dive_1_T7,0:03:20
Feb_23,6/3/2023,Ashmore,ROV,Dive_1_T7,17.5,outer_slope,Labroides dimidiatus,2,Feb_23_44991_Ashmore_ROV_Dive_1_T7,0:03:20
Feb_23,6/3/2023,Ashmore,ROV,Dive_1_T7,17.5,outer_slope,Chromis ternatensis,20,Feb_23_44991_Ashmore_ROV_Dive_1_T7,0:03:20
Feb_23,6/3/2023,Ashmore,ROV,Dive_1_T7,17.5,outer_slope,Thalassoma amblycephalum,20,Feb_23_44991_Ashmore_ROV_Dive_1_T7,0:03:20
Feb_23,6/3/2023,Ashmore,ROV,Dive_1_T7,17.5,outer_slope,Balistapus undulatus,1,Feb_23_44991_Ashmore_ROV_Dive_1_T7,0:03:20
Feb_23,6/3/2023,Ashmore,ROV,Dive_1_T7,17.5,outer_slope,Parupeneus multifasciatus,2,Feb_23_44991_Ashmore_ROV_Dive_1_T7,0:03:20
Feb_23,6/3/2023,Ashmore,ROV,Dive_1_T7,17.5,outer_slope,Dascyllus trimaculatus,1,Feb_23_44991_Ashmore_ROV_Dive_1_T7,0:03:20
Feb_23,6/3/2023,Ashmore,ROV,Dive_1_T7,17.5,outer_slope,Chromis margaritifer,3,Feb_23_44991_Ashmore_ROV_Dive_1_T7,0:03:20
Feb_23,6/3/2023,Ashmore,ROV,Dive_1_T7,17.5,outer_slope,Cephalopholis miniata,1,Feb_23_44991_Ashmore_ROV_Dive_1_T7,0:03:20
Feb_23,6/3/2023,Ashmore,ROV,Dive_1_T7,17.5,outer_slope,Pseudanthias squamipinnis,45,Feb_23_44991_Ashmore_ROV_Dive_1_T7,0:03:20
Feb_23,6/3/2023,Ashmore,ROV,Dive_1_T7,17.5,outer_slope,Chromis atripes,15,Feb_23_44991_Ashmore_ROV_Dive_1_T7,0:03:20
Feb_23,6/3/2023,Ashmore,ROV,Dive_1_T7,17.5,outer_slope,Melichthys vidua,1,Feb_23_44991_Ashmore_ROV_Dive_1_T7,0:03:20
Feb_23,6/3/2023,Ashmore,ROV,Dive_1_T7,17.5,outer_slope,Bodianus dictynna,1,Feb_23_44991_Ashmore_ROV_Dive_1_T7,0:03:20
Feb_23,6/3/2023,Ashmore,ROV,Dive_1_T7,17.5,outer_slope,Dascyllus trimaculatus,4,Feb_23_44991_Ashmore_ROV_Dive_1_T7,0:03:20
Feb_23,6/3/2023,Ashmore,ROV,Dive_1_T7,17.5,outer_slope,Chromis weberi,4,Feb_23_44991_Ashmore_ROV_Dive_1_T7,0:03:20
Feb_23,6/3/2023,Ashmore,ROV,Dive_1_T7,17.5,outer_slope,Bodianus dictynna,1,Feb_23_44991_Ashmore_ROV_Dive_1_T7,0:03:20
Feb_23,6/3/2023,Ashmore,ROV,Dive_1_T7,17.5,outer_slope,Acanthurus nigrofuscus,1,Feb_23_44991_Ashmore_ROV_Dive_1_T7,0:03:20
Feb_23,6/3/2023,Ashmore,ROV,Dive_1_T7,17.5,outer_slope,Pseudanthias squamipinnis,12,Feb_23_44991_Ashmore_ROV_Dive_1_T7,0:03:20
Feb_23,6/3/2023,Ashmore,ROV,Dive_1_T7,17.5,outer_slope,Chromis weberi,10,Feb_23_44991_Ashmore_ROV_Dive_1_T7,0:03:20
Feb_23,6/3/2023,Ashmore,ROV,Dive_1_T7,17.5,outer_slope,Parupeneus multifasciatus,3,Feb_23_44991_Ashmore_ROV_Dive_1_T7,0:03:20
Feb_23,6/3/2023,Ashmore,ROV,Dive_1_T7,17.5,outer_slope,Labroides bicolor,1,Feb_23_44991_Ashmore_ROV_Dive_1_T7,0:03:20
Feb_23,6/3/2023,Ashmore,ROV,Dive_1_T7,17.5,outer_slope,Chromis margaritifer,4,Feb_23_44991_Ashmore_ROV_Dive_1_T7,0:03:20
Feb_23,6/3/2023,Ashmore,ROV,Dive_1_T7,17.5,outer_slope,Pseudanthias squamipinnis,25,Feb_23_44991_Ashmore_ROV_Dive_1_T7,0:03:20
Feb_23,6/3/2023,Ashmore,ROV,Dive_1_T7,17.5,outer_slope,Parupeneus multifasciatus,2,Feb_23_44991_Ashmore_ROV_Dive_1_T7,0:03:20
Feb_23,6/3/2023,Ashmore,ROV,Dive_1_T7,17.5,outer_slope,Chromis weberi,5,Feb_23_44991_Ashmore_ROV_Dive_1_T7,0:03:20
Feb_23,6/3/2023,Ashmore,ROV,Dive_1_T7,17.5,outer_slope,Labroides dimidiatus,1,Feb_23_44991_Ashmore_ROV_Dive_1_T7,0:03:20
Feb_23,6/3/2023,Ashmore,ROV,Dive_1_T7,17.5,outer_slope,Pomacanthus imperator,1,Feb_23_44991_Ashmore_ROV_Dive_1_T7,0:03:20
Feb_23,6/3/2023,Ashmore,ROV,Dive_1_T7,17.5,outer_slope,Zanclus cornutus,1,Feb_23_44991_Ashmore_ROV_Dive_1_T7,0:03:20
Feb_23,6/3/2023,Ashmore,ROV,Dive_1_T7,17.5,outer_slope,Pseudanthias squamipinnis,45,Feb_23_44991_Ashmore_ROV_Dive_1_T7,0:03:20
Feb_23,6/3/2023,Ashmore,ROV,Dive_1_T7,17.5,outer_slope,Balistapus undulatus,1,Feb_23_44991_Ashmore_ROV_Dive_1_T7,0:03:20
Feb_23,6/3/2023,Ashmore,ROV,Dive_1_T7,17.5,outer_slope,Odonus niger,22,Feb_23_44991_Ashmore_ROV_Dive_1_T7,0:03:20
Feb_23,6/3/2023,Ashmore,ROV,Dive_1_T7,17.5,outer_slope,Zanclus cornutus,3,Feb_23_44991_Ashmore_ROV_Dive_1_T7,0:03:20
Feb_23,6/3/2023,Ashmore,ROV,Dive_1_T7,17.5,outer_slope,Zebrasoma velifer,2,Feb_23_44991_Ashmore_ROV_Dive_1_T7,0:03:20
Feb_23,6/3/2023,Ashmore,ROV,Dive_1_T7,17.5,outer_slope,Naso vlamingii,2,Feb_23_44991_Ashmore_ROV_Dive_1_T7,0:03:20
Feb_23,6/3/2023,Ashmore,ROV,Dive_1_T7,17.5,outer_slope,Odonus niger,25,Feb_23_44991_Ashmore_ROV_Dive_1_T7,0:03:20
Feb_23,6/3/2023,Ashmore,ROV,Dive_1_T7,17.5,outer_slope,Chaetodon kleinii,1,Feb_23_44991_Ashmore_ROV_Dive_1_T7,0:03:20
Feb_23,6/3/2023,Ashmore,ROV,Dive_1_T7,17.5,outer_slope,Pseudanthias squamipinnis,40,Feb_23_44991_Ashmore_ROV_Dive_1_T7,0:03:20
Feb_23,6/3/2023,Ashmore,ROV,Dive_1_T7,17.5,outer_slope,Cephalopholis urodeta,1,Feb_23_44991_Ashmore_ROV_Dive_1_T7,0:03:20
Feb_23,6/3/2023,Ashmore,ROV,Dive_1_T7,17.5,outer_slope,Caranx papuensis,1,Feb_23_44991_Ashmore_ROV_Dive_1_T7,0:03:20
Feb_23,6/3/2023,Ashmore,ROV,Dive_1_T7,17.5,outer_slope,Odonus niger,30,Feb_23_44991_Ashmore_ROV_Dive_1_T7,0:03:20
Feb_23,6/3/2023,Ashmore,ROV,Dive_1_T7,17.5,outer_slope,Cirrhitichthys falco,1,Feb_23_44991_Ashmore_ROV_Dive_1_T7,0:03:20
Feb_23,6/3/2023,Ashmore,ROV,Dive_1_T7,17.5,outer_slope,Chaetodon citrinellus,2,Feb_23_44991_Ashmore_ROV_Dive_1_T7,0:03:20
Feb_23,6/3/2023,Ashmore,ROV,Dive_1_T7,17.5,outer_slope,Sufflamen chrysopterum,1,Feb_23_44991_Ashmore_ROV_Dive_1_T7,0:03:20
Feb_23,6/3/2023,Ashmore,ROV,Dive_1_T7,17.5,outer_slope,Acanthurus sp,4,Feb_23_44991_Ashmore_ROV_Dive_1_T7,0:03:20
Feb_23,6/3/2023,Ashmore,ROV,Dive_1_T1,17.5,outer_slope,Acanthurus sp,2,Feb_23_44991_Ashmore_ROV_Dive_1_T1,0:03:20
Jul_21,20/7/2021,Lihou,ROV,Dive_1_T2,90.1,outer_reef,,,Jul_21_44397_Lihou_ROV_Dive_1_T2,0:03:20
Jul_21,20/7/2021,Lihou,ROV,Dive_1_T3,80.2,outer_reef,,,Jul_21_44397_Lihou_ROV_Dive_1_T3,0:03:20
Jul_21,20/7/2021,Lihou,ROV,Dive_1_T4,70.2,outer_reef,,,Jul_21_44397_Lihou_ROV_Dive_1_T4,0:03:20
Jul_21,20/7/2021,Lihou,ROV,Dive_1_T4,57.6,outer_reef,Acanthurus thompsoni,1,Jul_21_44397_Lihou_ROV_Dive_1_T4,0:03:20
Jul_21,20/7/2021,Lihou,ROV,Dive_1_T4,57.6,outer_reef,Acanthurus thompsoni,1,Jul_21_44397_Lihou_ROV_Dive_1_T4,0:03:20
Jul_21,20/7/2021,Lihou,ROV,Dive_1_T4,57.6,outer_reef,Acanthurus thompsoni,1,Jul_21_44397_Lihou_ROV_Dive_1_T4,0:03:20
Jul_21,20/7/2021,Lihou,ROV,Dive_1_T4,57.6,outer_reef,Acanthurus thompsoni,1,Jul_21_44397_Lihou_ROV_Dive_1_T4,0:03:20
Jul_21,20/7/2021,Lihou,ROV,Dive_1_T4,57.6,outer_reef,Acanthurus thompsoni,1,Jul_21_44397_Lihou_ROV_Dive_1_T4,0:03:20
Jul_21,20/7/2021,Lihou,ROV,Dive_1_T4,57.6,outer_reef,Acanthurus thompsoni,1,Jul_21_44397_Lihou_ROV_Dive_1_T4,0:03:20
Jul_21,20/7/2021,Lihou,ROV,Dive_1_T4,57.6,outer_reef,Acanthurus thompsoni,1,Jul_21_44397_Lihou_ROV_Dive_1_T4,0:03:20
Jul_21,20/7/2021,Lihou,ROV,Dive_1_T4,57.6,outer_reef,Hemitaurichthys polylepis,1,Jul_21_44397_Lihou_ROV_Dive_1_T4,0:03:20
Jul_21,20/7/2021,Lihou,ROV,Dive_1_T4,57.6,outer_reef,Hemitaurichthys polylepis,1,Jul_21_44397_Lihou_ROV_Dive_1_T4,0:03:20
Jul_21,20/7/2021,Lihou,ROV,Dive_1_T4,57.6,outer_reef,Acanthurus thompsoni,1,Jul_21_44397_Lihou_ROV_Dive_1_T4,0:03:20
Jul_21,20/7/2021,Lihou,ROV,Dive_1_T4,57.6,outer_reef,Genicanthus melanospilos,1,Jul_21_44397_Lihou_ROV_Dive_1_T4,0:03:20
Jul_21,20/7/2021,Lihou,ROV,Dive_1_T5,57.6,outer_reef,Pentapodus sp,1,Jul_21_44397_Lihou_ROV_Dive_1_T5,0:03:20
Jul_21,20/7/2021,Lihou,ROV,Dive_1_T5,50.9,outer_reef,Genicanthus melanospilos,1,Jul_21_44397_Lihou_ROV_Dive_1_T5,0:03:20
Jul_21,20/7/2021,Lihou,ROV,Dive_1_T5,50.9,outer_reef,Genicanthus melanospilos,1,Jul_21_44397_Lihou_ROV_Dive_1_T5,0:03:20
Jul_21,20/7/2021,Lihou,ROV,Dive_1_T5,50.9,outer_reef,Acanthurus thompsoni,1,Jul_21_44397_Lihou_ROV_Dive_1_T5,0:03:20
Jul_21,20/7/2021,Lihou,ROV,Dive_1_T5,50.9,outer_reef,Acanthurus thompsoni,1,Jul_21_44397_Lihou_ROV_Dive_1_T5,0:03:20
Jul_21,20/7/2021,Lihou,ROV,Dive_1_T5,50.9,outer_reef,Acanthurus thompsoni,1,Jul_21_44397_Lihou_ROV_Dive_1_T5,0:03:20
Jul_21,20/7/2021,Lihou,ROV,Dive_1_T5,50.9,outer_reef,Hemitaurichthys polylepis,1,Jul_21_44397_Lihou_ROV_Dive_1_T5,0:03:20
Jul_21,20/7/2021,Lihou,ROV,Dive_1_T5,50.9,outer_reef,Hemitaurichthys polylepis,1,Jul_21_44397_Lihou_ROV_Dive_1_T5,0:03:20
Jul_21,20/7/2021,Lihou,ROV,Dive_1_T5,50.9,outer_reef,Hemitaurichthys polylepis,1,Jul_21_44397_Lihou_ROV_Dive_1_T5,0:03:20
Jul_21,20/7/2021,Lihou,ROV,Dive_1_T5,50.9,outer_reef,Acanthurus thompsoni,1,Jul_21_44397_Lihou_ROV_Dive_1_T5,0:03:20
Jul_21,20/7/2021,Lihou,ROV,Dive_1_T5,50.9,outer_reef,Acanthurus thompsoni,1,Jul_21_44397_Lihou_ROV_Dive_1_T5,0:03:20
Jul_21,20/7/2021,Lihou,ROV,Dive_1_T5,50.9,outer_reef,Acanthurus thompsoni,1,Jul_21_44397_Lihou_ROV_Dive_1_T5,0:03:20
Jul_21,20/7/2021,Lihou,ROV,Dive_1_T5,50.9,outer_reef,Acanthurus thompsoni,1,Jul_21_44397_Lihou_ROV_Dive_1_T5,0:03:20
Jul_21,20/7/2021,Lihou,ROV,Dive_1_T5,50.9,outer_reef,Chromis agilis,1,Jul_21_44397_Lihou_ROV_Dive_1_T5,0:03:20
Jul_21,20/7/2021,Lihou,ROV,Dive_1_T5,50.9,outer_reef,Chromis agilis,1,Jul_21_44397_Lihou_ROV_Dive_1_T5,0:03:20
Jul_21,20/7/2021,Lihou,ROV,Dive_1_T5,50.9,outer_reef,Chromis agilis,1,Jul_21_44397_Lihou_ROV_Dive_1_T5,0:03:20
Jul_21,20/7/2021,Lihou,ROV,Dive_1_T5,50.9,outer_reef,Acanthurus thompsoni,1,Jul_21_44397_Lihou_ROV_Dive_1_T5,0:03:20
Jul_21,20/7/2021,Lihou,ROV,Dive_1_T5,50.9,outer_reef,Acanthurus thompsoni,1,Jul_21_44397_Lihou_ROV_Dive_1_T5,0:03:20
Jul_21,20/7/2021,Lihou,ROV,Dive_1_T5,50.9,outer_reef,Chromis agilis,1,Jul_21_44397_Lihou_ROV_Dive_1_T5,0:03:20
Jul_21,20/7/2021,Lihou,ROV,Dive_1_T5,50.9,outer_reef,Chromis agilis,1,Jul_21_44397_Lihou_ROV_Dive_1_T5,0:03:20
Jul_21,20/7/2021,Lihou,ROV,Dive_1_T5,50.9,outer_reef,Chromis agilis,1,Jul_21_44397_Lihou_ROV_Dive_1_T5,0:03:20
Jul_21,20/7/2021,Lihou,ROV,Dive_1_T5,50.9,outer_reef,Acanthurus thompsoni,1,Jul_21_44397_Lihou_ROV_Dive_1_T5,0:03:20
Jul_21,20/7/2021,Lihou,ROV,Dive_1_T5,50.9,outer_reef,Chromis agilis,1,Jul_21_44397_Lihou_ROV_Dive_1_T5,0:03:20
Jul_21,20/7/2021,Lihou,ROV,Dive_1_T5,50.9,outer_reef,Chromis agilis,1,Jul_21_44397_Lihou_ROV_Dive_1_T5,0:03:20
Jul_21,20/7/2021,Lihou,ROV,Dive_1_T6,50.9,outer_reef,Chromis agilis,1,Jul_21_44397_Lihou_ROV_Dive_1_T6,0:03:20
Jul_21,20/7/2021,Lihou,ROV,Dive_1_T6,40.4,outer_reef,Chromis agilis,1,Jul_21_44397_Lihou_ROV_Dive_1_T6,0:03:20
Jul_21,20/7/2021,Lihou,ROV,Dive_1_T6,40.4,outer_reef,Ctenochaetus striatus,1,Jul_21_44397_Lihou_ROV_Dive_1_T6,0:03:20
Jul_21,20/7/2021,Lihou,ROV,Dive_1_T6,40.4,outer_reef,Ctenochaetus striatus,1,Jul_21_44397_Lihou_ROV_Dive_1_T6,0:03:20
Jul_21,20/7/2021,Lihou,ROV,Dive_1_T6,40.4,outer_reef,Chaetodon melannotus,1,Jul_21_44397_Lihou_ROV_Dive_1_T6,0:03:20
Jul_21,20/7/2021,Lihou,ROV,Dive_1_T6,40.4,outer_reef,Parupeneus multifasciatus,1,Jul_21_44397_Lihou_ROV_Dive_1_T6,0:03:20
Jul_21,20/7/2021,Lihou,ROV,Dive_1_T6,40.4,outer_reef,Pseudanthias huchtii,1,Jul_21_44397_Lihou_ROV_Dive_1_T6,0:03:20
Jul_21,20/7/2021,Lihou,ROV,Dive_1_T6,40.4,outer_reef,Chromis agilis,1,Jul_21_44397_Lihou_ROV_Dive_1_T6,0:03:20
Jul_21,20/7/2021,Lihou,ROV,Dive_1_T6,40.4,outer_reef,Chromis agilis,1,Jul_21_44397_Lihou_ROV_Dive_1_T6,0:03:20
Jul_21,20/7/2021,Lihou,ROV,Dive_1_T6,40.4,outer_reef,Chromis agilis,1,Jul_21_44397_Lihou_ROV_Dive_1_T6,0:03:20
Jul_21,20/7/2021,Lihou,ROV,Dive_1_T6,40.4,outer_reef,Chromis agilis,1,Jul_21_44397_Lihou_ROV_Dive_1_T6,0:03:20
Jul_21,20/7/2021,Lihou,ROV,Dive_1_T6,40.4,outer_reef,Apolemichthys trimaculatus,1,Jul_21_44397_Lihou_ROV_Dive_1_T6,0:03:20
Jul_21,20/7/2021,Lihou,ROV,Dive_1_T6,40.4,outer_reef,Acanthurus thompsoni,1,Jul_21_44397_Lihou_ROV_Dive_1_T6,0:03:20
Jul_21,20/7/2021,Lihou,ROV,Dive_1_T6,40.4,outer_reef,Acanthurus pyroferus,1,Jul_21_44397_Lihou_ROV_Dive_1_T6,0:03:20
Jul_21,20/7/2021,Lihou,ROV,Dive_1_T6,40.4,outer_reef,Myripristis berndti,1,Jul_21_44397_Lihou_ROV_Dive_1_T6,0:03:20
Jul_21,20/7/2021,Lihou,ROV,Dive_1_T6,40.4,outer_reef,Genicanthus melanospilos,1,Jul_21_44397_Lihou_ROV_Dive_1_T6,0:03:20
Jul_21,20/7/2021,Lihou,ROV,Dive_1_T6,40.4,outer_reef,Chromis agilis,1,Jul_21_44397_Lihou_ROV_Dive_1_T6,0:03:20
Jul_21,20/7/2021,Lihou,ROV,Dive_1_T6,40.4,outer_reef,Chromis agilis,1,Jul_21_44397_Lihou_ROV_Dive_1_T6,0:03:20
Jul_21,20/7/2021,Lihou,ROV,Dive_1_T6,40.4,outer_reef,Chromis agilis,1,Jul_21_44397_Lihou_ROV_Dive_1_T6,0:03:20
Jul_21,20/7/2021,Lihou,ROV,Dive_1_T6,40.4,outer_reef,Chromis agilis,1,Jul_21_44397_Lihou_ROV_Dive_1_T6,0:03:20
Jul_21,20/7/2021,Lihou,ROV,Dive_1_T6,40.4,outer_reef,Acanthurus pyroferus,1,Jul_21_44397_Lihou_ROV_Dive_1_T6,0:03:20
Jul_21,20/7/2021,Lihou,ROV,Dive_1_T6,40.4,outer_reef,Chromis agilis,1,Jul_21_44397_Lihou_ROV_Dive_1_T6,0:03:20
Jul_21,20/7/2021,Lihou,ROV,Dive_1_T6,40.4,outer_reef,Chromis agilis,1,Jul_21_44397_Lihou_ROV_Dive_1_T6,0:03:20
Jul_21,20/7/2021,Lihou,ROV,Dive_1_T7,40.4,outer_reef,Chromis agilis,1,Jul_21_44397_Lihou_ROV_Dive_1_T7,0:03:20
Jul_21,20/7/2021,Lihou,ROV,Dive_1_T7,32.3,outer_reef,Acanthurus thompsoni,1,Jul_21_44397_Lihou_ROV_Dive_1_T7,0:03:20
Jul_21,20/7/2021,Lihou,ROV,Dive_1_T7,32.3,outer_reef,Heniochus acuminatus,1,Jul_21_44397_Lihou_ROV_Dive_1_T7,0:03:20
Jul_21,20/7/2021,Lihou,ROV,Dive_1_T7,32.3,outer_reef,Chaetodon speculum,1,Jul_21_44397_Lihou_ROV_Dive_1_T7,0:03:20
Jul_21,20/7/2021,Lihou,ROV,Dive_1_T7,32.3,outer_reef,Chaetodon ephippium,1,Jul_21_44397_Lihou_ROV_Dive_1_T7,0:03:20
Jul_21,20/7/2021,Lihou,ROV,Dive_1_T7,32.3,outer_reef,Chromis iomelas,1,Jul_21_44397_Lihou_ROV_Dive_1_T7,0:03:20
Jul_21,20/7/2021,Lihou,ROV,Dive_1_T7,32.3,outer_reef,Chromis iomelas,1,Jul_21_44397_Lihou_ROV_Dive_1_T7,0:03:20
Jul_21,20/7/2021,Lihou,ROV,Dive_1_T7,32.3,outer_reef,Chromis iomelas,1,Jul_21_44397_Lihou_ROV_Dive_1_T7,0:03:20
Jul_21,20/7/2021,Lihou,ROV,Dive_1_T7,32.3,outer_reef,Forcipiger longirostris,1,Jul_21_44397_Lihou_ROV_Dive_1_T7,0:03:20
Jul_21,20/7/2021,Lihou,ROV,Dive_1_T7,32.3,outer_reef,Forcipiger longirostris,1,Jul_21_44397_Lihou_ROV_Dive_1_T7,0:03:20
Jul_21,20/7/2021,Lihou,ROV,Dive_1_T7,32.3,outer_reef,Acanthurus nigrofuscus,1,Jul_21_44397_Lihou_ROV_Dive_1_T7,0:03:20
Jul_21,20/7/2021,Lihou,ROV,Dive_1_T7,32.3,outer_reef,Chaetodon pelewensis,1,Jul_21_44397_Lihou_ROV_Dive_1_T7,0:03:20
Jul_21,20/7/2021,Lihou,ROV,Dive_1_T7,32.3,outer_reef,Labroides dimidiatus,1,Jul_21_44397_Lihou_ROV_Dive_1_T7,0:03:20
Jul_21,20/7/2021,Lihou,ROV,Dive_1_T7,32.3,outer_reef,Acanthurus nigrofuscus,1,Jul_21_44397_Lihou_ROV_Dive_1_T7,0:03:20
Jul_21,20/7/2021,Lihou,ROV,Dive_1_T7,32.3,outer_reef,Zebrasoma scopas,1,Jul_21_44397_Lihou_ROV_Dive_1_T7,0:03:20
Jul_21,20/7/2021,Lihou,ROV,Dive_1_T7,32.3,outer_reef,Genicanthus melanospilos,1,Jul_21_44397_Lihou_ROV_Dive_1_T7,0:03:20
Jul_21,20/7/2021,Lihou,ROV,Dive_1_T7,32.3,outer_reef,Amblyglyphidodon leucogaster,1,Jul_21_44397_Lihou_ROV_Dive_1_T7,0:03:20
Jul_21,20/7/2021,Lihou,ROV,Dive_1_T7,32.3,outer_reef,Genicanthus melanospilos,1,Jul_21_44397_Lihou_ROV_Dive_1_T7,0:03:20
Jul_21,20/7/2021,Lihou,ROV,Dive_1_T8,32.3,outer_reef,Chaetodon ornatissimus,1,Jul_21_44397_Lihou_ROV_Dive_1_T8,0:03:20
Jul_21,20/7/2021,Lihou,ROV,Dive_1_T8,21.1,outer_reef,Chaetodon ulietensis,1,Jul_21_44397_Lihou_ROV_Dive_1_T8,0:03:20
Jul_21,20/7/2021,Lihou,ROV,Dive_1_T8,21.1,outer_reef,Genicanthus melanospilos,1,Jul_21_44397_Lihou_ROV_Dive_1_T8,0:03:20
Jul_21,20/7/2021,Lihou,ROV,Dive_1_T8,21.1,outer_reef,Ctenochaetus striatus,1,Jul_21_44397_Lihou_ROV_Dive_1_T8,0:03:20
Jul_21,20/7/2021,Lihou,ROV,Dive_1_T8,21.1,outer_reef,Hemigymnus fasciatus,1,Jul_21_44397_Lihou_ROV_Dive_1_T8,0:03:20
Jul_21,20/7/2021,Lihou,ROV,Dive_1_T8,21.1,outer_reef,Acanthochromis polyacanthus,1,Jul_21_44397_Lihou_ROV_Dive_1_T8,0:03:20
Jul_21,20/7/2021,Lihou,ROV,Dive_1_T8,21.1,outer_reef,Acanthochromis polyacanthus,1,Jul_21_44397_Lihou_ROV_Dive_1_T8,0:03:20
Jul_21,20/7/2021,Lihou,ROV,Dive_1_T8,21.1,outer_reef,Plectropomus laevis,1,Jul_21_44397_Lihou_ROV_Dive_1_T8,0:03:20
Jul_21,20/7/2021,Lihou,ROV,Dive_1_T8,21.1,outer_reef,Amblyglyphidodon curacao,1,Jul_21_44397_Lihou_ROV_Dive_1_T8,0:03:20
Jul_21,20/7/2021,Lihou,ROV,Dive_1_T8,21.1,outer_reef,Parupeneus multifasciatus,1,Jul_21_44397_Lihou_ROV_Dive_1_T8,0:03:20
Jul_21,20/7/2021,Lihou,ROV,Dive_1_T8,21.1,outer_reef,Chaetodon ulietensis,1,Jul_21_44397_Lihou_ROV_Dive_1_T8,0:03:20
Jul_21,20/7/2021,Lihou,ROV,Dive_1_T8,21.1,outer_reef,Chromis iomelas,1,Jul_21_44397_Lihou_ROV_Dive_1_T8,0:03:20
Jul_21,20/7/2021,Lihou,ROV,Dive_1_T8,21.1,outer_reef,Chromis iomelas,1,Jul_21_44397_Lihou_ROV_Dive_1_T8,0:03:20
Jul_21,20/7/2021,Lihou,ROV,Dive_1_T8,21.1,outer_reef,Chromis iomelas,1,Jul_21_44397_Lihou_ROV_Dive_1_T8,0:03:20
Jul_21,20/7/2021,Lihou,ROV,Dive_1_T8,21.1,outer_reef,Caranx melampygus,1,Jul_21_44397_Lihou_ROV_Dive_1_T8,0:03:20
Jul_21,20/7/2021,Lihou,ROV,Dive_1_T8,21.1,outer_reef,Acanthurus nigrofuscus,1,Jul_21_44397_Lihou_ROV_Dive_1_T8,0:03:20
Jul_21,20/7/2021,Lihou,ROV,Dive_1_T8,21.1,outer_reef,Acanthurus nigrofuscus,1,Jul_21_44397_Lihou_ROV_Dive_1_T8,0:03:20
Jul_21,20/7/2021,Lihou,ROV,Dive_1_T8,21.1,outer_reef,Acanthurus nigrofuscus,1,Jul_21_44397_Lihou_ROV_Dive_1_T8,0:03:20
Jul_21,20/7/2021,Lihou,ROV,Dive_1_T8,21.1,outer_reef,Chromis iomelas,1,Jul_21_44397_Lihou_ROV_Dive_1_T8,0:03:20
Jul_21,20/7/2021,Lihou,ROV,Dive_1_T8,21.1,outer_reef,Chromis iomelas,1,Jul_21_44397_Lihou_ROV_Dive_1_T8,0:03:20
Jul_21,20/7/2021,Lihou,ROV,Dive_1_T8,21.1,outer_reef,Chromis iomelas,1,Jul_21_44397_Lihou_ROV_Dive_1_T8,0:03:20
Jul_21,20/7/2021,Lihou,ROV,Dive_1_T8,21.1,outer_reef,Genicanthus melanospilos,1,Jul_21_44397_Lihou_ROV_Dive_1_T8,0:03:20
Jul_21,20/7/2021,Lihou,ROV,Dive_1_T8,21.1,outer_reef,Chromis iomelas,1,Jul_21_44397_Lihou_ROV_Dive_1_T8,0:03:20
Jul_21,20/7/2021,Lihou,ROV,Dive_1_T8,21.1,outer_reef,Chromis iomelas,1,Jul_21_44397_Lihou_ROV_Dive_1_T8,0:03:20
Jul_21,20/7/2021,Lihou,ROV,Dive_1_T8,21.1,outer_reef,Chromis iomelas,1,Jul_21_44397_Lihou_ROV_Dive_1_T8,0:03:20
Jul_21,20/7/2021,Lihou,ROV,Dive_1_T8,21.1,outer_reef,Chromis iomelas,1,Jul_21_44397_Lihou_ROV_Dive_1_T8,0:03:20
Jul_21,20/7/2021,Lihou,ROV,Dive_1_T8,21.1,outer_reef,Chromis iomelas,1,Jul_21_44397_Lihou_ROV_Dive_1_T8,0:03:20
Jul_21,20/7/2021,Lihou,ROV,Dive_1_T8,21.1,outer_reef,Forcipiger longirostris,1,Jul_21_44397_Lihou_ROV_Dive_1_T8,0:03:20
Jul_21,20/7/2021,Lihou,ROV,Dive_1_T8,21.1,outer_reef,Amphiprion clarkii,1,Jul_21_44397_Lihou_ROV_Dive_1_T8,0:03:20
Jul_21,20/7/2021,Lihou,ROV,Dive_1_T8,21.1,outer_reef,Monotaxis grandoculis,1,Jul_21_44397_Lihou_ROV_Dive_1_T8,0:03:20
Jul_21,20/7/2021,Lihou,ROV,Dive_1_T8,21.1,outer_reef,Monotaxis grandoculis,1,Jul_21_44397_Lihou_ROV_Dive_1_T8,0:03:20
Jul_21,20/7/2021,Lihou,ROV,Dive_1_T8,21.1,outer_reef,Neoglyphidodon melas,1,Jul_21_44397_Lihou_ROV_Dive_1_T8,0:03:20
Jul_21,20/7/2021,Lihou,ROV,Dive_1_T8,21.1,outer_reef,Acanthochromis polyacanthus,1,Jul_21_44397_Lihou_ROV_Dive_1_T8,0:03:20
Jul_21,20/7/2021,Lihou,ROV,Dive_1_T8,21.1,outer_reef,Acanthochromis polyacanthus,1,Jul_21_44397_Lihou_ROV_Dive_1_T8,0:03:20
Jul_21,20/7/2021,Lihou,ROV,Dive_1_T8,21.1,outer_reef,Chaetodon lunulatus,1,Jul_21_44397_Lihou_ROV_Dive_1_T8,0:03:20
Jul_21,20/7/2021,Lihou,ROV,Dive_1_T8,21.1,outer_reef,Chaetodon lunulatus,1,Jul_21_44397_Lihou_ROV_Dive_1_T8,0:03:20
Jul_21,20/7/2021,Lihou,ROV,Dive_1_T8,21.1,outer_reef,Chaetodon plebeius,1,Jul_21_44397_Lihou_ROV_Dive_1_T8,0:03:20
Jul_21,20/7/2021,Lihou,ROV,Dive_1_T8,21.1,outer_reef,Genicanthus melanospilos,1,Jul_21_44397_Lihou_ROV_Dive_1_T8,0:03:20
Jul_21,20/7/2021,Lihou,ROV,Dive_1_T8,21.1,outer_reef,Genicanthus melanospilos,1,Jul_21_44397_Lihou_ROV_Dive_1_T8,0:03:20
Jul_21,20/7/2021,Lihou,ROV,Dive_1_T8,21.1,outer_reef,Genicanthus melanospilos,1,Jul_21_44397_Lihou_ROV_Dive_1_T8,0:03:20
Jul_21,20/7/2021,Lihou,ROV,Dive_1_T8,21.1,outer_reef,Genicanthus melanospilos,1,Jul_21_44397_Lihou_ROV_Dive_1_T8,0:03:20
Jul_21,20/7/2021,Lihou,ROV,Dive_1_T8,21.1,outer_reef,Genicanthus melanospilos,1,Jul_21_44397_Lihou_ROV_Dive_1_T8,0:03:20
Jul_21,20/7/2021,Lihou,ROV,Dive_1_T8,21.1,outer_reef,Genicanthus melanospilos,1,Jul_21_44397_Lihou_ROV_Dive_1_T8,0:03:20
Jul_21,20/7/2021,Lihou,ROV,Dive_1_T9,21.1,outer_reef,Acanthurus nigrofuscus,1,Jul_21_44397_Lihou_ROV_Dive_1_T9,0:03:20
Jul_21,20/7/2021,Lihou,ROV,Dive_1_T9,12.6,outer_reef,Acanthurus nigrofuscus,1,Jul_21_44397_Lihou_ROV_Dive_1_T9,0:03:20
Jul_21,20/7/2021,Lihou,ROV,Dive_1_T9,12.6,outer_reef,Caranx melampygus,1,Jul_21_44397_Lihou_ROV_Dive_1_T9,0:03:20
Jul_21,20/7/2021,Lihou,ROV,Dive_1_T9,12.6,outer_reef,Acanthurus nigrofuscus,1,Jul_21_44397_Lihou_ROV_Dive_1_T9,0:03:20
Jul_21,20/7/2021,Lihou,ROV,Dive_1_T9,12.6,outer_reef,Halichoeres chrysus,1,Jul_21_44397_Lihou_ROV_Dive_1_T9,0:03:20
Jul_21,20/7/2021,Lihou,ROV,Dive_1_T9,12.6,outer_reef,Chromis iomelas,1,Jul_21_44397_Lihou_ROV_Dive_1_T9,0:03:20
Jul_21,20/7/2021,Lihou,ROV,Dive_1_T9,12.6,outer_reef,Acanthochromis polyacanthus,1,Jul_21_44397_Lihou_ROV_Dive_1_T9,0:03:20
Jul_21,20/7/2021,Lihou,ROV,Dive_1_T9,12.6,outer_reef,Acanthochromis polyacanthus,1,Jul_21_44397_Lihou_ROV_Dive_1_T9,0:03:20
Jul_21,20/7/2021,Lihou,ROV,Dive_1_T9,12.6,outer_reef,Chromis iomelas,1,Jul_21_44397_Lihou_ROV_Dive_1_T9,0:03:20
Jul_21,20/7/2021,Lihou,ROV,Dive_1_T9,12.6,outer_reef,Chromis iomelas,1,Jul_21_44397_Lihou_ROV_Dive_1_T9,0:03:20
Jul_21,20/7/2021,Lihou,ROV,Dive_1_T9,12.6,outer_reef,Chromis iomelas,1,Jul_21_44397_Lihou_ROV_Dive_1_T9,0:03:20
Jul_21,20/7/2021,Lihou,ROV,Dive_1_T9,12.6,outer_reef,Chromis iomelas,1,Jul_21_44397_Lihou_ROV_Dive_1_T9,0:03:20
Jul_21,20/7/2021,Lihou,ROV,Dive_1_T9,12.6,outer_reef,Chromis iomelas,1,Jul_21_44397_Lihou_ROV_Dive_1_T9,0:03:20
Jul_21,20/7/2021,Lihou,ROV,Dive_1_T9,12.6,outer_reef,Chromis iomelas,1,Jul_21_44397_Lihou_ROV_Dive_1_T9,0:03:20
Jul_21,20/7/2021,Lihou,ROV,Dive_1_T9,12.6,outer_reef,Chromis iomelas,1,Jul_21_44397_Lihou_ROV_Dive_1_T9,0:03:20
Jul_21,20/7/2021,Lihou,ROV,Dive_1_T9,12.6,outer_reef,Acanthochromis polyacanthus,1,Jul_21_44397_Lihou_ROV_Dive_1_T9,0:03:20
Jul_21,20/7/2021,Lihou,ROV,Dive_1_T9,12.6,outer_reef,Pomacentrus brachialis,1,Jul_21_44397_Lihou_ROV_Dive_1_T9,0:03:20
Jul_21,20/7/2021,Lihou,ROV,Dive_1_T9,12.6,outer_reef,Acanthurus nigrofuscus,1,Jul_21_44397_Lihou_ROV_Dive_1_T9,0:03:20
Jul_21,20/7/2021,Lihou,ROV,Dive_1_T9,12.6,outer_reef,Caranx melampygus,1,Jul_21_44397_Lihou_ROV_Dive_1_T9,0:03:20
Jul_21,20/7/2021,Lihou,ROV,Dive_1_T9,12.6,outer_reef,Caranx melampygus,1,Jul_21_44397_Lihou_ROV_Dive_1_T9,0:03:20
Jul_21,20/7/2021,Lihou,ROV,Dive_1_T9,12.6,outer_reef,Pomacentrus lepidogenys,1,Jul_21_44397_Lihou_ROV_Dive_1_T9,0:03:20
Jul_21,20/7/2021,Lihou,ROV,Dive_1_T9,12.6,outer_reef,Acanthochromis polyacanthus,1,Jul_21_44397_Lihou_ROV_Dive_1_T9,0:03:20
Jul_21,20/7/2021,Lihou,ROV,Dive_1_T9,12.6,outer_reef,Acanthochromis polyacanthus,1,Jul_21_44397_Lihou_ROV_Dive_1_T9,0:03:20
Jul_21,20/7/2021,Lihou,ROV,Dive_1_T9,12.6,outer_reef,Acanthochromis polyacanthus,1,Jul_21_44397_Lihou_ROV_Dive_1_T9,0:03:20
Jul_21,20/7/2021,Lihou,ROV,Dive_1_T9,12.6,outer_reef,Acanthochromis polyacanthus,1,Jul_21_44397_Lihou_ROV_Dive_1_T9,0:03:20
Jul_21,20/7/2021,Lihou,ROV,Dive_1_T9,12.6,outer_reef,Acanthochromis polyacanthus,1,Jul_21_44397_Lihou_ROV_Dive_1_T9,0:03:20
Jul_21,20/7/2021,Lihou,ROV,Dive_1_T9,12.6,outer_reef,Acanthochromis polyacanthus,1,Jul_21_44397_Lihou_ROV_Dive_1_T9,0:03:20
Jul_21,20/7/2021,Lihou,ROV,Dive_1_T9,12.6,outer_reef,Acanthochromis polyacanthus,1,Jul_21_44397_Lihou_ROV_Dive_1_T9,0:03:20
Jul_21,20/7/2021,Lihou,ROV,Dive_1_T9,12.6,outer_reef,Acanthochromis polyacanthus,1,Jul_21_44397_Lihou_ROV_Dive_1_T9,0:03:20
Jul_21,20/7/2021,Lihou,ROV,Dive_1_T9,12.6,outer_reef,Acanthochromis polyacanthus,1,Jul_21_44397_Lihou_ROV_Dive_1_T9,0:03:20
Jul_21,20/7/2021,Lihou,ROV,Dive_1_T9,12.6,outer_reef,Acanthochromis polyacanthus,1,Jul_21_44397_Lihou_ROV_Dive_1_T9,0:03:20
Jul_21,20/7/2021,Lihou,ROV,Dive_1_T9,12.6,outer_reef,Acanthochromis polyacanthus,1,Jul_21_44397_Lihou_ROV_Dive_1_T9,0:03:20
Jul_21,20/7/2021,Lihou,ROV,Dive_1_T9,12.6,outer_reef,Acanthochromis polyacanthus,1,Jul_21_44397_Lihou_ROV_Dive_1_T9,0:03:20
Jul_21,20/7/2021,Lihou,ROV,Dive_1_T9,12.6,outer_reef,Acanthochromis polyacanthus,1,Jul_21_44397_Lihou_ROV_Dive_1_T9,0:03:20
Jul_21,20/7/2021,Lihou,ROV,Dive_1_T9,12.6,outer_reef,Acanthochromis polyacanthus,1,Jul_21_44397_Lihou_ROV_Dive_1_T9,0:03:20
Jul_21,20/7/2021,Lihou,ROV,Dive_1_T9,12.6,outer_reef,Acanthochromis polyacanthus,1,Jul_21_44397_Lihou_ROV_Dive_1_T9,0:03:20
Jul_21,20/7/2021,Lihou,ROV,Dive_1_T9,12.6,outer_reef,Acanthochromis polyacanthus,1,Jul_21_44397_Lihou_ROV_Dive_1_T9,0:03:20
Jul_21,20/7/2021,Lihou,ROV,Dive_1_T9,12.6,outer_reef,Acanthochromis polyacanthus,1,Jul_21_44397_Lihou_ROV_Dive_1_T9,0:03:20
Jul_21,20/7/2021,Lihou,ROV,Dive_1_T9,12.6,outer_reef,Acanthochromis polyacanthus,1,Jul_21_44397_Lihou_ROV_Dive_1_T9,0:03:20
Jul_21,20/7/2021,Lihou,ROV,Dive_1_T9,12.6,outer_reef,Acanthochromis polyacanthus,1,Jul_21_44397_Lihou_ROV_Dive_1_T9,0:03:20
Jul_21,20/7/2021,Lihou,ROV,Dive_1_T9,12.6,outer_reef,Hemitaurichthys polylepis,1,Jul_21_44397_Lihou_ROV_Dive_1_T9,0:03:20
Jul_21,20/7/2021,Lihou,ROV,Dive_1_T9,12.6,outer_reef,Hemitaurichthys polylepis,1,Jul_21_44397_Lihou_ROV_Dive_1_T9,0:03:20
Jul_21,20/7/2021,Lihou,ROV,Dive_1_T9,12.6,outer_reef,Hemitaurichthys polylepis,1,Jul_21_44397_Lihou_ROV_Dive_1_T9,0:03:20
Jul_21,20/7/2021,Lihou,ROV,Dive_1_T9,12.6,outer_reef,Halichoeres chrysus,1,Jul_21_44397_Lihou_ROV_Dive_1_T9,0:03:20
Jul_21,20/7/2021,Lihou,ROV,Dive_1_T9,12.6,outer_reef,Chaetodon speculum,1,Jul_21_44397_Lihou_ROV_Dive_1_T9,0:03:20
Jul_21,20/7/2021,Lihou,ROV,Dive_1_T10,12.6,outer_reef,Scarus globiceps,1,Jul_21_44397_Lihou_ROV_Dive_1_T10,0:03:20
Jul_21,20/7/2021,Lihou,ROV,Dive_1_T10,8.2,outer_reef,Ctenochaetus striatus,1,Jul_21_44397_Lihou_ROV_Dive_1_T10,0:03:20
Jul_21,20/7/2021,Lihou,ROV,Dive_1_T10,8.2,outer_reef,Ctenochaetus striatus,1,Jul_21_44397_Lihou_ROV_Dive_1_T10,0:03:20
Jul_21,20/7/2021,Lihou,ROV,Dive_1_T10,8.2,outer_reef,Zebrasoma scopas,1,Jul_21_44397_Lihou_ROV_Dive_1_T10,0:03:20
Jul_21,20/7/2021,Lihou,ROV,Dive_1_T10,8.2,outer_reef,Acanthurus nigricans,1,Jul_21_44397_Lihou_ROV_Dive_1_T10,0:03:20
Jul_21,20/7/2021,Lihou,ROV,Dive_1_T10,8.2,outer_reef,Halichoeres chrysus,1,Jul_21_44397_Lihou_ROV_Dive_1_T10,0:03:20
Jul_21,20/7/2021,Lihou,ROV,Dive_1_T10,8.2,outer_reef,Ctenochaetus striatus,1,Jul_21_44397_Lihou_ROV_Dive_1_T10,0:03:20
Jul_21,20/7/2021,Lihou,ROV,Dive_1_T10,8.2,outer_reef,Ctenochaetus striatus,1,Jul_21_44397_Lihou_ROV_Dive_1_T10,0:03:20
Jul_21,20/7/2021,Lihou,ROV,Dive_1_T10,8.2,outer_reef,Ctenochaetus striatus,1,Jul_21_44397_Lihou_ROV_Dive_1_T10,0:03:20
Jul_21,20/7/2021,Lihou,ROV,Dive_1_T10,8.2,outer_reef,Ctenochaetus striatus,1,Jul_21_44397_Lihou_ROV_Dive_1_T10,0:03:20
Jul_21,20/7/2021,Lihou,ROV,Dive_1_T10,8.2,outer_reef,Ctenochaetus striatus,1,Jul_21_44397_Lihou_ROV_Dive_1_T10,0:03:20
Jul_21,20/7/2021,Lihou,ROV,Dive_1_T11,8.2,outer_reef,Acanthurus thompsoni,1,Jul_21_44397_Lihou_ROV_Dive_1_T11,0:03:20
Jul_21,20/7/2021,Lihou,ROV,Dive_1_T11,8.3,outer_reef,Ctenochaetus striatus,1,Jul_21_44397_Lihou_ROV_Dive_1_T11,0:03:20
Jul_21,20/7/2021,Lihou,ROV,Dive_1_T11,8.3,outer_reef,Ctenochaetus striatus,1,Jul_21_44397_Lihou_ROV_Dive_1_T11,0:03:20
Jul_21,20/7/2021,Lihou,ROV,Dive_1_T11,8.3,outer_reef,Chromis margaritifer,1,Jul_21_44397_Lihou_ROV_Dive_1_T11,0:03:20
Jul_21,20/7/2021,Lihou,ROV,Dive_1_T11,8.3,outer_reef,Ctenochaetus striatus,1,Jul_21_44397_Lihou_ROV_Dive_1_T11,0:03:20
Jul_21,20/7/2021,Lihou,ROV,Dive_1_T11,8.3,outer_reef,Acanthurus nigrofuscus,1,Jul_21_44397_Lihou_ROV_Dive_1_T11,0:03:20
Jul_21,20/7/2021,Lihou,ROV,Dive_1_T11,8.3,outer_reef,Acanthurus nigrofuscus,1,Jul_21_44397_Lihou_ROV_Dive_1_T11,0:03:20
Jul_21,20/7/2021,Lihou,ROV,Dive_1_T11,8.3,outer_reef,Acanthurus nigrofuscus,1,Jul_21_44397_Lihou_ROV_Dive_1_T11,0:03:20
Jul_21,20/7/2021,Lihou,ROV,Dive_1_T11,8.3,outer_reef,Ctenochaetus striatus,1,Jul_21_44397_Lihou_ROV_Dive_1_T11,0:03:20
Jul_21,20/7/2021,Lihou,ROV,Dive_1_T11,8.3,outer_reef,Ctenochaetus striatus,1,Jul_21_44397_Lihou_ROV_Dive_1_T11,0:03:20
Jul_21,20/7/2021,Lihou,ROV,Dive_1_T11,8.3,outer_reef,Hipposcarus longiceps,1,Jul_21_44397_Lihou_ROV_Dive_1_T11,0:03:20
Jul_21,20/7/2021,Lihou,ROV,Dive_1_T11,8.3,outer_reef,Ctenochaetus striatus,1,Jul_21_44397_Lihou_ROV_Dive_1_T11,0:03:20
Jul_21,20/7/2021,Lihou,ROV,Dive_1_T11,8.3,outer_reef,Coris gaimard,1,Jul_21_44397_Lihou_ROV_Dive_1_T11,0:03:20
Jul_21,20/7/2021,Lihou,ROV,Dive_1_T11,8.3,outer_reef,Acanthurus nigrofuscus,1,Jul_21_44397_Lihou_ROV_Dive_1_T11,0:03:20
Jul_21,20/7/2021,Lihou,ROV,Dive_1_T11,8.3,outer_reef,Acanthurus nigrofuscus,1,Jul_21_44397_Lihou_ROV_Dive_1_T11,0:03:20
Jul_21,20/7/2021,Lihou,ROV,Dive_1_T11,8.3,outer_reef,Acanthurus nigrofuscus,1,Jul_21_44397_Lihou_ROV_Dive_1_T11,0:03:20
Jul_21,20/7/2021,Lihou,ROV,Dive_1_T11,8.3,outer_reef,Chlorurus bleekeri,1,Jul_21_44397_Lihou_ROV_Dive_1_T11,0:03:20
Jul_21,20/7/2021,Lihou,ROV,Dive_1_T11,8.3,outer_reef,Naso unicornis,1,Jul_21_44397_Lihou_ROV_Dive_1_T11,0:03:20
Jul_21,20/7/2021,Lihou,ROV,Dive_1_T11,8.3,outer_reef,Naso unicornis,1,Jul_21_44397_Lihou_ROV_Dive_1_T11,0:03:20
Jul_21,20/7/2021,Lihou,ROV,Dive_1_T11,8.3,outer_reef,Naso unicornis,1,Jul_21_44397_Lihou_ROV_Dive_1_T11,0:03:20
Jul_21,20/7/2021,Lihou,ROV,Dive_1_T11,8.3,outer_reef,Chlorurus microrhinos,1,Jul_21_44397_Lihou_ROV_Dive_1_T11,0:03:20
Jul_21,20/7/2021,Lihou,ROV,Dive_1_T11,8.3,outer_reef,Chlorurus microrhinos,1,Jul_21_44397_Lihou_ROV_Dive_1_T11,0:03:20
Jul_21,20/7/2021,Lihou,ROV,Dive_1_T11,8.3,outer_reef,Chlorurus microrhinos,1,Jul_21_44397_Lihou_ROV_Dive_1_T11,0:03:20
Jul_21,20/7/2021,Lihou,ROV,Dive_1_T11,8.3,outer_reef,Naso unicornis,1,Jul_21_44397_Lihou_ROV_Dive_1_T11,0:03:20
Jul_21,20/7/2021,Lihou,ROV,Dive_1_T11,8.3,outer_reef,Naso unicornis,1,Jul_21_44397_Lihou_ROV_Dive_1_T11,0:03:20
Jul_21,20/7/2021,Lihou,ROV,Dive_1_T11,8.3,outer_reef,Siganus punctatissimus,1,Jul_21_44397_Lihou_ROV_Dive_1_T11,0:03:20
Jul_21,20/7/2021,Lihou,ROV,Dive_1_T11,8.3,outer_reef,Siganus punctatissimus,1,Jul_21_44397_Lihou_ROV_Dive_1_T11,0:03:20
Jul_21,20/7/2021,Lihou,ROV,Dive_1_T11,8.3,outer_reef,Naso unicornis,1,Jul_21_44397_Lihou_ROV_Dive_1_T11,0:03:20
Jul_21,20/7/2021,Lihou,ROV,Dive_1_T11,8.3,outer_reef,Halichoeres hortulanus,1,Jul_21_44397_Lihou_ROV_Dive_1_T11,0:03:20
Jul_21,20/7/2021,Lihou,ROV,Dive_1_T11,8.3,outer_reef,Ctenochaetus striatus,1,Jul_21_44397_Lihou_ROV_Dive_1_T11,0:03:20
Jul_21,20/7/2021,Lihou,ROV,Dive_1_T11,8.3,outer_reef,Naso unicornis,1,Jul_21_44397_Lihou_ROV_Dive_1_T11,0:03:20
Jul_21,20/7/2021,Lihou,ROV,Dive_1_T11,8.3,outer_reef,Naso unicornis,1,Jul_21_44397_Lihou_ROV_Dive_1_T11,0:03:20
Jul_21,20/7/2021,Lihou,ROV,Dive_1_T11,8.3,outer_reef,Ctenochaetus striatus,1,Jul_21_44397_Lihou_ROV_Dive_1_T11,0:03:20
Jul_21,20/7/2021,Lihou,ROV,Dive_1_T11,8.3,outer_reef,Ostracion meleagris,1,Jul_21_44397_Lihou_ROV_Dive_1_T11,0:03:20
Jul_21,20/7/2021,Lihou,ROV,Dive_1_T11,8.3,outer_reef,Scarus chameleon,1,Jul_21_44397_Lihou_ROV_Dive_1_T11,0:03:20
Jul_21,20/7/2021,Lihou,ROV,Dive_1_T11,8.3,outer_reef,Acanthochromis polyacanthus,1,Jul_21_44397_Lihou_ROV_Dive_1_T11,0:03:20
Jul_21,20/7/2021,Lihou,ROV,Dive_1_T11,8.3,outer_reef,Acanthochromis polyacanthus,1,Jul_21_44397_Lihou_ROV_Dive_1_T11,0:03:20
Jul_21,20/7/2021,Lihou,ROV,Dive_1_T11,8.3,outer_reef,Acanthochromis polyacanthus,1,Jul_21_44397_Lihou_ROV_Dive_1_T11,0:03:20
Jul_21,20/7/2021,Lihou,ROV,Dive_1_T11,8.3,outer_reef,Acanthochromis polyacanthus,1,Jul_21_44397_Lihou_ROV_Dive_1_T11,0:03:20
Jul_21,20/7/2021,Lihou,ROV,Dive_1_T11,8.3,outer_reef,Acanthochromis polyacanthus,1,Jul_21_44397_Lihou_ROV_Dive_1_T11,0:03:20
Jul_21,20/7/2021,Lihou,ROV,Dive_1_T11,8.3,outer_reef,Chlorurus microrhinos,1,Jul_21_44397_Lihou_ROV_Dive_1_T11,0:03:20
Jul_21,20/7/2021,Lihou,ROV,Dive_1_T11,8.3,outer_reef,Cetoscarus ocellatus,1,Jul_21_44397_Lihou_ROV_Dive_1_T11,0:03:20
Jul_21,20/7/2021,Lihou,ROV,Dive_1_T11,8.3,outer_reef,Ctenochaetus striatus,1,Jul_21_44397_Lihou_ROV_Dive_1_T11,0:03:20
Jul_21,20/7/2021,Lihou,ROV,Dive_1_T11,8.3,outer_reef,Ctenochaetus striatus,1,Jul_21_44397_Lihou_ROV_Dive_1_T11,0:03:20
Jul_21,20/7/2021,Lihou,ROV,Dive_1_T11,8.3,outer_reef,Balistoides conspicillum,1,Jul_21_44397_Lihou_ROV_Dive_1_T11,0:03:20
Jul_21,20/7/2021,Lihou,ROV,Dive_1_T11,8.3,outer_reef,Ctenochaetus striatus,1,Jul_21_44397_Lihou_ROV_Dive_1_T11,0:03:20
Jul_21,20/7/2021,Lihou,ROV,Dive_1_T11,8.3,outer_reef,Ctenochaetus striatus,1,Jul_21_44397_Lihou_ROV_Dive_1_T11,0:03:20
Jul_21,20/7/2021,Lihou,ROV,Dive_1_T11,8.3,outer_reef,Halichoeres chrysus,1,Jul_21_44397_Lihou_ROV_Dive_1_T11,0:03:20
Jul_21,20/7/2021,Lihou,ROV,Dive_1_T11,8.3,outer_reef,Ctenochaetus striatus,1,Jul_21_44397_Lihou_ROV_Dive_1_T11,0:03:20
Jul_21,20/7/2021,Lihou,ROV,Dive_1_T11,8.3,outer_reef,Chaetodon citrinellus,1,Jul_21_44397_Lihou_ROV_Dive_1_T11,0:03:20
Jul_21,20/7/2021,Lihou,ROV,Dive_1_T11,8.3,outer_reef,Acanthurus nigrofuscus,1,Jul_21_44397_Lihou_ROV_Dive_1_T11,0:03:20
Jul_21,20/7/2021,Lihou,ROV,Dive_1_T11,8.3,outer_reef,Ctenochaetus striatus,1,Jul_21_44397_Lihou_ROV_Dive_1_T11,0:03:20
Jul_21,20/7/2021,Lihou,ROV,Dive_1_T11,8.3,outer_reef,Ctenochaetus striatus,1,Jul_21_44397_Lihou_ROV_Dive_1_T11,0:03:20
Jul_21,20/7/2021,Lihou,ROV,Dive_1_T11,8.3,outer_reef,Acanthurus nigricans,1,Jul_21_44397_Lihou_ROV_Dive_1_T11,0:03:20
Jul_21,20/7/2021,Lihou,ROV,Dive_1_T11,8.3,outer_reef,Halichoeres chrysus,1,Jul_21_44397_Lihou_ROV_Dive_1_T11,0:03:20
Jul_21,20/7/2021,Lihou,ROV,Dive_1_T11,8.3,outer_reef,Ctenochaetus striatus,1,Jul_21_44397_Lihou_ROV_Dive_1_T11,0:03:20
Jul_21,20/7/2021,Lihou,ROV,Dive_1_T1,8.3,outer_reef,Halichoeres chrysus,1,Jul_21_44397_Lihou_ROV_Dive_1_T1,0:03:20
Jul_21,22/7/2021,Lihou,ROV,Dive_1_T1,91,outer_reef,Balistoides viridescens,1,Jul_21_44399_Lihou_ROV_Dive_1_T1,0:03:20
Jul_21,22/7/2021,Lihou,ROV,Dive_1_T1,91,outer_reef,Pterocaesio tile,1,Jul_21_44399_Lihou_ROV_Dive_1_T1,0:03:20
Jul_21,22/7/2021,Lihou,ROV,Dive_1_T1,91,outer_reef,Pterocaesio tile,1,Jul_21_44399_Lihou_ROV_Dive_1_T1,0:03:20
Jul_21,22/7/2021,Lihou,ROV,Dive_1_T1,91,outer_reef,Pterocaesio tile,1,Jul_21_44399_Lihou_ROV_Dive_1_T1,0:03:20
Jul_21,22/7/2021,Lihou,ROV,Dive_1_T1,91,outer_reef,Pterocaesio tile,1,Jul_21_44399_Lihou_ROV_Dive_1_T1,0:03:20
Jul_21,22/7/2021,Lihou,ROV,Dive_1_T1,91,outer_reef,Pterocaesio tile,1,Jul_21_44399_Lihou_ROV_Dive_1_T1,0:03:20
Jul_21,22/7/2021,Lihou,ROV,Dive_1_T1,91,outer_reef,Pterocaesio tile,1,Jul_21_44399_Lihou_ROV_Dive_1_T1,0:03:20
Jul_21,22/7/2021,Lihou,ROV,Dive_1_T1,91,outer_reef,Pterocaesio tile,1,Jul_21_44399_Lihou_ROV_Dive_1_T1,0:03:20
Jul_21,22/7/2021,Lihou,ROV,Dive_1_T1,91,outer_reef,Pterocaesio tile,1,Jul_21_44399_Lihou_ROV_Dive_1_T1,0:03:20
Jul_21,22/7/2021,Lihou,ROV,Dive_1_T1,91,outer_reef,Pterocaesio tile,1,Jul_21_44399_Lihou_ROV_Dive_1_T1,0:03:20
Jul_21,22/7/2021,Lihou,ROV,Dive_1_T1,91,outer_reef,Pterocaesio tile,1,Jul_21_44399_Lihou_ROV_Dive_1_T1,0:03:20
Jul_21,22/7/2021,Lihou,ROV,Dive_1_T1,91,outer_reef,Pterocaesio tile,1,Jul_21_44399_Lihou_ROV_Dive_1_T1,0:03:20
Jul_21,22/7/2021,Lihou,ROV,Dive_1_T1,91,outer_reef,Pterocaesio tile,1,Jul_21_44399_Lihou_ROV_Dive_1_T1,0:03:20
Jul_21,22/7/2021,Lihou,ROV,Dive_1_T1,91,outer_reef,Pterocaesio tile,1,Jul_21_44399_Lihou_ROV_Dive_1_T1,0:03:20
Jul_21,22/7/2021,Lihou,ROV,Dive_1_T1,91,outer_reef,Pterocaesio tile,1,Jul_21_44399_Lihou_ROV_Dive_1_T1,0:03:20
Jul_21,22/7/2021,Lihou,ROV,Dive_1_T1,91,outer_reef,Pterocaesio tile,1,Jul_21_44399_Lihou_ROV_Dive_1_T1,0:03:20
Jul_21,22/7/2021,Lihou,ROV,Dive_1_T1,91,outer_reef,Pterocaesio tile,1,Jul_21_44399_Lihou_ROV_Dive_1_T1,0:03:20
Jul_21,22/7/2021,Lihou,ROV,Dive_1_T1,91,outer_reef,Pterocaesio tile,1,Jul_21_44399_Lihou_ROV_Dive_1_T1,0:03:20
Jul_21,22/7/2021,Lihou,ROV,Dive_1_T1,91,outer_reef,Pterocaesio tile,1,Jul_21_44399_Lihou_ROV_Dive_1_T1,0:03:20
Jul_21,22/7/2021,Lihou,ROV,Dive_1_T1,91,outer_reef,Pterocaesio tile,1,Jul_21_44399_Lihou_ROV_Dive_1_T1,0:03:20
Jul_21,22/7/2021,Lihou,ROV,Dive_1_T1,91,outer_reef,Pterocaesio tile,1,Jul_21_44399_Lihou_ROV_Dive_1_T1,0:03:20
Jul_21,22/7/2021,Lihou,ROV,Dive_1_T1,91,outer_reef,Pterocaesio tile,1,Jul_21_44399_Lihou_ROV_Dive_1_T1,0:03:20
Jul_21,22/7/2021,Lihou,ROV,Dive_1_T1,91,outer_reef,Pterocaesio tile,1,Jul_21_44399_Lihou_ROV_Dive_1_T1,0:03:20
Jul_21,22/7/2021,Lihou,ROV,Dive_1_T1,91,outer_reef,Pterocaesio tile,1,Jul_21_44399_Lihou_ROV_Dive_1_T1,0:03:20
Jul_21,22/7/2021,Lihou,ROV,Dive_1_T1,91,outer_reef,Pterocaesio tile,1,Jul_21_44399_Lihou_ROV_Dive_1_T1,0:03:20
Jul_21,22/7/2021,Lihou,ROV,Dive_1_T1,91,outer_reef,Pterocaesio tile,1,Jul_21_44399_Lihou_ROV_Dive_1_T1,0:03:20
Jul_21,22/7/2021,Lihou,ROV,Dive_1_T1,91,outer_reef,Pterocaesio tile,1,Jul_21_44399_Lihou_ROV_Dive_1_T1,0:03:20
Jul_21,22/7/2021,Lihou,ROV,Dive_1_T1,91,outer_reef,Pterocaesio tile,1,Jul_21_44399_Lihou_ROV_Dive_1_T1,0:03:20
Jul_21,22/7/2021,Lihou,ROV,Dive_1_T1,91,outer_reef,Pterocaesio tile,1,Jul_21_44399_Lihou_ROV_Dive_1_T1,0:03:20
Jul_21,22/7/2021,Lihou,ROV,Dive_1_T1,91,outer_reef,Pterocaesio tile,1,Jul_21_44399_Lihou_ROV_Dive_1_T1,0:03:20
Jul_21,22/7/2021,Lihou,ROV,Dive_1_T1,91,outer_reef,Pterocaesio tile,1,Jul_21_44399_Lihou_ROV_Dive_1_T1,0:03:20
Jul_21,22/7/2021,Lihou,ROV,Dive_1_T1,91,outer_reef,Pterocaesio tile,1,Jul_21_44399_Lihou_ROV_Dive_1_T1,0:03:20
Jul_21,22/7/2021,Lihou,ROV,Dive_1_T1,91,outer_reef,Pterocaesio tile,1,Jul_21_44399_Lihou_ROV_Dive_1_T1,0:03:20
Jul_21,22/7/2021,Lihou,ROV,Dive_1_T1,91,outer_reef,Pterocaesio tile,1,Jul_21_44399_Lihou_ROV_Dive_1_T1,0:03:20
Jul_21,22/7/2021,Lihou,ROV,Dive_1_T1,91,outer_reef,Pterocaesio tile,1,Jul_21_44399_Lihou_ROV_Dive_1_T1,0:03:20
Jul_21,22/7/2021,Lihou,ROV,Dive_1_T1,91,outer_reef,Pterocaesio tile,1,Jul_21_44399_Lihou_ROV_Dive_1_T1,0:03:20
Jul_21,22/7/2021,Lihou,ROV,Dive_1_T1,91,outer_reef,Pterocaesio tile,1,Jul_21_44399_Lihou_ROV_Dive_1_T1,0:03:20
Jul_21,22/7/2021,Lihou,ROV,Dive_1_T1,91,outer_reef,Pterocaesio tile,1,Jul_21_44399_Lihou_ROV_Dive_1_T1,0:03:20
Jul_21,22/7/2021,Lihou,ROV,Dive_1_T1,91,outer_reef,Pterocaesio tile,1,Jul_21_44399_Lihou_ROV_Dive_1_T1,0:03:20
Jul_21,22/7/2021,Lihou,ROV,Dive_1_T1,91,outer_reef,Pterocaesio tile,1,Jul_21_44399_Lihou_ROV_Dive_1_T1,0:03:20
Jul_21,22/7/2021,Lihou,ROV,Dive_1_T1,91,outer_reef,Pterocaesio tile,1,Jul_21_44399_Lihou_ROV_Dive_1_T1,0:03:20
Jul_21,22/7/2021,Lihou,ROV,Dive_1_T1,91,outer_reef,Pterocaesio tile,1,Jul_21_44399_Lihou_ROV_Dive_1_T1,0:03:20
Jul_21,22/7/2021,Lihou,ROV,Dive_1_T1,91,outer_reef,Pterocaesio tile,1,Jul_21_44399_Lihou_ROV_Dive_1_T1,0:03:20
Jul_21,22/7/2021,Lihou,ROV,Dive_1_T1,91,outer_reef,Lethrinus olivaceus,1,Jul_21_44399_Lihou_ROV_Dive_1_T1,0:03:20
Jul_21,22/7/2021,Lihou,ROV,Dive_1_T2,91,outer_reef,Caranx melampygus,1,Jul_21_44399_Lihou_ROV_Dive_1_T2,0:03:20
Jul_21,22/7/2021,Lihou,ROV,Dive_1_T2,91.9,outer_reef,Parupeneus multifasciatus,1,Jul_21_44399_Lihou_ROV_Dive_1_T2,0:03:20
Jul_21,22/7/2021,Lihou,ROV,Dive_1_T2,91.9,outer_reef,Genicanthus melanospilos,1,Jul_21_44399_Lihou_ROV_Dive_1_T2,0:03:20
Jul_21,22/7/2021,Lihou,ROV,Dive_1_T2,91.9,outer_reef,Genicanthus melanospilos,1,Jul_21_44399_Lihou_ROV_Dive_1_T2,0:03:20
Jul_21,22/7/2021,Lihou,ROV,Dive_1_T2,91.9,outer_reef,Genicanthus melanospilos,1,Jul_21_44399_Lihou_ROV_Dive_1_T2,0:03:20
Jul_21,22/7/2021,Lihou,ROV,Dive_1_T2,91.9,outer_reef,Genicanthus melanospilos,1,Jul_21_44399_Lihou_ROV_Dive_1_T2,0:03:20
Jul_21,22/7/2021,Lihou,ROV,Dive_1_T2,91.9,outer_reef,Genicanthus melanospilos,1,Jul_21_44399_Lihou_ROV_Dive_1_T2,0:03:20
Jul_21,22/7/2021,Lihou,ROV,Dive_1_T2,91.9,outer_reef,Pterocaesio tile,1,Jul_21_44399_Lihou_ROV_Dive_1_T2,0:03:20
Jul_21,22/7/2021,Lihou,ROV,Dive_1_T2,91.9,outer_reef,Pterocaesio tile,1,Jul_21_44399_Lihou_ROV_Dive_1_T2,0:03:20
Jul_21,22/7/2021,Lihou,ROV,Dive_1_T2,91.9,outer_reef,Pterocaesio tile,1,Jul_21_44399_Lihou_ROV_Dive_1_T2,0:03:20
Jul_21,22/7/2021,Lihou,ROV,Dive_1_T2,91.9,outer_reef,Pterocaesio tile,1,Jul_21_44399_Lihou_ROV_Dive_1_T2,0:03:20
Jul_21,22/7/2021,Lihou,ROV,Dive_1_T2,91.9,outer_reef,Pterocaesio tile,1,Jul_21_44399_Lihou_ROV_Dive_1_T2,0:03:20
Jul_21,22/7/2021,Lihou,ROV,Dive_1_T2,91.9,outer_reef,Pterocaesio tile,1,Jul_21_44399_Lihou_ROV_Dive_1_T2,0:03:20
Jul_21,22/7/2021,Lihou,ROV,Dive_1_T2,91.9,outer_reef,Pterocaesio tile,1,Jul_21_44399_Lihou_ROV_Dive_1_T2,0:03:20
Jul_21,22/7/2021,Lihou,ROV,Dive_1_T2,91.9,outer_reef,Pterocaesio tile,1,Jul_21_44399_Lihou_ROV_Dive_1_T2,0:03:20
Jul_21,22/7/2021,Lihou,ROV,Dive_1_T2,91.9,outer_reef,Pterocaesio tile,1,Jul_21_44399_Lihou_ROV_Dive_1_T2,0:03:20
Jul_21,22/7/2021,Lihou,ROV,Dive_1_T2,91.9,outer_reef,Pterocaesio tile,1,Jul_21_44399_Lihou_ROV_Dive_1_T2,0:03:20
Jul_21,22/7/2021,Lihou,ROV,Dive_1_T2,91.9,outer_reef,Pterocaesio tile,1,Jul_21_44399_Lihou_ROV_Dive_1_T2,0:03:20
Jul_21,22/7/2021,Lihou,ROV,Dive_1_T2,91.9,outer_reef,Pterocaesio tile,1,Jul_21_44399_Lihou_ROV_Dive_1_T2,0:03:20
Jul_21,22/7/2021,Lihou,ROV,Dive_1_T2,91.9,outer_reef,Genicanthus melanospilos,1,Jul_21_44399_Lihou_ROV_Dive_1_T2,0:03:20
Jul_21,22/7/2021,Lihou,ROV,Dive_1_T2,91.9,outer_reef,Lutjanus bohar,1,Jul_21_44399_Lihou_ROV_Dive_1_T2,0:03:20
Jul_21,22/7/2021,Lihou,ROV,Dive_1_T2,91.9,outer_reef,Genicanthus melanospilos,1,Jul_21_44399_Lihou_ROV_Dive_1_T2,0:03:20
Jul_21,22/7/2021,Lihou,ROV,Dive_1_T2,91.9,outer_reef,Genicanthus melanospilos,1,Jul_21_44399_Lihou_ROV_Dive_1_T2,0:03:20
Jul_21,22/7/2021,Lihou,ROV,Dive_1_T2,91.9,outer_reef,Pterocaesio tile,1,Jul_21_44399_Lihou_ROV_Dive_1_T2,0:03:20
Jul_21,22/7/2021,Lihou,ROV,Dive_1_T2,91.9,outer_reef,Pterocaesio tile,1,Jul_21_44399_Lihou_ROV_Dive_1_T2,0:03:20
Jul_21,22/7/2021,Lihou,ROV,Dive_1_T2,91.9,outer_reef,Pterocaesio tile,1,Jul_21_44399_Lihou_ROV_Dive_1_T2,0:03:20
Jul_21,22/7/2021,Lihou,ROV,Dive_1_T2,91.9,outer_reef,Pterocaesio tile,1,Jul_21_44399_Lihou_ROV_Dive_1_T2,0:03:20
Jul_21,22/7/2021,Lihou,ROV,Dive_1_T2,91.9,outer_reef,Pterocaesio tile,1,Jul_21_44399_Lihou_ROV_Dive_1_T2,0:03:20
Jul_21,22/7/2021,Lihou,ROV,Dive_1_T2,91.9,outer_reef,Pterocaesio tile,1,Jul_21_44399_Lihou_ROV_Dive_1_T2,0:03:20
Jul_21,22/7/2021,Lihou,ROV,Dive_1_T2,91.9,outer_reef,Pterocaesio tile,1,Jul_21_44399_Lihou_ROV_Dive_1_T2,0:03:20
Jul_21,22/7/2021,Lihou,ROV,Dive_1_T2,91.9,outer_reef,Pterocaesio tile,1,Jul_21_44399_Lihou_ROV_Dive_1_T2,0:03:20
Jul_21,22/7/2021,Lihou,ROV,Dive_1_T2,91.9,outer_reef,Pterocaesio tile,1,Jul_21_44399_Lihou_ROV_Dive_1_T2,0:03:20
Jul_21,22/7/2021,Lihou,ROV,Dive_1_T2,91.9,outer_reef,Pterocaesio tile,1,Jul_21_44399_Lihou_ROV_Dive_1_T2,0:03:20
Jul_21,22/7/2021,Lihou,ROV,Dive_1_T2,91.9,outer_reef,Pterocaesio tile,1,Jul_21_44399_Lihou_ROV_Dive_1_T2,0:03:20
Jul_21,22/7/2021,Lihou,ROV,Dive_1_T2,91.9,outer_reef,Pterocaesio tile,1,Jul_21_44399_Lihou_ROV_Dive_1_T2,0:03:20
Jul_21,22/7/2021,Lihou,ROV,Dive_1_T2,91.9,outer_reef,Pterocaesio tile,1,Jul_21_44399_Lihou_ROV_Dive_1_T2,0:03:20
Jul_21,22/7/2021,Lihou,ROV,Dive_1_T2,91.9,outer_reef,Pterocaesio tile,1,Jul_21_44399_Lihou_ROV_Dive_1_T2,0:03:20
Jul_21,22/7/2021,Lihou,ROV,Dive_1_T2,91.9,outer_reef,Pterocaesio tile,1,Jul_21_44399_Lihou_ROV_Dive_1_T2,0:03:20
Jul_21,22/7/2021,Lihou,ROV,Dive_1_T2,91.9,outer_reef,Pterocaesio tile,1,Jul_21_44399_Lihou_ROV_Dive_1_T2,0:03:20
Jul_21,22/7/2021,Lihou,ROV,Dive_1_T2,91.9,outer_reef,Genicanthus melanospilos,1,Jul_21_44399_Lihou_ROV_Dive_1_T2,0:03:20
Jul_21,22/7/2021,Lihou,ROV,Dive_1_T2,91.9,outer_reef,Genicanthus melanospilos,1,Jul_21_44399_Lihou_ROV_Dive_1_T2,0:03:20
Jul_21,22/7/2021,Lihou,ROV,Dive_1_T2,91.9,outer_reef,Genicanthus melanospilos,1,Jul_21_44399_Lihou_ROV_Dive_1_T2,0:03:20
Jul_21,22/7/2021,Lihou,ROV,Dive_1_T2,91.9,outer_reef,Genicanthus melanospilos,1,Jul_21_44399_Lihou_ROV_Dive_1_T2,0:03:20
Jul_21,22/7/2021,Lihou,ROV,Dive_1_T2,91.9,outer_reef,Acanthochromis polyacanthus,1,Jul_21_44399_Lihou_ROV_Dive_1_T2,0:03:20
Jul_21,22/7/2021,Lihou,ROV,Dive_1_T2,91.9,outer_reef,Acanthochromis polyacanthus,1,Jul_21_44399_Lihou_ROV_Dive_1_T2,0:03:20
Jul_21,22/7/2021,Lihou,ROV,Dive_1_T2,91.9,outer_reef,Acanthochromis polyacanthus,1,Jul_21_44399_Lihou_ROV_Dive_1_T2,0:03:20
Jul_21,22/7/2021,Lihou,ROV,Dive_1_T2,91.9,outer_reef,Acanthochromis polyacanthus,1,Jul_21_44399_Lihou_ROV_Dive_1_T2,0:03:20
Jul_21,22/7/2021,Lihou,ROV,Dive_1_T2,91.9,outer_reef,Acanthochromis polyacanthus,1,Jul_21_44399_Lihou_ROV_Dive_1_T2,0:03:20
Jul_21,22/7/2021,Lihou,ROV,Dive_1_T2,91.9,outer_reef,Acanthochromis polyacanthus,1,Jul_21_44399_Lihou_ROV_Dive_1_T2,0:03:20
Jul_21,22/7/2021,Lihou,ROV,Dive_1_T2,91.9,outer_reef,Acanthochromis polyacanthus,1,Jul_21_44399_Lihou_ROV_Dive_1_T2,0:03:20
Jul_21,22/7/2021,Lihou,ROV,Dive_1_T2,91.9,outer_reef,Acanthochromis polyacanthus,1,Jul_21_44399_Lihou_ROV_Dive_1_T2,0:03:20
Jul_21,22/7/2021,Lihou,ROV,Dive_1_T2,91.9,outer_reef,Acanthochromis polyacanthus,1,Jul_21_44399_Lihou_ROV_Dive_1_T2,0:03:20
Jul_21,22/7/2021,Lihou,ROV,Dive_1_T2,91.9,outer_reef,Acanthochromis polyacanthus,1,Jul_21_44399_Lihou_ROV_Dive_1_T2,0:03:20
Jul_21,22/7/2021,Lihou,ROV,Dive_1_T2,91.9,outer_reef,Acanthochromis polyacanthus,1,Jul_21_44399_Lihou_ROV_Dive_1_T2,0:03:20
Jul_21,22/7/2021,Lihou,ROV,Dive_1_T2,91.9,outer_reef,Acanthochromis polyacanthus,1,Jul_21_44399_Lihou_ROV_Dive_1_T2,0:03:20
Jul_21,22/7/2021,Lihou,ROV,Dive_1_T2,91.9,outer_reef,Genicanthus melanospilos,1,Jul_21_44399_Lihou_ROV_Dive_1_T2,0:03:20
Jul_21,22/7/2021,Lihou,ROV,Dive_1_T3,91.9,outer_reef,Genicanthus melanospilos,1,Jul_21_44399_Lihou_ROV_Dive_1_T3,0:03:20
Jul_21,22/7/2021,Lihou,ROV,Dive_1_T3,72.2,outer_reef,Genicanthus melanospilos,1,Jul_21_44399_Lihou_ROV_Dive_1_T3,0:03:20
Jul_21,22/7/2021,Lihou,ROV,Dive_1_T3,72.2,outer_reef,Genicanthus melanospilos,1,Jul_21_44399_Lihou_ROV_Dive_1_T3,0:03:20
Jul_21,22/7/2021,Lihou,ROV,Dive_1_T3,72.2,outer_reef,Genicanthus melanospilos,1,Jul_21_44399_Lihou_ROV_Dive_1_T3,0:03:20
Jul_21,22/7/2021,Lihou,ROV,Dive_1_T3,72.2,outer_reef,Genicanthus melanospilos,1,Jul_21_44399_Lihou_ROV_Dive_1_T3,0:03:20
Jul_21,22/7/2021,Lihou,ROV,Dive_1_T3,72.2,outer_reef,Genicanthus melanospilos,1,Jul_21_44399_Lihou_ROV_Dive_1_T3,0:03:20
Jul_21,22/7/2021,Lihou,ROV,Dive_1_T3,72.2,outer_reef,Genicanthus melanospilos,1,Jul_21_44399_Lihou_ROV_Dive_1_T3,0:03:20
Jul_21,22/7/2021,Lihou,ROV,Dive_1_T3,72.2,outer_reef,Genicanthus melanospilos,1,Jul_21_44399_Lihou_ROV_Dive_1_T3,0:03:20
Jul_21,22/7/2021,Lihou,ROV,Dive_1_T3,72.2,outer_reef,Genicanthus melanospilos,1,Jul_21_44399_Lihou_ROV_Dive_1_T3,0:03:20
Jul_21,22/7/2021,Lihou,ROV,Dive_1_T3,72.2,outer_reef,Genicanthus melanospilos,1,Jul_21_44399_Lihou_ROV_Dive_1_T3,0:03:20
Jul_21,22/7/2021,Lihou,ROV,Dive_1_T3,72.2,outer_reef,Genicanthus melanospilos,1,Jul_21_44399_Lihou_ROV_Dive_1_T3,0:03:20
Jul_21,22/7/2021,Lihou,ROV,Dive_1_T3,72.2,outer_reef,Genicanthus melanospilos,1,Jul_21_44399_Lihou_ROV_Dive_1_T3,0:03:20
Jul_21,22/7/2021,Lihou,ROV,Dive_1_T3,72.2,outer_reef,Genicanthus melanospilos,1,Jul_21_44399_Lihou_ROV_Dive_1_T3,0:03:20
Jul_21,22/7/2021,Lihou,ROV,Dive_1_T3,72.2,outer_reef,Genicanthus melanospilos,1,Jul_21_44399_Lihou_ROV_Dive_1_T3,0:03:20
Jul_21,22/7/2021,Lihou,ROV,Dive_1_T3,72.2,outer_reef,Genicanthus melanospilos,1,Jul_21_44399_Lihou_ROV_Dive_1_T3,0:03:20
Jul_21,22/7/2021,Lihou,ROV,Dive_1_T3,72.2,outer_reef,Genicanthus melanospilos,1,Jul_21_44399_Lihou_ROV_Dive_1_T3,0:03:20
Jul_21,22/7/2021,Lihou,ROV,Dive_1_T3,72.2,outer_reef,Genicanthus melanospilos,1,Jul_21_44399_Lihou_ROV_Dive_1_T3,0:03:20
Jul_21,22/7/2021,Lihou,ROV,Dive_1_T3,72.2,outer_reef,Genicanthus melanospilos,1,Jul_21_44399_Lihou_ROV_Dive_1_T3,0:03:20
Jul_21,22/7/2021,Lihou,ROV,Dive_1_T3,72.2,outer_reef,Genicanthus melanospilos,1,Jul_21_44399_Lihou_ROV_Dive_1_T3,0:03:20
Jul_21,22/7/2021,Lihou,ROV,Dive_1_T3,72.2,outer_reef,Acanthochromis polyacanthus,1,Jul_21_44399_Lihou_ROV_Dive_1_T3,0:03:20
Jul_21,22/7/2021,Lihou,ROV,Dive_1_T3,72.2,outer_reef,Chaetodon kleinii,1,Jul_21_44399_Lihou_ROV_Dive_1_T3,0:03:20
Jul_21,22/7/2021,Lihou,ROV,Dive_1_T3,72.2,outer_reef,Chaetodon kleinii,1,Jul_21_44399_Lihou_ROV_Dive_1_T3,0:03:20
Jul_21,22/7/2021,Lihou,ROV,Dive_1_T4,72.2,outer_reef,Genicanthus melanospilos,1,Jul_21_44399_Lihou_ROV_Dive_1_T4,0:03:20
Jul_21,22/7/2021,Lihou,ROV,Dive_1_T4,62,outer_reef,Carcharhinus tilstoni,1,Jul_21_44399_Lihou_ROV_Dive_1_T4,0:03:20
Jul_21,22/7/2021,Lihou,ROV,Dive_1_T4,62,outer_reef,Gymnocranius grandoculis,1,Jul_21_44399_Lihou_ROV_Dive_1_T4,0:03:20
Jul_21,22/7/2021,Lihou,ROV,Dive_1_T4,62,outer_reef,Gymnocranius grandoculis,1,Jul_21_44399_Lihou_ROV_Dive_1_T4,0:03:20
Jul_21,22/7/2021,Lihou,ROV,Dive_1_T4,62,outer_reef,Gymnocranius grandoculis,1,Jul_21_44399_Lihou_ROV_Dive_1_T4,0:03:20
Jul_21,22/7/2021,Lihou,ROV,Dive_1_T5,62,outer_reef,Carcharhinus tilstoni,1,Jul_21_44399_Lihou_ROV_Dive_1_T5,0:03:20
Jul_21,22/7/2021,Lihou,ROV,Dive_1_T5,53.3,outer_reef,Zanclus cornutus,1,Jul_21_44399_Lihou_ROV_Dive_1_T5,0:03:20
Jul_21,22/7/2021,Lihou,ROV,Dive_1_T5,53.3,outer_reef,Bodianus loxozonus,1,Jul_21_44399_Lihou_ROV_Dive_1_T5,0:03:20
Jul_21,22/7/2021,Lihou,ROV,Dive_1_T5,53.3,outer_reef,Acanthurus pyroferus,1,Jul_21_44399_Lihou_ROV_Dive_1_T5,0:03:20
Jul_21,22/7/2021,Lihou,ROV,Dive_1_T5,53.3,outer_reef,Monotaxis grandoculis,1,Jul_21_44399_Lihou_ROV_Dive_1_T5,0:03:20
Jul_21,22/7/2021,Lihou,ROV,Dive_1_T5,53.3,outer_reef,Genicanthus melanospilos,1,Jul_21_44399_Lihou_ROV_Dive_1_T5,0:03:20
Jul_21,22/7/2021,Lihou,ROV,Dive_1_T5,53.3,outer_reef,Genicanthus melanospilos,1,Jul_21_44399_Lihou_ROV_Dive_1_T5,0:03:20
Jul_21,22/7/2021,Lihou,ROV,Dive_1_T5,53.3,outer_reef,Pseudanthias pleurotaenia,1,Jul_21_44399_Lihou_ROV_Dive_1_T5,0:03:20
Jul_21,22/7/2021,Lihou,ROV,Dive_1_T5,53.3,outer_reef,Acanthurus thompsoni,1,Jul_21_44399_Lihou_ROV_Dive_1_T5,0:03:20
Jul_21,22/7/2021,Lihou,ROV,Dive_1_T5,53.3,outer_reef,Acanthurus thompsoni,1,Jul_21_44399_Lihou_ROV_Dive_1_T5,0:03:20
Jul_21,22/7/2021,Lihou,ROV,Dive_1_T5,53.3,outer_reef,Acanthurus pyroferus,1,Jul_21_44399_Lihou_ROV_Dive_1_T5,0:03:20
Jul_21,22/7/2021,Lihou,ROV,Dive_1_T5,53.3,outer_reef,Acanthurus thompsoni,1,Jul_21_44399_Lihou_ROV_Dive_1_T5,0:03:20
Jul_21,22/7/2021,Lihou,ROV,Dive_1_T5,53.3,outer_reef,Pterocaesio tile,1,Jul_21_44399_Lihou_ROV_Dive_1_T5,0:03:20
Jul_21,22/7/2021,Lihou,ROV,Dive_1_T5,53.3,outer_reef,Pterocaesio tile,1,Jul_21_44399_Lihou_ROV_Dive_1_T5,0:03:20
Jul_21,22/7/2021,Lihou,ROV,Dive_1_T5,53.3,outer_reef,Pterocaesio tile,1,Jul_21_44399_Lihou_ROV_Dive_1_T5,0:03:20
Jul_21,22/7/2021,Lihou,ROV,Dive_1_T5,53.3,outer_reef,Pterocaesio tile,1,Jul_21_44399_Lihou_ROV_Dive_1_T5,0:03:20
Jul_21,22/7/2021,Lihou,ROV,Dive_1_T5,53.3,outer_reef,Pterocaesio tile,1,Jul_21_44399_Lihou_ROV_Dive_1_T5,0:03:20
Jul_21,22/7/2021,Lihou,ROV,Dive_1_T5,53.3,outer_reef,Pterocaesio tile,1,Jul_21_44399_Lihou_ROV_Dive_1_T5,0:03:20
Jul_21,22/7/2021,Lihou,ROV,Dive_1_T5,53.3,outer_reef,Pterocaesio tile,1,Jul_21_44399_Lihou_ROV_Dive_1_T5,0:03:20
Jul_21,22/7/2021,Lihou,ROV,Dive_1_T5,53.3,outer_reef,Pterocaesio tile,1,Jul_21_44399_Lihou_ROV_Dive_1_T5,0:03:20
Jul_21,22/7/2021,Lihou,ROV,Dive_1_T5,53.3,outer_reef,Pterocaesio tile,1,Jul_21_44399_Lihou_ROV_Dive_1_T5,0:03:20
Jul_21,22/7/2021,Lihou,ROV,Dive_1_T5,53.3,outer_reef,Pseudanthias pleurotaenia,1,Jul_21_44399_Lihou_ROV_Dive_1_T5,0:03:20
Jul_21,22/7/2021,Lihou,ROV,Dive_1_T5,53.3,outer_reef,Carcharhinus tilstoni,1,Jul_21_44399_Lihou_ROV_Dive_1_T5,0:03:20
Jul_21,22/7/2021,Lihou,ROV,Dive_1_T5,53.3,outer_reef,Genicanthus melanospilos,1,Jul_21_44399_Lihou_ROV_Dive_1_T5,0:03:20
Jul_21,22/7/2021,Lihou,ROV,Dive_1_T5,53.3,outer_reef,Chaetodon unimaculatus,1,Jul_21_44399_Lihou_ROV_Dive_1_T5,0:03:20
Jul_21,22/7/2021,Lihou,ROV,Dive_1_T5,53.3,outer_reef,Carcharhinus tilstoni,1,Jul_21_44399_Lihou_ROV_Dive_1_T5,0:03:20
Jul_21,22/7/2021,Lihou,ROV,Dive_1_T5,53.3,outer_reef,Caranx melampygus,1,Jul_21_44399_Lihou_ROV_Dive_1_T5,0:03:20
Jul_21,22/7/2021,Lihou,ROV,Dive_1_T5,53.3,outer_reef,Balistapus undulatus,1,Jul_21_44399_Lihou_ROV_Dive_1_T5,0:03:20
Jul_21,22/7/2021,Lihou,ROV,Dive_1_T5,53.3,outer_reef,Sufflamen bursa,1,Jul_21_44399_Lihou_ROV_Dive_1_T5,0:03:20
Jul_21,22/7/2021,Lihou,ROV,Dive_1_T5,53.3,outer_reef,Pseudanthias huchtii,1,Jul_21_44399_Lihou_ROV_Dive_1_T5,0:03:20
Jul_21,22/7/2021,Lihou,ROV,Dive_1_T5,53.3,outer_reef,Genicanthus melanospilos,1,Jul_21_44399_Lihou_ROV_Dive_1_T5,0:03:20
Jul_21,22/7/2021,Lihou,ROV,Dive_1_T5,53.3,outer_reef,Genicanthus melanospilos,1,Jul_21_44399_Lihou_ROV_Dive_1_T5,0:03:20
Jul_21,22/7/2021,Lihou,ROV,Dive_1_T5,53.3,outer_reef,Genicanthus melanospilos,1,Jul_21_44399_Lihou_ROV_Dive_1_T5,0:03:20
Jul_21,22/7/2021,Lihou,ROV,Dive_1_T5,53.3,outer_reef,Pseudanthias pleurotaenia,1,Jul_21_44399_Lihou_ROV_Dive_1_T5,0:03:20
Jul_21,22/7/2021,Lihou,ROV,Dive_1_T5,53.3,outer_reef,Acanthurus thompsoni,1,Jul_21_44399_Lihou_ROV_Dive_1_T5,0:03:20
Jul_21,22/7/2021,Lihou,ROV,Dive_1_T5,53.3,outer_reef,Scarus longipinnis,1,Jul_21_44399_Lihou_ROV_Dive_1_T5,0:03:20
Jul_21,22/7/2021,Lihou,ROV,Dive_1_T5,53.3,outer_reef,Genicanthus melanospilos,1,Jul_21_44399_Lihou_ROV_Dive_1_T5,0:03:20
Jul_21,22/7/2021,Lihou,ROV,Dive_1_T5,53.3,outer_reef,Genicanthus melanospilos,1,Jul_21_44399_Lihou_ROV_Dive_1_T5,0:03:20
Jul_21,22/7/2021,Lihou,ROV,Dive_1_T5,53.3,outer_reef,Genicanthus melanospilos,1,Jul_21_44399_Lihou_ROV_Dive_1_T5,0:03:20
Jul_21,22/7/2021,Lihou,ROV,Dive_1_T5,53.3,outer_reef,Genicanthus melanospilos,1,Jul_21_44399_Lihou_ROV_Dive_1_T5,0:03:20
Jul_21,22/7/2021,Lihou,ROV,Dive_1_T5,53.3,outer_reef,Genicanthus melanospilos,1,Jul_21_44399_Lihou_ROV_Dive_1_T5,0:03:20
Jul_21,22/7/2021,Lihou,ROV,Dive_1_T5,53.3,outer_reef,Genicanthus melanospilos,1,Jul_21_44399_Lihou_ROV_Dive_1_T5,0:03:20
Jul_21,22/7/2021,Lihou,ROV,Dive_1_T5,53.3,outer_reef,Genicanthus melanospilos,1,Jul_21_44399_Lihou_ROV_Dive_1_T5,0:03:20
Jul_21,22/7/2021,Lihou,ROV,Dive_1_T5,53.3,outer_reef,Genicanthus melanospilos,1,Jul_21_44399_Lihou_ROV_Dive_1_T5,0:03:20
Jul_21,22/7/2021,Lihou,ROV,Dive_1_T5,53.3,outer_reef,Genicanthus melanospilos,1,Jul_21_44399_Lihou_ROV_Dive_1_T5,0:03:20
Jul_21,22/7/2021,Lihou,ROV,Dive_1_T5,53.3,outer_reef,Genicanthus melanospilos,1,Jul_21_44399_Lihou_ROV_Dive_1_T5,0:03:20
Jul_21,22/7/2021,Lihou,ROV,Dive_1_T5,53.3,outer_reef,Genicanthus melanospilos,1,Jul_21_44399_Lihou_ROV_Dive_1_T5,0:03:20
Jul_21,22/7/2021,Lihou,ROV,Dive_1_T5,53.3,outer_reef,Pterocaesio tile,1,Jul_21_44399_Lihou_ROV_Dive_1_T5,0:03:20
Jul_21,22/7/2021,Lihou,ROV,Dive_1_T5,53.3,outer_reef,Pterocaesio tile,1,Jul_21_44399_Lihou_ROV_Dive_1_T5,0:03:20
Jul_21,22/7/2021,Lihou,ROV,Dive_1_T5,53.3,outer_reef,Pterocaesio tile,1,Jul_21_44399_Lihou_ROV_Dive_1_T5,0:03:20
Jul_21,22/7/2021,Lihou,ROV,Dive_1_T5,53.3,outer_reef,Pterocaesio tile,1,Jul_21_44399_Lihou_ROV_Dive_1_T5,0:03:20
Jul_21,22/7/2021,Lihou,ROV,Dive_1_T5,53.3,outer_reef,Pterocaesio tile,1,Jul_21_44399_Lihou_ROV_Dive_1_T5,0:03:20
Jul_21,22/7/2021,Lihou,ROV,Dive_1_T5,53.3,outer_reef,Pterocaesio tile,1,Jul_21_44399_Lihou_ROV_Dive_1_T5,0:03:20
Jul_21,22/7/2021,Lihou,ROV,Dive_1_T5,53.3,outer_reef,Pterocaesio tile,1,Jul_21_44399_Lihou_ROV_Dive_1_T5,0:03:20
Jul_21,22/7/2021,Lihou,ROV,Dive_1_T5,53.3,outer_reef,Pterocaesio tile,1,Jul_21_44399_Lihou_ROV_Dive_1_T5,0:03:20
Jul_21,22/7/2021,Lihou,ROV,Dive_1_T5,53.3,outer_reef,Pterocaesio tile,1,Jul_21_44399_Lihou_ROV_Dive_1_T5,0:03:20
Jul_21,22/7/2021,Lihou,ROV,Dive_1_T5,53.3,outer_reef,Pterocaesio tile,1,Jul_21_44399_Lihou_ROV_Dive_1_T5,0:03:20
Jul_21,22/7/2021,Lihou,ROV,Dive_1_T5,53.3,outer_reef,Pterocaesio tile,1,Jul_21_44399_Lihou_ROV_Dive_1_T5,0:03:20
Jul_21,22/7/2021,Lihou,ROV,Dive_1_T5,53.3,outer_reef,Pterocaesio tile,1,Jul_21_44399_Lihou_ROV_Dive_1_T5,0:03:20
Jul_21,22/7/2021,Lihou,ROV,Dive_1_T5,53.3,outer_reef,Pterocaesio tile,1,Jul_21_44399_Lihou_ROV_Dive_1_T5,0:03:20
Jul_21,22/7/2021,Lihou,ROV,Dive_1_T5,53.3,outer_reef,Pterocaesio tile,1,Jul_21_44399_Lihou_ROV_Dive_1_T5,0:03:20
Jul_21,22/7/2021,Lihou,ROV,Dive_1_T5,53.3,outer_reef,Pterocaesio tile,1,Jul_21_44399_Lihou_ROV_Dive_1_T5,0:03:20
Jul_21,22/7/2021,Lihou,ROV,Dive_1_T5,53.3,outer_reef,Pterocaesio tile,1,Jul_21_44399_Lihou_ROV_Dive_1_T5,0:03:20
Jul_21,22/7/2021,Lihou,ROV,Dive_1_T5,53.3,outer_reef,Pterocaesio tile,1,Jul_21_44399_Lihou_ROV_Dive_1_T5,0:03:20
Jul_21,22/7/2021,Lihou,ROV,Dive_1_T5,53.3,outer_reef,Pterocaesio tile,1,Jul_21_44399_Lihou_ROV_Dive_1_T5,0:03:20
Jul_21,22/7/2021,Lihou,ROV,Dive_1_T5,53.3,outer_reef,Pterocaesio tile,1,Jul_21_44399_Lihou_ROV_Dive_1_T5,0:03:20
Jul_21,22/7/2021,Lihou,ROV,Dive_1_T5,53.3,outer_reef,Pterocaesio tile,1,Jul_21_44399_Lihou_ROV_Dive_1_T5,0:03:20
Jul_21,22/7/2021,Lihou,ROV,Dive_1_T5,53.3,outer_reef,Pterocaesio tile,1,Jul_21_44399_Lihou_ROV_Dive_1_T5,0:03:20
Jul_21,22/7/2021,Lihou,ROV,Dive_1_T5,53.3,outer_reef,Pterocaesio tile,1,Jul_21_44399_Lihou_ROV_Dive_1_T5,0:03:20
Jul_21,22/7/2021,Lihou,ROV,Dive_1_T5,53.3,outer_reef,Pterocaesio tile,1,Jul_21_44399_Lihou_ROV_Dive_1_T5,0:03:20
Jul_21,22/7/2021,Lihou,ROV,Dive_1_T5,53.3,outer_reef,Pterocaesio tile,1,Jul_21_44399_Lihou_ROV_Dive_1_T5,0:03:20
Jul_21,22/7/2021,Lihou,ROV,Dive_1_T5,53.3,outer_reef,Pterocaesio tile,1,Jul_21_44399_Lihou_ROV_Dive_1_T5,0:03:20
Jul_21,22/7/2021,Lihou,ROV,Dive_1_T5,53.3,outer_reef,Pterocaesio tile,1,Jul_21_44399_Lihou_ROV_Dive_1_T5,0:03:20
Jul_21,22/7/2021,Lihou,ROV,Dive_1_T5,53.3,outer_reef,Pterocaesio tile,1,Jul_21_44399_Lihou_ROV_Dive_1_T5,0:03:20
Jul_21,22/7/2021,Lihou,ROV,Dive_1_T5,53.3,outer_reef,Pterocaesio tile,1,Jul_21_44399_Lihou_ROV_Dive_1_T5,0:03:20
Jul_21,22/7/2021,Lihou,ROV,Dive_1_T5,53.3,outer_reef,Pterocaesio tile,1,Jul_21_44399_Lihou_ROV_Dive_1_T5,0:03:20
Jul_21,22/7/2021,Lihou,ROV,Dive_1_T5,53.3,outer_reef,Pterocaesio tile,1,Jul_21_44399_Lihou_ROV_Dive_1_T5,0:03:20
Jul_21,22/7/2021,Lihou,ROV,Dive_1_T5,53.3,outer_reef,Pterocaesio tile,1,Jul_21_44399_Lihou_ROV_Dive_1_T5,0:03:20
Jul_21,22/7/2021,Lihou,ROV,Dive_1_T5,53.3,outer_reef,Pterocaesio tile,1,Jul_21_44399_Lihou_ROV_Dive_1_T5,0:03:20
Jul_21,22/7/2021,Lihou,ROV,Dive_1_T5,53.3,outer_reef,Pterocaesio tile,1,Jul_21_44399_Lihou_ROV_Dive_1_T5,0:03:20
Jul_21,22/7/2021,Lihou,ROV,Dive_1_T5,53.3,outer_reef,Pterocaesio tile,1,Jul_21_44399_Lihou_ROV_Dive_1_T5,0:03:20
Jul_21,22/7/2021,Lihou,ROV,Dive_1_T5,53.3,outer_reef,Pterocaesio tile,1,Jul_21_44399_Lihou_ROV_Dive_1_T5,0:03:20
Jul_21,22/7/2021,Lihou,ROV,Dive_1_T5,53.3,outer_reef,Pterocaesio tile,1,Jul_21_44399_Lihou_ROV_Dive_1_T5,0:03:20
Jul_21,22/7/2021,Lihou,ROV,Dive_1_T5,53.3,outer_reef,Pterocaesio tile,1,Jul_21_44399_Lihou_ROV_Dive_1_T5,0:03:20
Jul_21,22/7/2021,Lihou,ROV,Dive_1_T5,53.3,outer_reef,Genicanthus melanospilos,1,Jul_21_44399_Lihou_ROV_Dive_1_T5,0:03:20
Jul_21,22/7/2021,Lihou,ROV,Dive_1_T5,53.3,outer_reef,Pterocaesio tile,1,Jul_21_44399_Lihou_ROV_Dive_1_T5,0:03:20
Jul_21,22/7/2021,Lihou,ROV,Dive_1_T5,53.3,outer_reef,Pterocaesio tile,1,Jul_21_44399_Lihou_ROV_Dive_1_T5,0:03:20
Jul_21,22/7/2021,Lihou,ROV,Dive_1_T5,53.3,outer_reef,Pterocaesio tile,1,Jul_21_44399_Lihou_ROV_Dive_1_T5,0:03:20
Jul_21,22/7/2021,Lihou,ROV,Dive_1_T5,53.3,outer_reef,Bodianus loxozonus,1,Jul_21_44399_Lihou_ROV_Dive_1_T5,0:03:20
Jul_21,22/7/2021,Lihou,ROV,Dive_1_T5,53.3,outer_reef,Acanthurus thompsoni,1,Jul_21_44399_Lihou_ROV_Dive_1_T5,0:03:20
Jul_21,22/7/2021,Lihou,ROV,Dive_1_T5,53.3,outer_reef,Acanthurus thompsoni,1,Jul_21_44399_Lihou_ROV_Dive_1_T5,0:03:20
Jul_21,22/7/2021,Lihou,ROV,Dive_1_T5,53.3,outer_reef,Acanthurus thompsoni,1,Jul_21_44399_Lihou_ROV_Dive_1_T5,0:03:20
Jul_21,22/7/2021,Lihou,ROV,Dive_1_T5,53.3,outer_reef,Acanthurus thompsoni,1,Jul_21_44399_Lihou_ROV_Dive_1_T5,0:03:20
Jul_21,22/7/2021,Lihou,ROV,Dive_1_T5,53.3,outer_reef,Acanthurus thompsoni,1,Jul_21_44399_Lihou_ROV_Dive_1_T5,0:03:20
Jul_21,22/7/2021,Lihou,ROV,Dive_1_T5,53.3,outer_reef,Acanthurus thompsoni,1,Jul_21_44399_Lihou_ROV_Dive_1_T5,0:03:20
Jul_21,22/7/2021,Lihou,ROV,Dive_1_T5,53.3,outer_reef,Acanthurus thompsoni,1,Jul_21_44399_Lihou_ROV_Dive_1_T5,0:03:20
Jul_21,22/7/2021,Lihou,ROV,Dive_1_T5,53.3,outer_reef,Acanthurus thompsoni,1,Jul_21_44399_Lihou_ROV_Dive_1_T5,0:03:20
Jul_21,22/7/2021,Lihou,ROV,Dive_1_T5,53.3,outer_reef,Acanthurus thompsoni,1,Jul_21_44399_Lihou_ROV_Dive_1_T5,0:03:20
Jul_21,22/7/2021,Lihou,ROV,Dive_1_T5,53.3,outer_reef,Acanthurus thompsoni,1,Jul_21_44399_Lihou_ROV_Dive_1_T5,0:03:20
Jul_21,22/7/2021,Lihou,ROV,Dive_1_T5,53.3,outer_reef,Sufflamen bursa,1,Jul_21_44399_Lihou_ROV_Dive_1_T5,0:03:20
Jul_21,22/7/2021,Lihou,ROV,Dive_1_T5,53.3,outer_reef,Parupeneus multifasciatus,1,Jul_21_44399_Lihou_ROV_Dive_1_T5,0:03:20
Jul_21,22/7/2021,Lihou,ROV,Dive_1_T5,53.3,outer_reef,Apolemichthys trimaculatus,1,Jul_21_44399_Lihou_ROV_Dive_1_T5,0:03:20
Jul_21,22/7/2021,Lihou,ROV,Dive_1_T5,53.3,outer_reef,Apolemichthys trimaculatus,1,Jul_21_44399_Lihou_ROV_Dive_1_T5,0:03:20
Jul_21,22/7/2021,Lihou,ROV,Dive_1_T5,53.3,outer_reef,Apolemichthys trimaculatus,1,Jul_21_44399_Lihou_ROV_Dive_1_T5,0:03:20
Jul_21,22/7/2021,Lihou,ROV,Dive_1_T5,53.3,outer_reef,Genicanthus melanospilos,1,Jul_21_44399_Lihou_ROV_Dive_1_T5,0:03:20
Jul_21,22/7/2021,Lihou,ROV,Dive_1_T6,53.3,outer_reef,Genicanthus melanospilos,1,Jul_21_44399_Lihou_ROV_Dive_1_T6,0:03:20
Jul_21,22/7/2021,Lihou,ROV,Dive_1_T6,43.6,outer_reef,Acanthurus blochii,1,Jul_21_44399_Lihou_ROV_Dive_1_T6,0:03:20
Jul_21,22/7/2021,Lihou,ROV,Dive_1_T6,43.6,outer_reef,Naso unicornis,1,Jul_21_44399_Lihou_ROV_Dive_1_T6,0:03:20
Jul_21,22/7/2021,Lihou,ROV,Dive_1_T6,43.6,outer_reef,Acanthurus grammoptilus,1,Jul_21_44399_Lihou_ROV_Dive_1_T6,0:03:20
Jul_21,22/7/2021,Lihou,ROV,Dive_1_T6,43.6,outer_reef,Acanthurus nubilus,1,Jul_21_44399_Lihou_ROV_Dive_1_T6,0:03:20
Jul_21,22/7/2021,Lihou,ROV,Dive_1_T6,43.6,outer_reef,Chromis iomelas,1,Jul_21_44399_Lihou_ROV_Dive_1_T6,0:03:20
Jul_21,22/7/2021,Lihou,ROV,Dive_1_T6,43.6,outer_reef,Chromis iomelas,1,Jul_21_44399_Lihou_ROV_Dive_1_T6,0:03:20
Jul_21,22/7/2021,Lihou,ROV,Dive_1_T6,43.6,outer_reef,Chromis iomelas,1,Jul_21_44399_Lihou_ROV_Dive_1_T6,0:03:20
Jul_21,22/7/2021,Lihou,ROV,Dive_1_T6,43.6,outer_reef,Chromis iomelas,1,Jul_21_44399_Lihou_ROV_Dive_1_T6,0:03:20
Jul_21,22/7/2021,Lihou,ROV,Dive_1_T6,43.6,outer_reef,Chromis iomelas,1,Jul_21_44399_Lihou_ROV_Dive_1_T6,0:03:20
Jul_21,22/7/2021,Lihou,ROV,Dive_1_T6,43.6,outer_reef,Chromis iomelas,1,Jul_21_44399_Lihou_ROV_Dive_1_T6,0:03:20
Jul_21,22/7/2021,Lihou,ROV,Dive_1_T6,43.6,outer_reef,Chromis iomelas,1,Jul_21_44399_Lihou_ROV_Dive_1_T6,0:03:20
Jul_21,22/7/2021,Lihou,ROV,Dive_1_T6,43.6,outer_reef,Chromis iomelas,1,Jul_21_44399_Lihou_ROV_Dive_1_T6,0:03:20
Jul_21,22/7/2021,Lihou,ROV,Dive_1_T6,43.6,outer_reef,Chromis iomelas,1,Jul_21_44399_Lihou_ROV_Dive_1_T6,0:03:20
Jul_21,22/7/2021,Lihou,ROV,Dive_1_T6,43.6,outer_reef,Chromis iomelas,1,Jul_21_44399_Lihou_ROV_Dive_1_T6,0:03:20
Jul_21,22/7/2021,Lihou,ROV,Dive_1_T6,43.6,outer_reef,Chromis iomelas,1,Jul_21_44399_Lihou_ROV_Dive_1_T6,0:03:20
Jul_21,22/7/2021,Lihou,ROV,Dive_1_T6,43.6,outer_reef,Acanthurus olivaceus,1,Jul_21_44399_Lihou_ROV_Dive_1_T6,0:03:20
Jul_21,22/7/2021,Lihou,ROV,Dive_1_T6,43.6,outer_reef,Acanthurus olivaceus,1,Jul_21_44399_Lihou_ROV_Dive_1_T6,0:03:20
Jul_21,22/7/2021,Lihou,ROV,Dive_1_T6,43.6,outer_reef,Acanthurus pyroferus,1,Jul_21_44399_Lihou_ROV_Dive_1_T6,0:03:20
Jul_21,22/7/2021,Lihou,ROV,Dive_1_T6,43.6,outer_reef,Acanthurus pyroferus,1,Jul_21_44399_Lihou_ROV_Dive_1_T6,0:03:20
Jul_21,22/7/2021,Lihou,ROV,Dive_1_T6,43.6,outer_reef,Acanthurus olivaceus,1,Jul_21_44399_Lihou_ROV_Dive_1_T6,0:03:20
Jul_21,22/7/2021,Lihou,ROV,Dive_1_T7,43.6,outer_reef,Acanthurus olivaceus,1,Jul_21_44399_Lihou_ROV_Dive_1_T7,0:03:20
Jul_21,22/7/2021,Lihou,ROV,Dive_1_T7,34.2,outer_reef,Acanthurus olivaceus,1,Jul_21_44399_Lihou_ROV_Dive_1_T7,0:03:20
Jul_21,22/7/2021,Lihou,ROV,Dive_1_T7,34.2,outer_reef,Acanthurus olivaceus,1,Jul_21_44399_Lihou_ROV_Dive_1_T7,0:03:20
Jul_21,22/7/2021,Lihou,ROV,Dive_1_T7,34.2,outer_reef,Parupeneus cyclostomus,1,Jul_21_44399_Lihou_ROV_Dive_1_T7,0:03:20
Jul_21,22/7/2021,Lihou,ROV,Dive_1_T7,34.2,outer_reef,Parupeneus cyclostomus,1,Jul_21_44399_Lihou_ROV_Dive_1_T7,0:03:20
Jul_21,22/7/2021,Lihou,ROV,Dive_1_T7,34.2,outer_reef,Gymnocranius grandoculis,1,Jul_21_44399_Lihou_ROV_Dive_1_T7,0:03:20
Jul_21,22/7/2021,Lihou,ROV,Dive_1_T7,34.2,outer_reef,Acanthurus olivaceus,1,Jul_21_44399_Lihou_ROV_Dive_1_T7,0:03:20
Jul_21,22/7/2021,Lihou,ROV,Dive_1_T7,34.2,outer_reef,Balistoides viridescens,1,Jul_21_44399_Lihou_ROV_Dive_1_T7,0:03:20
Jul_21,22/7/2021,Lihou,ROV,Dive_1_T7,34.2,outer_reef,Acanthurus thompsoni,1,Jul_21_44399_Lihou_ROV_Dive_1_T7,0:03:20
Jul_21,22/7/2021,Lihou,ROV,Dive_1_T7,34.2,outer_reef,Acanthurus olivaceus,1,Jul_21_44399_Lihou_ROV_Dive_1_T7,0:03:20
Jul_21,22/7/2021,Lihou,ROV,Dive_1_T7,34.2,outer_reef,Dascyllus reticulatus,1,Jul_21_44399_Lihou_ROV_Dive_1_T7,0:03:20
Jul_21,22/7/2021,Lihou,ROV,Dive_1_T7,34.2,outer_reef,Dascyllus reticulatus,1,Jul_21_44399_Lihou_ROV_Dive_1_T7,0:03:20
Jul_21,22/7/2021,Lihou,ROV,Dive_1_T7,34.2,outer_reef,Sufflamen chrysopterum,1,Jul_21_44399_Lihou_ROV_Dive_1_T7,0:03:20
Jul_21,22/7/2021,Lihou,ROV,Dive_1_T7,34.2,outer_reef,Dascyllus reticulatus,1,Jul_21_44399_Lihou_ROV_Dive_1_T7,0:03:20
Jul_21,22/7/2021,Lihou,ROV,Dive_1_T7,34.2,outer_reef,Dascyllus reticulatus,1,Jul_21_44399_Lihou_ROV_Dive_1_T7,0:03:20
Jul_21,22/7/2021,Lihou,ROV,Dive_1_T7,34.2,outer_reef,Dascyllus reticulatus,1,Jul_21_44399_Lihou_ROV_Dive_1_T7,0:03:20
Jul_21,22/7/2021,Lihou,ROV,Dive_1_T7,34.2,outer_reef,Acanthurus thompsoni,1,Jul_21_44399_Lihou_ROV_Dive_1_T7,0:03:20
Jul_21,22/7/2021,Lihou,ROV,Dive_1_T7,34.2,outer_reef,Zanclus cornutus,1,Jul_21_44399_Lihou_ROV_Dive_1_T7,0:03:20
Jul_21,22/7/2021,Lihou,ROV,Dive_1_T7,34.2,outer_reef,Zanclus cornutus,1,Jul_21_44399_Lihou_ROV_Dive_1_T7,0:03:20
Jul_21,22/7/2021,Lihou,ROV,Dive_1_T7,34.2,outer_reef,Plectropomus leopardus,1,Jul_21_44399_Lihou_ROV_Dive_1_T7,0:03:20
Jul_21,22/7/2021,Lihou,ROV,Dive_1_T7,34.2,outer_reef,Acanthurus thompsoni,1,Jul_21_44399_Lihou_ROV_Dive_1_T7,0:03:20
Jul_21,22/7/2021,Lihou,ROV,Dive_1_T7,34.2,outer_reef,Acanthurus thompsoni,1,Jul_21_44399_Lihou_ROV_Dive_1_T7,0:03:20
Jul_21,22/7/2021,Lihou,ROV,Dive_1_T7,34.2,outer_reef,Acanthurus thompsoni,1,Jul_21_44399_Lihou_ROV_Dive_1_T7,0:03:20
Jul_21,22/7/2021,Lihou,ROV,Dive_1_T7,34.2,outer_reef,Acanthurus thompsoni,1,Jul_21_44399_Lihou_ROV_Dive_1_T7,0:03:20
Jul_21,22/7/2021,Lihou,ROV,Dive_1_T7,34.2,outer_reef,Acanthurus thompsoni,1,Jul_21_44399_Lihou_ROV_Dive_1_T7,0:03:20
Jul_21,22/7/2021,Lihou,ROV,Dive_1_T7,34.2,outer_reef,Acanthurus thompsoni,1,Jul_21_44399_Lihou_ROV_Dive_1_T7,0:03:20
Jul_21,22/7/2021,Lihou,ROV,Dive_1_T7,34.2,outer_reef,Acanthurus thompsoni,1,Jul_21_44399_Lihou_ROV_Dive_1_T7,0:03:20
Jul_21,22/7/2021,Lihou,ROV,Dive_1_T7,34.2,outer_reef,Acanthurus thompsoni,1,Jul_21_44399_Lihou_ROV_Dive_1_T7,0:03:20
Jul_21,22/7/2021,Lihou,ROV,Dive_1_T7,34.2,outer_reef,Plectropomus leopardus,1,Jul_21_44399_Lihou_ROV_Dive_1_T7,0:03:20
Jul_21,22/7/2021,Lihou,ROV,Dive_1_T7,34.2,outer_reef,Acanthurus olivaceus,1,Jul_21_44399_Lihou_ROV_Dive_1_T7,0:03:20
Jul_21,22/7/2021,Lihou,ROV,Dive_1_T7,34.2,outer_reef,Variola louti,1,Jul_21_44399_Lihou_ROV_Dive_1_T7,0:03:20
Jul_21,22/7/2021,Lihou,ROV,Dive_1_T7,34.2,outer_reef,Parupeneus cyclostomus,1,Jul_21_44399_Lihou_ROV_Dive_1_T7,0:03:20
Jul_21,22/7/2021,Lihou,ROV,Dive_1_T8,34.2,outer_reef,Parupeneus multifasciatus,1,Jul_21_44399_Lihou_ROV_Dive_1_T8,0:03:20
Jul_21,22/7/2021,Lihou,ROV,Dive_1_T8,25.2,outer_reef,Naso hexacanthus,1,Jul_21_44399_Lihou_ROV_Dive_1_T8,0:03:20
Jul_21,22/7/2021,Lihou,ROV,Dive_1_T8,25.2,outer_reef,Acanthurus thompsoni,1,Jul_21_44399_Lihou_ROV_Dive_1_T8,0:03:20
Jul_21,22/7/2021,Lihou,ROV,Dive_1_T8,25.2,outer_reef,Chromis iomelas,1,Jul_21_44399_Lihou_ROV_Dive_1_T8,0:03:20
Jul_21,22/7/2021,Lihou,ROV,Dive_1_T8,25.2,outer_reef,Chromis iomelas,1,Jul_21_44399_Lihou_ROV_Dive_1_T8,0:03:20
Jul_21,22/7/2021,Lihou,ROV,Dive_1_T8,25.2,outer_reef,Acanthurus thompsoni,1,Jul_21_44399_Lihou_ROV_Dive_1_T8,0:03:20
Jul_21,22/7/2021,Lihou,ROV,Dive_1_T8,25.2,outer_reef,Acanthurus thompsoni,1,Jul_21_44399_Lihou_ROV_Dive_1_T8,0:03:20
Jul_21,22/7/2021,Lihou,ROV,Dive_1_T8,25.2,outer_reef,Acanthurus nigrofuscus,1,Jul_21_44399_Lihou_ROV_Dive_1_T8,0:03:20
Jul_21,22/7/2021,Lihou,ROV,Dive_1_T8,25.2,outer_reef,Acanthurus nigrofuscus,1,Jul_21_44399_Lihou_ROV_Dive_1_T8,0:03:20
Jul_21,22/7/2021,Lihou,ROV,Dive_1_T8,25.2,outer_reef,Acanthurus nigrofuscus,1,Jul_21_44399_Lihou_ROV_Dive_1_T8,0:03:20
Jul_21,22/7/2021,Lihou,ROV,Dive_1_T8,25.2,outer_reef,Forcipiger longirostris,1,Jul_21_44399_Lihou_ROV_Dive_1_T8,0:03:20
Jul_21,22/7/2021,Lihou,ROV,Dive_1_T8,25.2,outer_reef,Centropyge bicolor,1,Jul_21_44399_Lihou_ROV_Dive_1_T8,0:03:20
Jul_21,22/7/2021,Lihou,ROV,Dive_1_T8,25.2,outer_reef,Scarus oviceps,1,Jul_21_44399_Lihou_ROV_Dive_1_T8,0:03:20
Jul_21,22/7/2021,Lihou,ROV,Dive_1_T8,25.2,outer_reef,Scarus forsteni,1,Jul_21_44399_Lihou_ROV_Dive_1_T8,0:03:20
Jul_21,22/7/2021,Lihou,ROV,Dive_1_T8,25.2,outer_reef,Halichoeres chrysus,1,Jul_21_44399_Lihou_ROV_Dive_1_T8,0:03:20
Jul_21,22/7/2021,Lihou,ROV,Dive_1_T8,25.2,outer_reef,Balistoides conspicillum,1,Jul_21_44399_Lihou_ROV_Dive_1_T8,0:03:20
Jul_21,22/7/2021,Lihou,ROV,Dive_1_T8,25.2,outer_reef,Acanthurus pyroferus,1,Jul_21_44399_Lihou_ROV_Dive_1_T8,0:03:20
Jul_21,22/7/2021,Lihou,ROV,Dive_1_T8,25.2,outer_reef,Acanthurus pyroferus,1,Jul_21_44399_Lihou_ROV_Dive_1_T8,0:03:20
Jul_21,22/7/2021,Lihou,ROV,Dive_1_T8,25.2,outer_reef,Scarus chameleon,1,Jul_21_44399_Lihou_ROV_Dive_1_T8,0:03:20
Jul_21,22/7/2021,Lihou,ROV,Dive_1_T8,25.2,outer_reef,Plectropomus leopardus,1,Jul_21_44399_Lihou_ROV_Dive_1_T8,0:03:20
Jul_21,22/7/2021,Lihou,ROV,Dive_1_T8,25.2,outer_reef,Acanthurus pyroferus,1,Jul_21_44399_Lihou_ROV_Dive_1_T8,0:03:20
Jul_21,22/7/2021,Lihou,ROV,Dive_1_T8,25.2,outer_reef,Lutjanus kasmira,1,Jul_21_44399_Lihou_ROV_Dive_1_T8,0:03:20
Jul_21,22/7/2021,Lihou,ROV,Dive_1_T8,25.2,outer_reef,Zebrasoma velifer,1,Jul_21_44399_Lihou_ROV_Dive_1_T8,0:03:20
Jul_21,22/7/2021,Lihou,ROV,Dive_1_T8,25.2,outer_reef,Acanthurus thompsoni,1,Jul_21_44399_Lihou_ROV_Dive_1_T8,0:03:20
Jul_21,22/7/2021,Lihou,ROV,Dive_1_T8,25.2,outer_reef,Zanclus cornutus,1,Jul_21_44399_Lihou_ROV_Dive_1_T8,0:03:20
Jul_21,22/7/2021,Lihou,ROV,Dive_1_T8,25.2,outer_reef,Naso lituratus,1,Jul_21_44399_Lihou_ROV_Dive_1_T8,0:03:20
Jul_21,22/7/2021,Lihou,ROV,Dive_1_T8,25.2,outer_reef,Acanthurus thompsoni,1,Jul_21_44399_Lihou_ROV_Dive_1_T8,0:03:20
Jul_21,22/7/2021,Lihou,ROV,Dive_1_T8,25.2,outer_reef,Acanthurus pyroferus,1,Jul_21_44399_Lihou_ROV_Dive_1_T8,0:03:20
Jul_21,22/7/2021,Lihou,ROV,Dive_1_T8,25.2,outer_reef,Chromis iomelas,1,Jul_21_44399_Lihou_ROV_Dive_1_T8,0:03:20
Jul_21,22/7/2021,Lihou,ROV,Dive_1_T8,25.2,outer_reef,Chromis iomelas,1,Jul_21_44399_Lihou_ROV_Dive_1_T8,0:03:20
Jul_21,22/7/2021,Lihou,ROV,Dive_1_T8,25.2,outer_reef,Genicanthus melanospilos,1,Jul_21_44399_Lihou_ROV_Dive_1_T8,0:03:20
Jul_21,22/7/2021,Lihou,ROV,Dive_1_T8,25.2,outer_reef,Zanclus cornutus,1,Jul_21_44399_Lihou_ROV_Dive_1_T8,0:03:20
Jul_21,22/7/2021,Lihou,ROV,Dive_1_T8,25.2,outer_reef,Bodianus diana,1,Jul_21_44399_Lihou_ROV_Dive_1_T8,0:03:20
Jul_21,22/7/2021,Lihou,ROV,Dive_1_T8,25.2,outer_reef,Acanthurus pyroferus,1,Jul_21_44399_Lihou_ROV_Dive_1_T8,0:03:20
Jul_21,22/7/2021,Lihou,ROV,Dive_1_T8,25.2,outer_reef,Pomacentrus moluccensis,1,Jul_21_44399_Lihou_ROV_Dive_1_T8,0:03:20
Jul_21,22/7/2021,Lihou,ROV,Dive_1_T8,25.2,outer_reef,Pomacentrus moluccensis,1,Jul_21_44399_Lihou_ROV_Dive_1_T8,0:03:20
Jul_21,22/7/2021,Lihou,ROV,Dive_1_T8,25.2,outer_reef,Acanthurus pyroferus,1,Jul_21_44399_Lihou_ROV_Dive_1_T8,0:03:20
Jul_21,22/7/2021,Lihou,ROV,Dive_1_T8,25.2,outer_reef,Acanthurus blochii,1,Jul_21_44399_Lihou_ROV_Dive_1_T8,0:03:20
Jul_21,22/7/2021,Lihou,ROV,Dive_1_T8,25.2,outer_reef,Parupeneus multifasciatus,1,Jul_21_44399_Lihou_ROV_Dive_1_T8,0:03:20
Jul_21,22/7/2021,Lihou,ROV,Dive_1_T8,25.2,outer_reef,Scarus globiceps,1,Jul_21_44399_Lihou_ROV_Dive_1_T8,0:03:20
Jul_21,22/7/2021,Lihou,ROV,Dive_1_T8,25.2,outer_reef,Monotaxis grandoculis,1,Jul_21_44399_Lihou_ROV_Dive_1_T8,0:03:20
Jul_21,22/7/2021,Lihou,ROV,Dive_1_T8,25.2,outer_reef,Acanthurus thompsoni,1,Jul_21_44399_Lihou_ROV_Dive_1_T8,0:03:20
Jul_21,22/7/2021,Lihou,ROV,Dive_1_T8,25.2,outer_reef,Acanthurus thompsoni,1,Jul_21_44399_Lihou_ROV_Dive_1_T8,0:03:20
Jul_21,22/7/2021,Lihou,ROV,Dive_1_T8,25.2,outer_reef,Chaetodon kleinii,1,Jul_21_44399_Lihou_ROV_Dive_1_T8,0:03:20
Jul_21,22/7/2021,Lihou,ROV,Dive_1_T8,25.2,outer_reef,Chaetodon kleinii,1,Jul_21_44399_Lihou_ROV_Dive_1_T8,0:03:20
Jul_21,22/7/2021,Lihou,ROV,Dive_1_T8,25.2,outer_reef,Acanthurus thompsoni,1,Jul_21_44399_Lihou_ROV_Dive_1_T8,0:03:20
Jul_21,22/7/2021,Lihou,ROV,Dive_1_T8,25.2,outer_reef,Acanthurus nigrofuscus,1,Jul_21_44399_Lihou_ROV_Dive_1_T8,0:03:20
Jul_21,22/7/2021,Lihou,ROV,Dive_1_T8,25.2,outer_reef,Acanthurus nigrofuscus,1,Jul_21_44399_Lihou_ROV_Dive_1_T8,0:03:20
Jul_21,22/7/2021,Lihou,ROV,Dive_1_T8,25.2,outer_reef,Acanthurus nigrofuscus,1,Jul_21_44399_Lihou_ROV_Dive_1_T8,0:03:20
Jul_21,22/7/2021,Lihou,ROV,Dive_1_T8,25.2,outer_reef,Acanthurus nigrofuscus,1,Jul_21_44399_Lihou_ROV_Dive_1_T8,0:03:20
Jul_21,22/7/2021,Lihou,ROV,Dive_1_T8,25.2,outer_reef,Chromis iomelas,1,Jul_21_44399_Lihou_ROV_Dive_1_T8,0:03:20
Jul_21,22/7/2021,Lihou,ROV,Dive_1_T8,25.2,outer_reef,Chromis iomelas,1,Jul_21_44399_Lihou_ROV_Dive_1_T8,0:03:20
Jul_21,22/7/2021,Lihou,ROV,Dive_1_T8,25.2,outer_reef,Chromis iomelas,1,Jul_21_44399_Lihou_ROV_Dive_1_T8,0:03:20
Jul_21,22/7/2021,Lihou,ROV,Dive_1_T8,25.2,outer_reef,Parupeneus multifasciatus,1,Jul_21_44399_Lihou_ROV_Dive_1_T8,0:03:20
Jul_21,22/7/2021,Lihou,ROV,Dive_1_T9,25.2,outer_reef,Acanthurus nigrofuscus,1,Jul_21_44399_Lihou_ROV_Dive_1_T9,0:03:20
Jul_21,22/7/2021,Lihou,ROV,Dive_1_T9,17.3,outer_reef,Chromis iomelas,1,Jul_21_44399_Lihou_ROV_Dive_1_T9,0:03:20
Jul_21,22/7/2021,Lihou,ROV,Dive_1_T9,17.3,outer_reef,Chromis iomelas,1,Jul_21_44399_Lihou_ROV_Dive_1_T9,0:03:20
Jul_21,22/7/2021,Lihou,ROV,Dive_1_T9,17.3,outer_reef,Acanthurus thompsoni,1,Jul_21_44399_Lihou_ROV_Dive_1_T9,0:03:20
Jul_21,22/7/2021,Lihou,ROV,Dive_1_T9,17.3,outer_reef,Acanthurus thompsoni,1,Jul_21_44399_Lihou_ROV_Dive_1_T9,0:03:20
Jul_21,22/7/2021,Lihou,ROV,Dive_1_T9,17.3,outer_reef,Acanthurus nigrofuscus,1,Jul_21_44399_Lihou_ROV_Dive_1_T9,0:03:20
Jul_21,22/7/2021,Lihou,ROV,Dive_1_T9,17.3,outer_reef,Acanthurus nigrofuscus,1,Jul_21_44399_Lihou_ROV_Dive_1_T9,0:03:20
Jul_21,22/7/2021,Lihou,ROV,Dive_1_T9,17.3,outer_reef,Acanthurus nigrofuscus,1,Jul_21_44399_Lihou_ROV_Dive_1_T9,0:03:20
Jul_21,22/7/2021,Lihou,ROV,Dive_1_T9,17.3,outer_reef,Acanthurus pyroferus,1,Jul_21_44399_Lihou_ROV_Dive_1_T9,0:03:20
Jul_21,22/7/2021,Lihou,ROV,Dive_1_T9,17.3,outer_reef,Chaetodon flavirostris,1,Jul_21_44399_Lihou_ROV_Dive_1_T9,0:03:20
Jul_21,22/7/2021,Lihou,ROV,Dive_1_T9,17.3,outer_reef,Chaetodon flavirostris,1,Jul_21_44399_Lihou_ROV_Dive_1_T9,0:03:20
Jul_21,22/7/2021,Lihou,ROV,Dive_1_T9,17.3,outer_reef,Hemitaurichthys polylepis,1,Jul_21_44399_Lihou_ROV_Dive_1_T9,0:03:20
Jul_21,22/7/2021,Lihou,ROV,Dive_1_T9,17.3,outer_reef,Hemitaurichthys polylepis,1,Jul_21_44399_Lihou_ROV_Dive_1_T9,0:03:20
Jul_21,22/7/2021,Lihou,ROV,Dive_1_T9,17.3,outer_reef,Hemitaurichthys polylepis,1,Jul_21_44399_Lihou_ROV_Dive_1_T9,0:03:20
Jul_21,22/7/2021,Lihou,ROV,Dive_1_T9,17.3,outer_reef,Hemitaurichthys polylepis,1,Jul_21_44399_Lihou_ROV_Dive_1_T9,0:03:20
Jul_21,22/7/2021,Lihou,ROV,Dive_1_T9,17.3,outer_reef,Hemitaurichthys polylepis,1,Jul_21_44399_Lihou_ROV_Dive_1_T9,0:03:20
Jul_21,22/7/2021,Lihou,ROV,Dive_1_T9,17.3,outer_reef,Hemitaurichthys polylepis,1,Jul_21_44399_Lihou_ROV_Dive_1_T9,0:03:20
Jul_21,22/7/2021,Lihou,ROV,Dive_1_T9,17.3,outer_reef,Hemitaurichthys polylepis,1,Jul_21_44399_Lihou_ROV_Dive_1_T9,0:03:20
Jul_21,22/7/2021,Lihou,ROV,Dive_1_T9,17.3,outer_reef,Hemitaurichthys polylepis,1,Jul_21_44399_Lihou_ROV_Dive_1_T9,0:03:20
Jul_21,22/7/2021,Lihou,ROV,Dive_1_T9,17.3,outer_reef,Hemitaurichthys polylepis,1,Jul_21_44399_Lihou_ROV_Dive_1_T9,0:03:20
Jul_21,22/7/2021,Lihou,ROV,Dive_1_T9,17.3,outer_reef,Hemitaurichthys polylepis,1,Jul_21_44399_Lihou_ROV_Dive_1_T9,0:03:20
Jul_21,22/7/2021,Lihou,ROV,Dive_1_T9,17.3,outer_reef,Hemitaurichthys polylepis,1,Jul_21_44399_Lihou_ROV_Dive_1_T9,0:03:20
Jul_21,22/7/2021,Lihou,ROV,Dive_1_T9,17.3,outer_reef,Hemitaurichthys polylepis,1,Jul_21_44399_Lihou_ROV_Dive_1_T9,0:03:20
Jul_21,22/7/2021,Lihou,ROV,Dive_1_T9,17.3,outer_reef,Acanthochromis polyacanthus,1,Jul_21_44399_Lihou_ROV_Dive_1_T9,0:03:20
Jul_21,22/7/2021,Lihou,ROV,Dive_1_T9,17.3,outer_reef,Hemitaurichthys polylepis,1,Jul_21_44399_Lihou_ROV_Dive_1_T9,0:03:20
Jul_21,22/7/2021,Lihou,ROV,Dive_1_T9,17.3,outer_reef,Hemitaurichthys polylepis,1,Jul_21_44399_Lihou_ROV_Dive_1_T9,0:03:20
Jul_21,22/7/2021,Lihou,ROV,Dive_1_T9,17.3,outer_reef,Hemitaurichthys polylepis,1,Jul_21_44399_Lihou_ROV_Dive_1_T9,0:03:20
Jul_21,22/7/2021,Lihou,ROV,Dive_1_T9,17.3,outer_reef,Hemitaurichthys polylepis,1,Jul_21_44399_Lihou_ROV_Dive_1_T9,0:03:20
Jul_21,22/7/2021,Lihou,ROV,Dive_1_T9,17.3,outer_reef,Hemitaurichthys polylepis,1,Jul_21_44399_Lihou_ROV_Dive_1_T9,0:03:20
Jul_21,22/7/2021,Lihou,ROV,Dive_1_T9,17.3,outer_reef,Hemitaurichthys polylepis,1,Jul_21_44399_Lihou_ROV_Dive_1_T9,0:03:20
Jul_21,22/7/2021,Lihou,ROV,Dive_1_T9,17.3,outer_reef,Hemitaurichthys polylepis,1,Jul_21_44399_Lihou_ROV_Dive_1_T9,0:03:20
Jul_21,22/7/2021,Lihou,ROV,Dive_1_T9,17.3,outer_reef,Hemitaurichthys polylepis,1,Jul_21_44399_Lihou_ROV_Dive_1_T9,0:03:20
Jul_21,22/7/2021,Lihou,ROV,Dive_1_T9,17.3,outer_reef,Hemitaurichthys polylepis,1,Jul_21_44399_Lihou_ROV_Dive_1_T9,0:03:20
Jul_21,22/7/2021,Lihou,ROV,Dive_1_T9,17.3,outer_reef,Hemitaurichthys polylepis,1,Jul_21_44399_Lihou_ROV_Dive_1_T9,0:03:20
Jul_21,22/7/2021,Lihou,ROV,Dive_1_T9,17.3,outer_reef,Hemitaurichthys polylepis,1,Jul_21_44399_Lihou_ROV_Dive_1_T9,0:03:20
Jul_21,22/7/2021,Lihou,ROV,Dive_1_T9,17.3,outer_reef,Hemitaurichthys polylepis,1,Jul_21_44399_Lihou_ROV_Dive_1_T9,0:03:20
Jul_21,22/7/2021,Lihou,ROV,Dive_1_T9,17.3,outer_reef,Hemitaurichthys polylepis,1,Jul_21_44399_Lihou_ROV_Dive_1_T9,0:03:20
Jul_21,22/7/2021,Lihou,ROV,Dive_1_T9,17.3,outer_reef,Hemitaurichthys polylepis,1,Jul_21_44399_Lihou_ROV_Dive_1_T9,0:03:20
Jul_21,22/7/2021,Lihou,ROV,Dive_1_T9,17.3,outer_reef,Hemitaurichthys polylepis,1,Jul_21_44399_Lihou_ROV_Dive_1_T9,0:03:20
Jul_21,22/7/2021,Lihou,ROV,Dive_1_T9,17.3,outer_reef,Hemitaurichthys polylepis,1,Jul_21_44399_Lihou_ROV_Dive_1_T9,0:03:20
Jul_21,22/7/2021,Lihou,ROV,Dive_1_T9,17.3,outer_reef,Hemitaurichthys polylepis,1,Jul_21_44399_Lihou_ROV_Dive_1_T9,0:03:20
Jul_21,22/7/2021,Lihou,ROV,Dive_1_T9,17.3,outer_reef,Hemitaurichthys polylepis,1,Jul_21_44399_Lihou_ROV_Dive_1_T9,0:03:20
Jul_21,22/7/2021,Lihou,ROV,Dive_1_T9,17.3,outer_reef,Hemitaurichthys polylepis,1,Jul_21_44399_Lihou_ROV_Dive_1_T9,0:03:20
Jul_21,22/7/2021,Lihou,ROV,Dive_1_T9,17.3,outer_reef,Hemitaurichthys polylepis,1,Jul_21_44399_Lihou_ROV_Dive_1_T9,0:03:20
Jul_21,22/7/2021,Lihou,ROV,Dive_1_T9,17.3,outer_reef,Hemitaurichthys polylepis,1,Jul_21_44399_Lihou_ROV_Dive_1_T9,0:03:20
Jul_21,22/7/2021,Lihou,ROV,Dive_1_T9,17.3,outer_reef,Hemitaurichthys polylepis,1,Jul_21_44399_Lihou_ROV_Dive_1_T9,0:03:20
Jul_21,22/7/2021,Lihou,ROV,Dive_1_T9,17.3,outer_reef,Hemitaurichthys polylepis,1,Jul_21_44399_Lihou_ROV_Dive_1_T9,0:03:20
Jul_21,22/7/2021,Lihou,ROV,Dive_1_T9,17.3,outer_reef,Hemitaurichthys polylepis,1,Jul_21_44399_Lihou_ROV_Dive_1_T9,0:03:20
Jul_21,22/7/2021,Lihou,ROV,Dive_1_T9,17.3,outer_reef,Hemitaurichthys polylepis,1,Jul_21_44399_Lihou_ROV_Dive_1_T9,0:03:20
Jul_21,22/7/2021,Lihou,ROV,Dive_1_T9,17.3,outer_reef,Hemitaurichthys polylepis,1,Jul_21_44399_Lihou_ROV_Dive_1_T9,0:03:20
Jul_21,22/7/2021,Lihou,ROV,Dive_1_T9,17.3,outer_reef,Hemitaurichthys polylepis,1,Jul_21_44399_Lihou_ROV_Dive_1_T9,0:03:20
Jul_21,22/7/2021,Lihou,ROV,Dive_1_T9,17.3,outer_reef,Hemitaurichthys polylepis,1,Jul_21_44399_Lihou_ROV_Dive_1_T9,0:03:20
Jul_21,22/7/2021,Lihou,ROV,Dive_1_T9,17.3,outer_reef,Hemitaurichthys polylepis,1,Jul_21_44399_Lihou_ROV_Dive_1_T9,0:03:20
Jul_21,22/7/2021,Lihou,ROV,Dive_1_T9,17.3,outer_reef,Hemitaurichthys polylepis,1,Jul_21_44399_Lihou_ROV_Dive_1_T9,0:03:20
Jul_21,22/7/2021,Lihou,ROV,Dive_1_T9,17.3,outer_reef,Hemitaurichthys polylepis,1,Jul_21_44399_Lihou_ROV_Dive_1_T9,0:03:20
Jul_21,22/7/2021,Lihou,ROV,Dive_1_T9,17.3,outer_reef,Hemitaurichthys polylepis,1,Jul_21_44399_Lihou_ROV_Dive_1_T9,0:03:20
Jul_21,22/7/2021,Lihou,ROV,Dive_1_T9,17.3,outer_reef,Hemitaurichthys polylepis,1,Jul_21_44399_Lihou_ROV_Dive_1_T9,0:03:20
Jul_21,22/7/2021,Lihou,ROV,Dive_1_T9,17.3,outer_reef,Hemitaurichthys polylepis,1,Jul_21_44399_Lihou_ROV_Dive_1_T9,0:03:20
Jul_21,22/7/2021,Lihou,ROV,Dive_1_T9,17.3,outer_reef,Hemitaurichthys polylepis,1,Jul_21_44399_Lihou_ROV_Dive_1_T9,0:03:20
Jul_21,22/7/2021,Lihou,ROV,Dive_1_T9,17.3,outer_reef,Hemitaurichthys polylepis,1,Jul_21_44399_Lihou_ROV_Dive_1_T9,0:03:20
Jul_21,22/7/2021,Lihou,ROV,Dive_1_T10,17.3,outer_reef,Hemitaurichthys polylepis,1,Jul_21_44399_Lihou_ROV_Dive_1_T10,0:03:20
Jul_21,22/7/2021,Lihou,ROV,Dive_1_T10,9,outer_reef,Hemitaurichthys polylepis,1,Jul_21_44399_Lihou_ROV_Dive_1_T10,0:03:20
Jul_21,22/7/2021,Lihou,ROV,Dive_1_T10,9,outer_reef,Acanthurus blochii,1,Jul_21_44399_Lihou_ROV_Dive_1_T10,0:03:20
Jul_21,22/7/2021,Lihou,ROV,Dive_1_T10,9,outer_reef,Pterocaesio tile,1,Jul_21_44399_Lihou_ROV_Dive_1_T10,0:03:20
Jul_21,22/7/2021,Lihou,ROV,Dive_1_T10,9,outer_reef,Pterocaesio tile,1,Jul_21_44399_Lihou_ROV_Dive_1_T10,0:03:20
Jul_21,22/7/2021,Lihou,ROV,Dive_1_T10,9,outer_reef,Pterocaesio tile,1,Jul_21_44399_Lihou_ROV_Dive_1_T10,0:03:20
Jul_21,22/7/2021,Lihou,ROV,Dive_1_T10,9,outer_reef,Pterocaesio tile,1,Jul_21_44399_Lihou_ROV_Dive_1_T10,0:03:20
Jul_21,22/7/2021,Lihou,ROV,Dive_1_T10,9,outer_reef,Pterocaesio tile,1,Jul_21_44399_Lihou_ROV_Dive_1_T10,0:03:20
Jul_21,22/7/2021,Lihou,ROV,Dive_1_T10,9,outer_reef,Pterocaesio tile,1,Jul_21_44399_Lihou_ROV_Dive_1_T10,0:03:20
Jul_21,22/7/2021,Lihou,ROV,Dive_1_T10,9,outer_reef,Pterocaesio tile,1,Jul_21_44399_Lihou_ROV_Dive_1_T10,0:03:20
Jul_21,22/7/2021,Lihou,ROV,Dive_1_T10,9,outer_reef,Pterocaesio tile,1,Jul_21_44399_Lihou_ROV_Dive_1_T10,0:03:20
Jul_21,22/7/2021,Lihou,ROV,Dive_1_T10,9,outer_reef,Pterocaesio tile,1,Jul_21_44399_Lihou_ROV_Dive_1_T10,0:03:20
Jul_21,22/7/2021,Lihou,ROV,Dive_1_T10,9,outer_reef,Pterocaesio tile,1,Jul_21_44399_Lihou_ROV_Dive_1_T10,0:03:20
Jul_21,22/7/2021,Lihou,ROV,Dive_1_T10,9,outer_reef,Pterocaesio tile,1,Jul_21_44399_Lihou_ROV_Dive_1_T10,0:03:20
Jul_21,22/7/2021,Lihou,ROV,Dive_1_T10,9,outer_reef,Pterocaesio tile,1,Jul_21_44399_Lihou_ROV_Dive_1_T10,0:03:20
Jul_21,22/7/2021,Lihou,ROV,Dive_1_T10,9,outer_reef,Pterocaesio tile,1,Jul_21_44399_Lihou_ROV_Dive_1_T10,0:03:20
Jul_21,22/7/2021,Lihou,ROV,Dive_1_T10,9,outer_reef,Pterocaesio tile,1,Jul_21_44399_Lihou_ROV_Dive_1_T10,0:03:20
Jul_21,22/7/2021,Lihou,ROV,Dive_1_T10,9,outer_reef,Pterocaesio tile,1,Jul_21_44399_Lihou_ROV_Dive_1_T10,0:03:20
Jul_21,22/7/2021,Lihou,ROV,Dive_1_T10,9,outer_reef,Pterocaesio tile,1,Jul_21_44399_Lihou_ROV_Dive_1_T10,0:03:20
Jul_21,22/7/2021,Lihou,ROV,Dive_1_T10,9,outer_reef,Pterocaesio tile,1,Jul_21_44399_Lihou_ROV_Dive_1_T10,0:03:20
Jul_21,22/7/2021,Lihou,ROV,Dive_1_T10,9,outer_reef,Pterocaesio tile,1,Jul_21_44399_Lihou_ROV_Dive_1_T10,0:03:20
Jul_21,22/7/2021,Lihou,ROV,Dive_1_T10,9,outer_reef,Pterocaesio tile,1,Jul_21_44399_Lihou_ROV_Dive_1_T10,0:03:20
Jul_21,22/7/2021,Lihou,ROV,Dive_1_T10,9,outer_reef,Pterocaesio tile,1,Jul_21_44399_Lihou_ROV_Dive_1_T10,0:03:20
Jul_21,22/7/2021,Lihou,ROV,Dive_1_T10,9,outer_reef,Pterocaesio tile,1,Jul_21_44399_Lihou_ROV_Dive_1_T10,0:03:20
Jul_21,22/7/2021,Lihou,ROV,Dive_1_T10,9,outer_reef,Pterocaesio tile,1,Jul_21_44399_Lihou_ROV_Dive_1_T10,0:03:20
Jul_21,22/7/2021,Lihou,ROV,Dive_1_T10,9,outer_reef,Pterocaesio tile,1,Jul_21_44399_Lihou_ROV_Dive_1_T10,0:03:20
Jul_21,22/7/2021,Lihou,ROV,Dive_1_T10,9,outer_reef,Pterocaesio tile,1,Jul_21_44399_Lihou_ROV_Dive_1_T10,0:03:20
Jul_21,22/7/2021,Lihou,ROV,Dive_1_T10,9,outer_reef,Pterocaesio tile,1,Jul_21_44399_Lihou_ROV_Dive_1_T10,0:03:20
Jul_21,22/7/2021,Lihou,ROV,Dive_1_T10,9,outer_reef,Pterocaesio tile,1,Jul_21_44399_Lihou_ROV_Dive_1_T10,0:03:20
Jul_21,22/7/2021,Lihou,ROV,Dive_1_T10,9,outer_reef,Pterocaesio tile,1,Jul_21_44399_Lihou_ROV_Dive_1_T10,0:03:20
Jul_21,22/7/2021,Lihou,ROV,Dive_1_T10,9,outer_reef,Pterocaesio tile,1,Jul_21_44399_Lihou_ROV_Dive_1_T10,0:03:20
Jul_21,22/7/2021,Lihou,ROV,Dive_1_T10,9,outer_reef,Pterocaesio tile,1,Jul_21_44399_Lihou_ROV_Dive_1_T10,0:03:20
Jul_21,22/7/2021,Lihou,ROV,Dive_1_T10,9,outer_reef,Pterocaesio tile,1,Jul_21_44399_Lihou_ROV_Dive_1_T10,0:03:20
Jul_21,22/7/2021,Lihou,ROV,Dive_1_T10,9,outer_reef,Pterocaesio tile,1,Jul_21_44399_Lihou_ROV_Dive_1_T10,0:03:20
Jul_21,22/7/2021,Lihou,ROV,Dive_1_T10,9,outer_reef,Pterocaesio tile,1,Jul_21_44399_Lihou_ROV_Dive_1_T10,0:03:20
Jul_21,22/7/2021,Lihou,ROV,Dive_1_T10,9,outer_reef,Pterocaesio tile,1,Jul_21_44399_Lihou_ROV_Dive_1_T10,0:03:20
Jul_21,22/7/2021,Lihou,ROV,Dive_1_T10,9,outer_reef,Pterocaesio tile,1,Jul_21_44399_Lihou_ROV_Dive_1_T10,0:03:20
Jul_21,22/7/2021,Lihou,ROV,Dive_1_T10,9,outer_reef,Pterocaesio tile,1,Jul_21_44399_Lihou_ROV_Dive_1_T10,0:03:20
Jul_21,22/7/2021,Lihou,ROV,Dive_1_T10,9,outer_reef,Pterocaesio tile,1,Jul_21_44399_Lihou_ROV_Dive_1_T10,0:03:20
Jul_21,22/7/2021,Lihou,ROV,Dive_1_T10,9,outer_reef,Pterocaesio tile,1,Jul_21_44399_Lihou_ROV_Dive_1_T10,0:03:20
Jul_21,22/7/2021,Lihou,ROV,Dive_1_T10,9,outer_reef,Pterocaesio tile,1,Jul_21_44399_Lihou_ROV_Dive_1_T10,0:03:20
Jul_21,22/7/2021,Lihou,ROV,Dive_1_T10,9,outer_reef,Pterocaesio tile,1,Jul_21_44399_Lihou_ROV_Dive_1_T10,0:03:20
Jul_21,22/7/2021,Lihou,ROV,Dive_1_T10,9,outer_reef,Pterocaesio tile,1,Jul_21_44399_Lihou_ROV_Dive_1_T10,0:03:20
Jul_21,22/7/2021,Lihou,ROV,Dive_1_T10,9,outer_reef,Pterocaesio tile,1,Jul_21_44399_Lihou_ROV_Dive_1_T10,0:03:20
Jul_21,22/7/2021,Lihou,ROV,Dive_1_T10,9,outer_reef,Pterocaesio tile,1,Jul_21_44399_Lihou_ROV_Dive_1_T10,0:03:20
Jul_21,22/7/2021,Lihou,ROV,Dive_1_T10,9,outer_reef,Pterocaesio tile,1,Jul_21_44399_Lihou_ROV_Dive_1_T10,0:03:20
Jul_21,22/7/2021,Lihou,ROV,Dive_1_T10,9,outer_reef,Pterocaesio tile,1,Jul_21_44399_Lihou_ROV_Dive_1_T10,0:03:20
Jul_21,22/7/2021,Lihou,ROV,Dive_1_T10,9,outer_reef,Pterocaesio tile,1,Jul_21_44399_Lihou_ROV_Dive_1_T10,0:03:20
Jul_21,22/7/2021,Lihou,ROV,Dive_1_T10,9,outer_reef,Pterocaesio tile,1,Jul_21_44399_Lihou_ROV_Dive_1_T10,0:03:20
Jul_21,22/7/2021,Lihou,ROV,Dive_1_T10,9,outer_reef,Pterocaesio tile,1,Jul_21_44399_Lihou_ROV_Dive_1_T10,0:03:20
Jul_21,22/7/2021,Lihou,ROV,Dive_1_T10,9,outer_reef,Pterocaesio tile,1,Jul_21_44399_Lihou_ROV_Dive_1_T10,0:03:20
Jul_21,22/7/2021,Lihou,ROV,Dive_1_T10,9,outer_reef,Acanthurus blochii,1,Jul_21_44399_Lihou_ROV_Dive_1_T10,0:03:20
Jul_21,22/7/2021,Lihou,ROV,Dive_1_T10,9,outer_reef,Lutjanus gibbus,1,Jul_21_44399_Lihou_ROV_Dive_1_T10,0:03:20
Jul_21,22/7/2021,Lihou,ROV,Dive_1_T10,9,outer_reef,Acanthurus nigricans,1,Jul_21_44399_Lihou_ROV_Dive_1_T10,0:03:20
Jul_21,22/7/2021,Lihou,ROV,Dive_1_T10,9,outer_reef,Parupeneus trifasciatus,1,Jul_21_44399_Lihou_ROV_Dive_1_T10,0:03:20
Jul_21,22/7/2021,Lihou,ROV,Dive_1_T10,9,outer_reef,Parupeneus trifasciatus,1,Jul_21_44399_Lihou_ROV_Dive_1_T10,0:03:20
Jul_21,22/7/2021,Lihou,ROV,Dive_1_T10,9,outer_reef,Parupeneus trifasciatus,1,Jul_21_44399_Lihou_ROV_Dive_1_T10,0:03:20
Jul_21,22/7/2021,Lihou,ROV,Dive_1_T10,9,outer_reef,Halichoeres hortulanus,1,Jul_21_44399_Lihou_ROV_Dive_1_T10,0:03:20
Jul_21,22/7/2021,Lihou,ROV,Dive_1_T10,9,outer_reef,Chlorurus sordidus,1,Jul_21_44399_Lihou_ROV_Dive_1_T10,0:03:20
Jul_21,22/7/2021,Lihou,ROV,Dive_1_T10,9,outer_reef,Chlorurus sordidus,1,Jul_21_44399_Lihou_ROV_Dive_1_T10,0:03:20
Jul_21,22/7/2021,Lihou,ROV,Dive_1_T10,9,outer_reef,Ctenochaetus striatus,1,Jul_21_44399_Lihou_ROV_Dive_1_T10,0:03:20
Jul_21,22/7/2021,Lihou,ROV,Dive_1_T10,9,outer_reef,Acanthochromis polyacanthus,1,Jul_21_44399_Lihou_ROV_Dive_1_T10,0:03:20
Jul_21,22/7/2021,Lihou,ROV,Dive_1_T10,9,outer_reef,Acanthochromis polyacanthus,1,Jul_21_44399_Lihou_ROV_Dive_1_T10,0:03:20
Jul_21,22/7/2021,Lihou,ROV,Dive_1_T10,9,outer_reef,Acanthurus pyroferus,1,Jul_21_44399_Lihou_ROV_Dive_1_T10,0:03:20
Jul_21,22/7/2021,Lihou,ROV,Dive_1_T10,9,outer_reef,Hemitaurichthys polylepis,1,Jul_21_44399_Lihou_ROV_Dive_1_T10,0:03:20
Jul_21,22/7/2021,Lihou,ROV,Dive_1_T10,9,outer_reef,Ctenochaetus striatus,1,Jul_21_44399_Lihou_ROV_Dive_1_T10,0:03:20
Jul_21,22/7/2021,Lihou,ROV,Dive_1_T10,9,outer_reef,Ctenochaetus striatus,1,Jul_21_44399_Lihou_ROV_Dive_1_T10,0:03:20
Jul_21,22/7/2021,Lihou,ROV,Dive_1_T10,9,outer_reef,Scarus altipinnis,1,Jul_21_44399_Lihou_ROV_Dive_1_T10,0:03:20
Jul_21,22/7/2021,Lihou,ROV,Dive_1_T10,9,outer_reef,Ctenochaetus striatus,1,Jul_21_44399_Lihou_ROV_Dive_1_T10,0:03:20
Jul_21,22/7/2021,Lihou,ROV,Dive_1_T10,9,outer_reef,Ctenochaetus striatus,1,Jul_21_44399_Lihou_ROV_Dive_1_T10,0:03:20
Jul_21,22/7/2021,Lihou,ROV,Dive_1_T10,9,outer_reef,Scarus dimidiatus,1,Jul_21_44399_Lihou_ROV_Dive_1_T10,0:03:20
Jul_21,22/7/2021,Lihou,ROV,Dive_1_T10,9,outer_reef,Scarus dimidiatus,1,Jul_21_44399_Lihou_ROV_Dive_1_T10,0:03:20
Jul_21,22/7/2021,Lihou,ROV,Dive_1_T10,9,outer_reef,Chlorurus sordidus,1,Jul_21_44399_Lihou_ROV_Dive_1_T10,0:03:20
Jul_21,22/7/2021,Lihou,ROV,Dive_1_T10,9,outer_reef,Hemigymnus fasciatus,1,Jul_21_44399_Lihou_ROV_Dive_1_T10,0:03:20
Jul_21,22/7/2021,Lihou,ROV,Dive_1_T10,9,outer_reef,Ctenochaetus striatus,1,Jul_21_44399_Lihou_ROV_Dive_1_T10,0:03:20
Jul_21,22/7/2021,Lihou,ROV,Dive_1_T10,9,outer_reef,Ctenochaetus striatus,1,Jul_21_44399_Lihou_ROV_Dive_1_T10,0:03:20
Jul_21,22/7/2021,Lihou,ROV,Dive_1_T10,9,outer_reef,Acanthochromis polyacanthus,1,Jul_21_44399_Lihou_ROV_Dive_1_T10,0:03:20
Jul_21,22/7/2021,Lihou,ROV,Dive_1_T10,9,outer_reef,Acanthochromis polyacanthus,1,Jul_21_44399_Lihou_ROV_Dive_1_T10,0:03:20
Jul_21,22/7/2021,Lihou,ROV,Dive_1_T10,9,outer_reef,Dascyllus trimaculatus,1,Jul_21_44399_Lihou_ROV_Dive_1_T10,0:03:20
Jul_21,22/7/2021,Lihou,ROV,Dive_1_T10,9,outer_reef,Acanthochromis polyacanthus,1,Jul_21_44399_Lihou_ROV_Dive_1_T10,0:03:20
Jul_21,22/7/2021,Lihou,ROV,Dive_1_T10,9,outer_reef,Acanthurus nigrofuscus,1,Jul_21_44399_Lihou_ROV_Dive_1_T10,0:03:20
Jul_21,22/7/2021,Lihou,ROV,Dive_1_T10,9,outer_reef,Chromis iomelas,1,Jul_21_44399_Lihou_ROV_Dive_1_T10,0:03:20
Jul_21,22/7/2021,Lihou,ROV,Dive_1_T10,9,outer_reef,Chromis iomelas,1,Jul_21_44399_Lihou_ROV_Dive_1_T10,0:03:20
Jul_21,22/7/2021,Lihou,ROV,Dive_1_T10,9,outer_reef,Chromis iomelas,1,Jul_21_44399_Lihou_ROV_Dive_1_T10,0:03:20
Jul_21,22/7/2021,Lihou,ROV,Dive_1_T10,9,outer_reef,Chromis iomelas,1,Jul_21_44399_Lihou_ROV_Dive_1_T10,0:03:20
Jul_21,22/7/2021,Lihou,ROV,Dive_1_T10,9,outer_reef,Acanthochromis polyacanthus,1,Jul_21_44399_Lihou_ROV_Dive_1_T10,0:03:20
Jul_21,22/7/2021,Lihou,ROV,Dive_1_T10,9,outer_reef,Centropyge vrolikii,1,Jul_21_44399_Lihou_ROV_Dive_1_T10,0:03:20
Jul_21,22/7/2021,Lihou,ROV,Dive_1_T10,9,outer_reef,Chlorurus microrhinos,1,Jul_21_44399_Lihou_ROV_Dive_1_T10,0:03:20
Jul_21,22/7/2021,Lihou,ROV,Dive_1_T10,9,outer_reef,Cetoscarus ocellatus,1,Jul_21_44399_Lihou_ROV_Dive_1_T10,0:03:20
Jul_21,22/7/2021,Lihou,ROV,Dive_1_T10,9,outer_reef,Acanthurus blochii,1,Jul_21_44399_Lihou_ROV_Dive_1_T10,0:03:20
Jul_21,22/7/2021,Lihou,ROV,Dive_1_T10,9,outer_reef,Scarus niger,1,Jul_21_44399_Lihou_ROV_Dive_1_T10,0:03:20
Jul_21,22/7/2021,Lihou,ROV,Dive_1_T10,9,outer_reef,Scarus niger,1,Jul_21_44399_Lihou_ROV_Dive_1_T10,0:03:20
Jul_21,22/7/2021,Lihou,ROV,Dive_1_T10,9,outer_reef,Chaetodon unimaculatus,1,Jul_21_44399_Lihou_ROV_Dive_1_T10,0:03:20
Jul_21,22/7/2021,Lihou,ROV,Dive_1_T1,9,outer_reef,Chaetodon unimaculatus,1,Jul_21_44399_Lihou_ROV_Dive_1_T1,0:03:20
Oct_21,25/10/2021,Holmes,ROV,Dive_1_T2,98.7,outer_reef,Genicanthus melanospilos,1,Oct_21_44494_Holmes_ROV_Dive_1_T2,0:03:20
Oct_21,25/10/2021,Holmes,ROV,Dive_1_T2,91.4,outer_reef,Balistoides conspicillum,1,Oct_21_44494_Holmes_ROV_Dive_1_T2,0:03:20
Oct_21,25/10/2021,Holmes,ROV,Dive_1_T3,91.4,outer_reef,Sufflamen fraenatum,1,Oct_21_44494_Holmes_ROV_Dive_1_T3,0:03:20
Oct_21,25/10/2021,Holmes,ROV,Dive_1_T3,87.6,outer_reef,Caranx sexfasciatus,1,Oct_21_44494_Holmes_ROV_Dive_1_T3,0:03:20
Oct_21,25/10/2021,Holmes,ROV,Dive_1_T3,87.6,outer_reef,Caranx sexfasciatus,1,Oct_21_44494_Holmes_ROV_Dive_1_T3,0:03:20
Oct_21,25/10/2021,Holmes,ROV,Dive_1_T3,87.6,outer_reef,Caranx sexfasciatus,1,Oct_21_44494_Holmes_ROV_Dive_1_T3,0:03:20
Oct_21,25/10/2021,Holmes,ROV,Dive_1_T3,87.6,outer_reef,Caranx sexfasciatus,1,Oct_21_44494_Holmes_ROV_Dive_1_T3,0:03:20
Oct_21,25/10/2021,Holmes,ROV,Dive_1_T3,87.6,outer_reef,Caranx sexfasciatus,1,Oct_21_44494_Holmes_ROV_Dive_1_T3,0:03:20
Oct_21,25/10/2021,Holmes,ROV,Dive_1_T3,87.6,outer_reef,Caranx sexfasciatus,1,Oct_21_44494_Holmes_ROV_Dive_1_T3,0:03:20
Oct_21,25/10/2021,Holmes,ROV,Dive_1_T3,87.6,outer_reef,Caranx sexfasciatus,1,Oct_21_44494_Holmes_ROV_Dive_1_T3,0:03:20
Oct_21,25/10/2021,Holmes,ROV,Dive_1_T3,87.6,outer_reef,Caranx sexfasciatus,1,Oct_21_44494_Holmes_ROV_Dive_1_T3,0:03:20
Oct_21,25/10/2021,Holmes,ROV,Dive_1_T3,87.6,outer_reef,Caranx sexfasciatus,1,Oct_21_44494_Holmes_ROV_Dive_1_T3,0:03:20
Oct_21,25/10/2021,Holmes,ROV,Dive_1_T3,87.6,outer_reef,Caranx sexfasciatus,1,Oct_21_44494_Holmes_ROV_Dive_1_T3,0:03:20
Oct_21,25/10/2021,Holmes,ROV,Dive_1_T3,87.6,outer_reef,Caranx sexfasciatus,1,Oct_21_44494_Holmes_ROV_Dive_1_T3,0:03:20
Oct_21,25/10/2021,Holmes,ROV,Dive_1_T3,87.6,outer_reef,Caranx sexfasciatus,1,Oct_21_44494_Holmes_ROV_Dive_1_T3,0:03:20
Oct_21,25/10/2021,Holmes,ROV,Dive_1_T3,87.6,outer_reef,Caranx sexfasciatus,1,Oct_21_44494_Holmes_ROV_Dive_1_T3,0:03:20
Oct_21,25/10/2021,Holmes,ROV,Dive_1_T3,87.6,outer_reef,Caranx sexfasciatus,1,Oct_21_44494_Holmes_ROV_Dive_1_T3,0:03:20
Oct_21,25/10/2021,Holmes,ROV,Dive_1_T3,87.6,outer_reef,Caranx sexfasciatus,1,Oct_21_44494_Holmes_ROV_Dive_1_T3,0:03:20
Oct_21,25/10/2021,Holmes,ROV,Dive_1_T3,87.6,outer_reef,Caranx sexfasciatus,1,Oct_21_44494_Holmes_ROV_Dive_1_T3,0:03:20
Oct_21,25/10/2021,Holmes,ROV,Dive_1_T3,87.6,outer_reef,Caranx sexfasciatus,1,Oct_21_44494_Holmes_ROV_Dive_1_T3,0:03:20
Oct_21,25/10/2021,Holmes,ROV,Dive_1_T3,87.6,outer_reef,Caranx sexfasciatus,1,Oct_21_44494_Holmes_ROV_Dive_1_T3,0:03:20
Oct_21,25/10/2021,Holmes,ROV,Dive_1_T3,87.6,outer_reef,Caranx sexfasciatus,1,Oct_21_44494_Holmes_ROV_Dive_1_T3,0:03:20
Oct_21,25/10/2021,Holmes,ROV,Dive_1_T3,87.6,outer_reef,Caranx sexfasciatus,1,Oct_21_44494_Holmes_ROV_Dive_1_T3,0:03:20
Oct_21,25/10/2021,Holmes,ROV,Dive_1_T3,87.6,outer_reef,Caranx sexfasciatus,1,Oct_21_44494_Holmes_ROV_Dive_1_T3,0:03:20
Oct_21,25/10/2021,Holmes,ROV,Dive_1_T3,87.6,outer_reef,Caranx sexfasciatus,1,Oct_21_44494_Holmes_ROV_Dive_1_T3,0:03:20
Oct_21,25/10/2021,Holmes,ROV,Dive_1_T3,87.6,outer_reef,Caranx sexfasciatus,1,Oct_21_44494_Holmes_ROV_Dive_1_T3,0:03:20
Oct_21,25/10/2021,Holmes,ROV,Dive_1_T3,87.6,outer_reef,Caranx sexfasciatus,1,Oct_21_44494_Holmes_ROV_Dive_1_T3,0:03:20
Oct_21,25/10/2021,Holmes,ROV,Dive_1_T3,87.6,outer_reef,Caranx sexfasciatus,1,Oct_21_44494_Holmes_ROV_Dive_1_T3,0:03:20
Oct_21,25/10/2021,Holmes,ROV,Dive_1_T3,87.6,outer_reef,Caranx sexfasciatus,1,Oct_21_44494_Holmes_ROV_Dive_1_T3,0:03:20
Oct_21,25/10/2021,Holmes,ROV,Dive_1_T3,87.6,outer_reef,Caranx sexfasciatus,1,Oct_21_44494_Holmes_ROV_Dive_1_T3,0:03:20
Oct_21,25/10/2021,Holmes,ROV,Dive_1_T3,87.6,outer_reef,Caranx sexfasciatus,1,Oct_21_44494_Holmes_ROV_Dive_1_T3,0:03:20
Oct_21,25/10/2021,Holmes,ROV,Dive_1_T3,87.6,outer_reef,Caranx sexfasciatus,1,Oct_21_44494_Holmes_ROV_Dive_1_T3,0:03:20
Oct_21,25/10/2021,Holmes,ROV,Dive_1_T3,87.6,outer_reef,Caranx sexfasciatus,1,Oct_21_44494_Holmes_ROV_Dive_1_T3,0:03:20
Oct_21,25/10/2021,Holmes,ROV,Dive_1_T3,87.6,outer_reef,Caranx sexfasciatus,1,Oct_21_44494_Holmes_ROV_Dive_1_T3,0:03:20
Oct_21,25/10/2021,Holmes,ROV,Dive_1_T3,87.6,outer_reef,Caranx sexfasciatus,1,Oct_21_44494_Holmes_ROV_Dive_1_T3,0:03:20
Oct_21,25/10/2021,Holmes,ROV,Dive_1_T3,87.6,outer_reef,Caranx sexfasciatus,1,Oct_21_44494_Holmes_ROV_Dive_1_T3,0:03:20
Oct_21,25/10/2021,Holmes,ROV,Dive_1_T4,87.6,outer_reef,Pseudanthias pleurotaenia,1,Oct_21_44494_Holmes_ROV_Dive_1_T4,0:03:20
Oct_21,25/10/2021,Holmes,ROV,Dive_1_T4,82.2,outer_reef,Naso annulatus,1,Oct_21_44494_Holmes_ROV_Dive_1_T4,0:03:20
Oct_21,25/10/2021,Holmes,ROV,Dive_1_T4,82.2,outer_reef,Naso hexacanthus,1,Oct_21_44494_Holmes_ROV_Dive_1_T4,0:03:20
Oct_21,25/10/2021,Holmes,ROV,Dive_1_T5,82.2,outer_reef,Naso hexacanthus,1,Oct_21_44494_Holmes_ROV_Dive_1_T5,0:03:20
Oct_21,25/10/2021,Holmes,ROV,Dive_1_T5,77.4,outer_reef,Naso annulatus,1,Oct_21_44494_Holmes_ROV_Dive_1_T5,0:03:20
Oct_21,25/10/2021,Holmes,ROV,Dive_1_T5,77.4,outer_reef,Naso annulatus,1,Oct_21_44494_Holmes_ROV_Dive_1_T5,0:03:20
Oct_21,25/10/2021,Holmes,ROV,Dive_1_T5,77.4,outer_reef,Naso annulatus,1,Oct_21_44494_Holmes_ROV_Dive_1_T5,0:03:20
Oct_21,25/10/2021,Holmes,ROV,Dive_1_T5,77.4,outer_reef,Naso annulatus,1,Oct_21_44494_Holmes_ROV_Dive_1_T5,0:03:20
Oct_21,25/10/2021,Holmes,ROV,Dive_1_T5,77.4,outer_reef,Naso annulatus,1,Oct_21_44494_Holmes_ROV_Dive_1_T5,0:03:20
Oct_21,25/10/2021,Holmes,ROV,Dive_1_T5,77.4,outer_reef,Naso annulatus,1,Oct_21_44494_Holmes_ROV_Dive_1_T5,0:03:20
Oct_21,25/10/2021,Holmes,ROV,Dive_1_T5,77.4,outer_reef,Naso annulatus,1,Oct_21_44494_Holmes_ROV_Dive_1_T5,0:03:20
Oct_21,25/10/2021,Holmes,ROV,Dive_1_T5,77.4,outer_reef,Naso annulatus,1,Oct_21_44494_Holmes_ROV_Dive_1_T5,0:03:20
Oct_21,25/10/2021,Holmes,ROV,Dive_1_T5,77.4,outer_reef,Naso annulatus,1,Oct_21_44494_Holmes_ROV_Dive_1_T5,0:03:20
Oct_21,25/10/2021,Holmes,ROV,Dive_1_T5,77.4,outer_reef,Naso hexacanthus,1,Oct_21_44494_Holmes_ROV_Dive_1_T5,0:03:20
Oct_21,25/10/2021,Holmes,ROV,Dive_1_T5,77.4,outer_reef,Genicanthus melanospilos,1,Oct_21_44494_Holmes_ROV_Dive_1_T5,0:03:20
Oct_21,25/10/2021,Holmes,ROV,Dive_1_T5,77.4,outer_reef,Pomacentrus reidi,1,Oct_21_44494_Holmes_ROV_Dive_1_T5,0:03:20
Oct_21,25/10/2021,Holmes,ROV,Dive_1_T5,77.4,outer_reef,Forcipiger flavissimus,1,Oct_21_44494_Holmes_ROV_Dive_1_T5,0:03:20
Oct_21,25/10/2021,Holmes,ROV,Dive_1_T5,77.4,outer_reef,Forcipiger flavissimus,1,Oct_21_44494_Holmes_ROV_Dive_1_T5,0:03:20
Oct_21,25/10/2021,Holmes,ROV,Dive_1_T5,77.4,outer_reef,Forcipiger flavissimus,1,Oct_21_44494_Holmes_ROV_Dive_1_T5,0:03:20
Oct_21,25/10/2021,Holmes,ROV,Dive_1_T5,77.4,outer_reef,Forcipiger flavissimus,1,Oct_21_44494_Holmes_ROV_Dive_1_T5,0:03:20
Oct_21,25/10/2021,Holmes,ROV,Dive_1_T5,77.4,outer_reef,Chromis alpha,1,Oct_21_44494_Holmes_ROV_Dive_1_T5,0:03:20
Oct_21,25/10/2021,Holmes,ROV,Dive_1_T5,77.4,outer_reef,Chromis alpha,1,Oct_21_44494_Holmes_ROV_Dive_1_T5,0:03:20
Oct_21,25/10/2021,Holmes,ROV,Dive_1_T5,77.4,outer_reef,Chromis alpha,1,Oct_21_44494_Holmes_ROV_Dive_1_T5,0:03:20
Oct_21,25/10/2021,Holmes,ROV,Dive_1_T5,77.4,outer_reef,Chromis alpha,1,Oct_21_44494_Holmes_ROV_Dive_1_T5,0:03:20
Oct_21,25/10/2021,Holmes,ROV,Dive_1_T5,77.4,outer_reef,Chromis alpha,1,Oct_21_44494_Holmes_ROV_Dive_1_T5,0:03:20
Oct_21,25/10/2021,Holmes,ROV,Dive_1_T5,77.4,outer_reef,Pseudanthias pleurotaenia,1,Oct_21_44494_Holmes_ROV_Dive_1_T5,0:03:20
Oct_21,25/10/2021,Holmes,ROV,Dive_1_T5,77.4,outer_reef,Pseudanthias pleurotaenia,1,Oct_21_44494_Holmes_ROV_Dive_1_T5,0:03:20
Oct_21,25/10/2021,Holmes,ROV,Dive_1_T5,77.4,outer_reef,Pseudanthias pleurotaenia,1,Oct_21_44494_Holmes_ROV_Dive_1_T5,0:03:20
Oct_21,25/10/2021,Holmes,ROV,Dive_1_T5,77.4,outer_reef,Naso annulatus,1,Oct_21_44494_Holmes_ROV_Dive_1_T5,0:03:20
Oct_21,25/10/2021,Holmes,ROV,Dive_1_T6,77.4,outer_reef,Naso annulatus,1,Oct_21_44494_Holmes_ROV_Dive_1_T6,0:03:20
Oct_21,25/10/2021,Holmes,ROV,Dive_1_T6,71.7,outer_reef,Genicanthus melanospilos,1,Oct_21_44494_Holmes_ROV_Dive_1_T6,0:03:20
Oct_21,25/10/2021,Holmes,ROV,Dive_1_T6,71.7,outer_reef,Chromis alpha,1,Oct_21_44494_Holmes_ROV_Dive_1_T6,0:03:20
Oct_21,25/10/2021,Holmes,ROV,Dive_1_T6,71.7,outer_reef,Genicanthus melanospilos,1,Oct_21_44494_Holmes_ROV_Dive_1_T6,0:03:20
Oct_21,25/10/2021,Holmes,ROV,Dive_1_T6,71.7,outer_reef,Genicanthus melanospilos,1,Oct_21_44494_Holmes_ROV_Dive_1_T6,0:03:20
Oct_21,25/10/2021,Holmes,ROV,Dive_1_T6,71.7,outer_reef,Genicanthus melanospilos,1,Oct_21_44494_Holmes_ROV_Dive_1_T6,0:03:20
Oct_21,25/10/2021,Holmes,ROV,Dive_1_T6,71.7,outer_reef,Genicanthus melanospilos,1,Oct_21_44494_Holmes_ROV_Dive_1_T6,0:03:20
Oct_21,25/10/2021,Holmes,ROV,Dive_1_T6,71.7,outer_reef,Genicanthus melanospilos,1,Oct_21_44494_Holmes_ROV_Dive_1_T6,0:03:20
Oct_21,25/10/2021,Holmes,ROV,Dive_1_T6,71.7,outer_reef,Genicanthus melanospilos,1,Oct_21_44494_Holmes_ROV_Dive_1_T6,0:03:20
Oct_21,25/10/2021,Holmes,ROV,Dive_1_T6,71.7,outer_reef,Genicanthus melanospilos,1,Oct_21_44494_Holmes_ROV_Dive_1_T6,0:03:20
Oct_21,25/10/2021,Holmes,ROV,Dive_1_T6,71.7,outer_reef,Naso hexacanthus,1,Oct_21_44494_Holmes_ROV_Dive_1_T6,0:03:20
Oct_21,25/10/2021,Holmes,ROV,Dive_1_T6,71.7,outer_reef,Chromis weberi,1,Oct_21_44494_Holmes_ROV_Dive_1_T6,0:03:20
Oct_21,25/10/2021,Holmes,ROV,Dive_1_T6,71.7,outer_reef,Chromis weberi,1,Oct_21_44494_Holmes_ROV_Dive_1_T6,0:03:20
Oct_21,25/10/2021,Holmes,ROV,Dive_1_T6,71.7,outer_reef,Genicanthus melanospilos,1,Oct_21_44494_Holmes_ROV_Dive_1_T6,0:03:20
Oct_21,25/10/2021,Holmes,ROV,Dive_1_T6,71.7,outer_reef,Genicanthus melanospilos,1,Oct_21_44494_Holmes_ROV_Dive_1_T6,0:03:20
Oct_21,25/10/2021,Holmes,ROV,Dive_1_T7,71.7,outer_reef,Genicanthus melanospilos,1,Oct_21_44494_Holmes_ROV_Dive_1_T7,0:03:20
Oct_21,25/10/2021,Holmes,ROV,Dive_1_T7,68.2,outer_reef,Chromis alpha,1,Oct_21_44494_Holmes_ROV_Dive_1_T7,0:03:20
Oct_21,25/10/2021,Holmes,ROV,Dive_1_T7,68.2,outer_reef,Chromis alpha,1,Oct_21_44494_Holmes_ROV_Dive_1_T7,0:03:20
Oct_21,25/10/2021,Holmes,ROV,Dive_1_T7,68.2,outer_reef,Chromis weberi,1,Oct_21_44494_Holmes_ROV_Dive_1_T7,0:03:20
Oct_21,25/10/2021,Holmes,ROV,Dive_1_T7,68.2,outer_reef,Chromis weberi,1,Oct_21_44494_Holmes_ROV_Dive_1_T7,0:03:20
Oct_21,25/10/2021,Holmes,ROV,Dive_1_T7,68.2,outer_reef,Chromis weberi,1,Oct_21_44494_Holmes_ROV_Dive_1_T7,0:03:20
Oct_21,25/10/2021,Holmes,ROV,Dive_1_T7,68.2,outer_reef,Forcipiger flavissimus,1,Oct_21_44494_Holmes_ROV_Dive_1_T7,0:03:20
Oct_21,25/10/2021,Holmes,ROV,Dive_1_T7,68.2,outer_reef,Forcipiger flavissimus,1,Oct_21_44494_Holmes_ROV_Dive_1_T7,0:03:20
Oct_21,25/10/2021,Holmes,ROV,Dive_1_T7,68.2,outer_reef,Chromis alpha,1,Oct_21_44494_Holmes_ROV_Dive_1_T7,0:03:20
Oct_21,25/10/2021,Holmes,ROV,Dive_1_T7,68.2,outer_reef,Chromis alpha,1,Oct_21_44494_Holmes_ROV_Dive_1_T7,0:03:20
Oct_21,25/10/2021,Holmes,ROV,Dive_1_T7,68.2,outer_reef,Chromis alpha,1,Oct_21_44494_Holmes_ROV_Dive_1_T7,0:03:20
Oct_21,25/10/2021,Holmes,ROV,Dive_1_T7,68.2,outer_reef,Acanthurus thompsoni,1,Oct_21_44494_Holmes_ROV_Dive_1_T7,0:03:20
Oct_21,25/10/2021,Holmes,ROV,Dive_1_T7,68.2,outer_reef,Chromis alpha,1,Oct_21_44494_Holmes_ROV_Dive_1_T7,0:03:20
Oct_21,25/10/2021,Holmes,ROV,Dive_1_T7,68.2,outer_reef,Chromis alpha,1,Oct_21_44494_Holmes_ROV_Dive_1_T7,0:03:20
Oct_21,25/10/2021,Holmes,ROV,Dive_1_T7,68.2,outer_reef,Chromis alpha,1,Oct_21_44494_Holmes_ROV_Dive_1_T7,0:03:20
Oct_21,25/10/2021,Holmes,ROV,Dive_1_T7,68.2,outer_reef,Chromis alpha,1,Oct_21_44494_Holmes_ROV_Dive_1_T7,0:03:20
Oct_21,25/10/2021,Holmes,ROV,Dive_1_T7,68.2,outer_reef,Chromis alpha,1,Oct_21_44494_Holmes_ROV_Dive_1_T7,0:03:20
Oct_21,25/10/2021,Holmes,ROV,Dive_1_T7,68.2,outer_reef,Chromis alpha,1,Oct_21_44494_Holmes_ROV_Dive_1_T7,0:03:20
Oct_21,25/10/2021,Holmes,ROV,Dive_1_T7,68.2,outer_reef,Acanthurus thompsoni,1,Oct_21_44494_Holmes_ROV_Dive_1_T7,0:03:20
Oct_21,25/10/2021,Holmes,ROV,Dive_1_T7,68.2,outer_reef,Pseudanthias pleurotaenia,1,Oct_21_44494_Holmes_ROV_Dive_1_T7,0:03:20
Oct_21,25/10/2021,Holmes,ROV,Dive_1_T7,68.2,outer_reef,Genicanthus melanospilos,1,Oct_21_44494_Holmes_ROV_Dive_1_T7,0:03:20
Oct_21,25/10/2021,Holmes,ROV,Dive_1_T7,68.2,outer_reef,Genicanthus melanospilos,1,Oct_21_44494_Holmes_ROV_Dive_1_T7,0:03:20
Oct_21,25/10/2021,Holmes,ROV,Dive_1_T8,68.2,outer_reef,Pseudanthias pleurotaenia,1,Oct_21_44494_Holmes_ROV_Dive_1_T8,0:03:20
Oct_21,25/10/2021,Holmes,ROV,Dive_1_T8,61.6,outer_reef,Acanthurus thompsoni,1,Oct_21_44494_Holmes_ROV_Dive_1_T8,0:03:20
Oct_21,25/10/2021,Holmes,ROV,Dive_1_T8,61.6,outer_reef,Acanthurus thompsoni,1,Oct_21_44494_Holmes_ROV_Dive_1_T8,0:03:20
Oct_21,25/10/2021,Holmes,ROV,Dive_1_T8,61.6,outer_reef,Acanthurus pyroferus,1,Oct_21_44494_Holmes_ROV_Dive_1_T8,0:03:20
Oct_21,25/10/2021,Holmes,ROV,Dive_1_T8,61.6,outer_reef,Acanthurus thompsoni,1,Oct_21_44494_Holmes_ROV_Dive_1_T8,0:03:20
Oct_21,25/10/2021,Holmes,ROV,Dive_1_T8,61.6,outer_reef,Acanthurus thompsoni,1,Oct_21_44494_Holmes_ROV_Dive_1_T8,0:03:20
Oct_21,25/10/2021,Holmes,ROV,Dive_1_T8,61.6,outer_reef,Genicanthus melanospilos,1,Oct_21_44494_Holmes_ROV_Dive_1_T8,0:03:20
Oct_21,25/10/2021,Holmes,ROV,Dive_1_T8,61.6,outer_reef,Genicanthus melanospilos,1,Oct_21_44494_Holmes_ROV_Dive_1_T8,0:03:20
Oct_21,25/10/2021,Holmes,ROV,Dive_1_T8,61.6,outer_reef,Genicanthus melanospilos,1,Oct_21_44494_Holmes_ROV_Dive_1_T8,0:03:20
Oct_21,25/10/2021,Holmes,ROV,Dive_1_T8,61.6,outer_reef,Forcipiger flavissimus,1,Oct_21_44494_Holmes_ROV_Dive_1_T8,0:03:20
Oct_21,25/10/2021,Holmes,ROV,Dive_1_T8,61.6,outer_reef,Pomacentrus reidi,1,Oct_21_44494_Holmes_ROV_Dive_1_T8,0:03:20
Oct_21,25/10/2021,Holmes,ROV,Dive_1_T8,61.6,outer_reef,Pomacentrus reidi,1,Oct_21_44494_Holmes_ROV_Dive_1_T8,0:03:20
Oct_21,25/10/2021,Holmes,ROV,Dive_1_T8,61.6,outer_reef,Pomacentrus reidi,1,Oct_21_44494_Holmes_ROV_Dive_1_T8,0:03:20
Oct_21,25/10/2021,Holmes,ROV,Dive_1_T8,61.6,outer_reef,Genicanthus melanospilos,1,Oct_21_44494_Holmes_ROV_Dive_1_T8,0:03:20
Oct_21,25/10/2021,Holmes,ROV,Dive_1_T8,61.6,outer_reef,Genicanthus melanospilos,1,Oct_21_44494_Holmes_ROV_Dive_1_T8,0:03:20
Oct_21,25/10/2021,Holmes,ROV,Dive_1_T8,61.6,outer_reef,Acanthurus thompsoni,1,Oct_21_44494_Holmes_ROV_Dive_1_T8,0:03:20
Oct_21,25/10/2021,Holmes,ROV,Dive_1_T8,61.6,outer_reef,Acanthurus thompsoni,1,Oct_21_44494_Holmes_ROV_Dive_1_T8,0:03:20
Oct_21,25/10/2021,Holmes,ROV,Dive_1_T8,61.6,outer_reef,Amblyglyphidodon aureus,1,Oct_21_44494_Holmes_ROV_Dive_1_T8,0:03:20
Oct_21,25/10/2021,Holmes,ROV,Dive_1_T8,61.6,outer_reef,Acanthurus thompsoni,1,Oct_21_44494_Holmes_ROV_Dive_1_T8,0:03:20
Oct_21,25/10/2021,Holmes,ROV,Dive_1_T8,61.6,outer_reef,Acanthurus thompsoni,1,Oct_21_44494_Holmes_ROV_Dive_1_T8,0:03:20
Oct_21,25/10/2021,Holmes,ROV,Dive_1_T8,61.6,outer_reef,Acanthurus thompsoni,1,Oct_21_44494_Holmes_ROV_Dive_1_T8,0:03:20
Oct_21,25/10/2021,Holmes,ROV,Dive_1_T8,61.6,outer_reef,Acanthurus thompsoni,1,Oct_21_44494_Holmes_ROV_Dive_1_T8,0:03:20
Oct_21,25/10/2021,Holmes,ROV,Dive_1_T8,61.6,outer_reef,Pseudanthias pleurotaenia,1,Oct_21_44494_Holmes_ROV_Dive_1_T8,0:03:20
Oct_21,25/10/2021,Holmes,ROV,Dive_1_T8,61.6,outer_reef,Pseudanthias pleurotaenia,1,Oct_21_44494_Holmes_ROV_Dive_1_T8,0:03:20
Oct_21,25/10/2021,Holmes,ROV,Dive_1_T8,61.6,outer_reef,Pomacentrus reidi,1,Oct_21_44494_Holmes_ROV_Dive_1_T8,0:03:20
Oct_21,25/10/2021,Holmes,ROV,Dive_1_T8,61.6,outer_reef,Pomacentrus reidi,1,Oct_21_44494_Holmes_ROV_Dive_1_T8,0:03:20
Oct_21,25/10/2021,Holmes,ROV,Dive_1_T8,61.6,outer_reef,Pomacentrus reidi,1,Oct_21_44494_Holmes_ROV_Dive_1_T8,0:03:20
Oct_21,25/10/2021,Holmes,ROV,Dive_1_T8,61.6,outer_reef,Genicanthus melanospilos,1,Oct_21_44494_Holmes_ROV_Dive_1_T8,0:03:20
Oct_21,25/10/2021,Holmes,ROV,Dive_1_T8,61.6,outer_reef,Genicanthus melanospilos,1,Oct_21_44494_Holmes_ROV_Dive_1_T8,0:03:20
Oct_21,25/10/2021,Holmes,ROV,Dive_1_T8,61.6,outer_reef,Genicanthus melanospilos,1,Oct_21_44494_Holmes_ROV_Dive_1_T8,0:03:20
Oct_21,25/10/2021,Holmes,ROV,Dive_1_T8,61.6,outer_reef,Pygoplites diacanthus,1,Oct_21_44494_Holmes_ROV_Dive_1_T8,0:03:20
Oct_21,25/10/2021,Holmes,ROV,Dive_1_T8,61.6,outer_reef,Pomacentrus reidi,1,Oct_21_44494_Holmes_ROV_Dive_1_T8,0:03:20
Oct_21,25/10/2021,Holmes,ROV,Dive_1_T8,61.6,outer_reef,Forcipiger flavissimus,1,Oct_21_44494_Holmes_ROV_Dive_1_T8,0:03:20
Oct_21,25/10/2021,Holmes,ROV,Dive_1_T8,61.6,outer_reef,Labroides dimidiatus,1,Oct_21_44494_Holmes_ROV_Dive_1_T8,0:03:20
Oct_21,25/10/2021,Holmes,ROV,Dive_1_T8,61.6,outer_reef,Genicanthus melanospilos,1,Oct_21_44494_Holmes_ROV_Dive_1_T8,0:03:20
Oct_21,25/10/2021,Holmes,ROV,Dive_1_T9,61.6,outer_reef,Myripristis sp,1,Oct_21_44494_Holmes_ROV_Dive_1_T9,0:03:20
Oct_21,25/10/2021,Holmes,ROV,Dive_1_T9,57.1,outer_reef,Acanthurus thompsoni,1,Oct_21_44494_Holmes_ROV_Dive_1_T9,0:03:20
Oct_21,25/10/2021,Holmes,ROV,Dive_1_T9,57.1,outer_reef,Genicanthus melanospilos,1,Oct_21_44494_Holmes_ROV_Dive_1_T9,0:03:20
Oct_21,25/10/2021,Holmes,ROV,Dive_1_T9,57.1,outer_reef,Genicanthus melanospilos,1,Oct_21_44494_Holmes_ROV_Dive_1_T9,0:03:20
Oct_21,25/10/2021,Holmes,ROV,Dive_1_T9,57.1,outer_reef,Centropyge vrolikii,1,Oct_21_44494_Holmes_ROV_Dive_1_T9,0:03:20
Oct_21,25/10/2021,Holmes,ROV,Dive_1_T9,57.1,outer_reef,Pygoplites diacanthus,1,Oct_21_44494_Holmes_ROV_Dive_1_T9,0:03:20
Oct_21,25/10/2021,Holmes,ROV,Dive_1_T9,57.1,outer_reef,Parupeneus multifasciatus,1,Oct_21_44494_Holmes_ROV_Dive_1_T9,0:03:20
Oct_21,25/10/2021,Holmes,ROV,Dive_1_T9,57.1,outer_reef,Genicanthus melanospilos,1,Oct_21_44494_Holmes_ROV_Dive_1_T9,0:03:20
Oct_21,25/10/2021,Holmes,ROV,Dive_1_T9,57.1,outer_reef,Genicanthus melanospilos,1,Oct_21_44494_Holmes_ROV_Dive_1_T9,0:03:20
Oct_21,25/10/2021,Holmes,ROV,Dive_1_T9,57.1,outer_reef,Genicanthus melanospilos,1,Oct_21_44494_Holmes_ROV_Dive_1_T9,0:03:20
Oct_21,25/10/2021,Holmes,ROV,Dive_1_T9,57.1,outer_reef,Genicanthus melanospilos,1,Oct_21_44494_Holmes_ROV_Dive_1_T9,0:03:20
Oct_21,25/10/2021,Holmes,ROV,Dive_1_T9,57.1,outer_reef,Genicanthus melanospilos,1,Oct_21_44494_Holmes_ROV_Dive_1_T9,0:03:20
Oct_21,25/10/2021,Holmes,ROV,Dive_1_T9,57.1,outer_reef,Genicanthus melanospilos,1,Oct_21_44494_Holmes_ROV_Dive_1_T9,0:03:20
Oct_21,25/10/2021,Holmes,ROV,Dive_1_T9,57.1,outer_reef,Genicanthus melanospilos,1,Oct_21_44494_Holmes_ROV_Dive_1_T9,0:03:20
Oct_21,25/10/2021,Holmes,ROV,Dive_1_T10,57.1,outer_reef,Genicanthus melanospilos,1,Oct_21_44494_Holmes_ROV_Dive_1_T10,0:03:20
Oct_21,25/10/2021,Holmes,ROV,Dive_1_T10,51.5,outer_reef,Genicanthus melanospilos,1,Oct_21_44494_Holmes_ROV_Dive_1_T10,0:03:20
Oct_21,25/10/2021,Holmes,ROV,Dive_1_T10,51.5,outer_reef,Pseudanthias pleurotaenia,1,Oct_21_44494_Holmes_ROV_Dive_1_T10,0:03:20
Oct_21,25/10/2021,Holmes,ROV,Dive_1_T10,51.5,outer_reef,Pseudanthias pleurotaenia,1,Oct_21_44494_Holmes_ROV_Dive_1_T10,0:03:20
Oct_21,25/10/2021,Holmes,ROV,Dive_1_T10,51.5,outer_reef,Pseudanthias pleurotaenia,1,Oct_21_44494_Holmes_ROV_Dive_1_T10,0:03:20
Oct_21,25/10/2021,Holmes,ROV,Dive_1_T10,51.5,outer_reef,Pseudanthias pleurotaenia,1,Oct_21_44494_Holmes_ROV_Dive_1_T10,0:03:20
Oct_21,25/10/2021,Holmes,ROV,Dive_1_T10,51.5,outer_reef,Pseudanthias pleurotaenia,1,Oct_21_44494_Holmes_ROV_Dive_1_T10,0:03:20
Oct_21,25/10/2021,Holmes,ROV,Dive_1_T10,51.5,outer_reef,Genicanthus melanospilos,1,Oct_21_44494_Holmes_ROV_Dive_1_T10,0:03:20
Oct_21,25/10/2021,Holmes,ROV,Dive_1_T10,51.5,outer_reef,Acanthurus thompsoni,1,Oct_21_44494_Holmes_ROV_Dive_1_T10,0:03:20
Oct_21,25/10/2021,Holmes,ROV,Dive_1_T10,51.5,outer_reef,Pseudanthias pleurotaenia,1,Oct_21_44494_Holmes_ROV_Dive_1_T10,0:03:20
Oct_21,25/10/2021,Holmes,ROV,Dive_1_T10,51.5,outer_reef,Pseudanthias pleurotaenia,1,Oct_21_44494_Holmes_ROV_Dive_1_T10,0:03:20
Oct_21,25/10/2021,Holmes,ROV,Dive_1_T10,51.5,outer_reef,Pseudanthias pleurotaenia,1,Oct_21_44494_Holmes_ROV_Dive_1_T10,0:03:20
Oct_21,25/10/2021,Holmes,ROV,Dive_1_T10,51.5,outer_reef,Pseudanthias pleurotaenia,1,Oct_21_44494_Holmes_ROV_Dive_1_T10,0:03:20
Oct_21,25/10/2021,Holmes,ROV,Dive_1_T10,51.5,outer_reef,Acanthurus thompsoni,1,Oct_21_44494_Holmes_ROV_Dive_1_T10,0:03:20
Oct_21,25/10/2021,Holmes,ROV,Dive_1_T10,51.5,outer_reef,Genicanthus melanospilos,1,Oct_21_44494_Holmes_ROV_Dive_1_T10,0:03:20
Oct_21,25/10/2021,Holmes,ROV,Dive_1_T10,51.5,outer_reef,Genicanthus melanospilos,1,Oct_21_44494_Holmes_ROV_Dive_1_T10,0:03:20
Oct_21,25/10/2021,Holmes,ROV,Dive_1_T10,51.5,outer_reef,Chromis iomelas,1,Oct_21_44494_Holmes_ROV_Dive_1_T10,0:03:20
Oct_21,25/10/2021,Holmes,ROV,Dive_1_T10,51.5,outer_reef,Pseudanthias pleurotaenia,1,Oct_21_44494_Holmes_ROV_Dive_1_T10,0:03:20
Oct_21,25/10/2021,Holmes,ROV,Dive_1_T10,51.5,outer_reef,Pseudanthias pleurotaenia,1,Oct_21_44494_Holmes_ROV_Dive_1_T10,0:03:20
Oct_21,25/10/2021,Holmes,ROV,Dive_1_T10,51.5,outer_reef,Pseudanthias pleurotaenia,1,Oct_21_44494_Holmes_ROV_Dive_1_T10,0:03:20
Oct_21,25/10/2021,Holmes,ROV,Dive_1_T10,51.5,outer_reef,Pseudanthias pleurotaenia,1,Oct_21_44494_Holmes_ROV_Dive_1_T10,0:03:20
Oct_21,25/10/2021,Holmes,ROV,Dive_2_T1,51.5,outer_reef,Pseudanthias pleurotaenia,1,Oct_21_44494_Holmes_ROV_Dive_2_T1,0:03:20
Oct_21,25/10/2021,Holmes,ROV,Dive_2_T1,52.1,outer_reef,Acanthurus thompsoni,1,Oct_21_44494_Holmes_ROV_Dive_2_T1,0:03:20
Oct_21,25/10/2021,Holmes,ROV,Dive_2_T1,52.1,outer_reef,Genicanthus melanospilos,1,Oct_21_44494_Holmes_ROV_Dive_2_T1,0:03:20
Oct_21,25/10/2021,Holmes,ROV,Dive_2_T1,52.1,outer_reef,Genicanthus melanospilos,1,Oct_21_44494_Holmes_ROV_Dive_2_T1,0:03:20
Oct_21,25/10/2021,Holmes,ROV,Dive_2_T1,52.1,outer_reef,Genicanthus melanospilos,1,Oct_21_44494_Holmes_ROV_Dive_2_T1,0:03:20
Oct_21,25/10/2021,Holmes,ROV,Dive_2_T1,52.1,outer_reef,Genicanthus melanospilos,1,Oct_21_44494_Holmes_ROV_Dive_2_T1,0:03:20
Oct_21,25/10/2021,Holmes,ROV,Dive_2_T1,52.1,outer_reef,Genicanthus melanospilos,1,Oct_21_44494_Holmes_ROV_Dive_2_T1,0:03:20
Oct_21,25/10/2021,Holmes,ROV,Dive_2_T1,52.1,outer_reef,Genicanthus melanospilos,1,Oct_21_44494_Holmes_ROV_Dive_2_T1,0:03:20
Oct_21,25/10/2021,Holmes,ROV,Dive_2_T1,52.1,outer_reef,Genicanthus melanospilos,1,Oct_21_44494_Holmes_ROV_Dive_2_T1,0:03:20
Oct_21,25/10/2021,Holmes,ROV,Dive_2_T1,52.1,outer_reef,Genicanthus melanospilos,1,Oct_21_44494_Holmes_ROV_Dive_2_T1,0:03:20
Oct_21,25/10/2021,Holmes,ROV,Dive_2_T1,52.1,outer_reef,Genicanthus melanospilos,1,Oct_21_44494_Holmes_ROV_Dive_2_T1,0:03:20
Oct_21,25/10/2021,Holmes,ROV,Dive_2_T1,52.1,outer_reef,Genicanthus melanospilos,1,Oct_21_44494_Holmes_ROV_Dive_2_T1,0:03:20
Oct_21,25/10/2021,Holmes,ROV,Dive_2_T1,52.1,outer_reef,Genicanthus melanospilos,1,Oct_21_44494_Holmes_ROV_Dive_2_T1,0:03:20
Oct_21,25/10/2021,Holmes,ROV,Dive_2_T1,52.1,outer_reef,Genicanthus melanospilos,1,Oct_21_44494_Holmes_ROV_Dive_2_T1,0:03:20
Oct_21,25/10/2021,Holmes,ROV,Dive_2_T1,52.1,outer_reef,Genicanthus melanospilos,1,Oct_21_44494_Holmes_ROV_Dive_2_T1,0:03:20
Oct_21,25/10/2021,Holmes,ROV,Dive_2_T1,52.1,outer_reef,Genicanthus melanospilos,1,Oct_21_44494_Holmes_ROV_Dive_2_T1,0:03:20
Oct_21,25/10/2021,Holmes,ROV,Dive_2_T1,52.1,outer_reef,Genicanthus melanospilos,1,Oct_21_44494_Holmes_ROV_Dive_2_T1,0:03:20
Oct_21,25/10/2021,Holmes,ROV,Dive_2_T1,52.1,outer_reef,Genicanthus melanospilos,1,Oct_21_44494_Holmes_ROV_Dive_2_T1,0:03:20
Oct_21,25/10/2021,Holmes,ROV,Dive_2_T1,52.1,outer_reef,Genicanthus melanospilos,1,Oct_21_44494_Holmes_ROV_Dive_2_T1,0:03:20
Oct_21,25/10/2021,Holmes,ROV,Dive_2_T1,52.1,outer_reef,Genicanthus melanospilos,1,Oct_21_44494_Holmes_ROV_Dive_2_T1,0:03:20
Oct_21,25/10/2021,Holmes,ROV,Dive_2_T1,52.1,outer_reef,Genicanthus melanospilos,1,Oct_21_44494_Holmes_ROV_Dive_2_T1,0:03:20
Oct_21,25/10/2021,Holmes,ROV,Dive_2_T1,52.1,outer_reef,Pseudanthias pleurotaenia,1,Oct_21_44494_Holmes_ROV_Dive_2_T1,0:03:20
Oct_21,25/10/2021,Holmes,ROV,Dive_2_T1,52.1,outer_reef,Genicanthus melanospilos,1,Oct_21_44494_Holmes_ROV_Dive_2_T1,0:03:20
Oct_21,25/10/2021,Holmes,ROV,Dive_2_T1,52.1,outer_reef,Acanthurus thompsoni,1,Oct_21_44494_Holmes_ROV_Dive_2_T1,0:03:20
Oct_21,25/10/2021,Holmes,ROV,Dive_2_T1,52.1,outer_reef,Acanthurus thompsoni,1,Oct_21_44494_Holmes_ROV_Dive_2_T1,0:03:20
Oct_21,25/10/2021,Holmes,ROV,Dive_2_T2,52.1,outer_reef,Acanthurus thompsoni,1,Oct_21_44494_Holmes_ROV_Dive_2_T2,0:03:20
Oct_21,25/10/2021,Holmes,ROV,Dive_2_T2,46.8,outer_reef,Genicanthus melanospilos,1,Oct_21_44494_Holmes_ROV_Dive_2_T2,0:03:20
Oct_21,25/10/2021,Holmes,ROV,Dive_2_T2,46.8,outer_reef,Genicanthus melanospilos,1,Oct_21_44494_Holmes_ROV_Dive_2_T2,0:03:20
Oct_21,25/10/2021,Holmes,ROV,Dive_2_T2,46.8,outer_reef,Genicanthus melanospilos,1,Oct_21_44494_Holmes_ROV_Dive_2_T2,0:03:20
Oct_21,25/10/2021,Holmes,ROV,Dive_2_T2,46.8,outer_reef,Genicanthus melanospilos,1,Oct_21_44494_Holmes_ROV_Dive_2_T2,0:03:20
Oct_21,25/10/2021,Holmes,ROV,Dive_2_T2,46.8,outer_reef,Acanthurus thompsoni,1,Oct_21_44494_Holmes_ROV_Dive_2_T2,0:03:20
Oct_21,25/10/2021,Holmes,ROV,Dive_2_T2,46.8,outer_reef,Genicanthus melanospilos,1,Oct_21_44494_Holmes_ROV_Dive_2_T2,0:03:20
Oct_21,25/10/2021,Holmes,ROV,Dive_2_T2,46.8,outer_reef,Genicanthus melanospilos,1,Oct_21_44494_Holmes_ROV_Dive_2_T2,0:03:20
Oct_21,25/10/2021,Holmes,ROV,Dive_2_T2,46.8,outer_reef,Genicanthus melanospilos,1,Oct_21_44494_Holmes_ROV_Dive_2_T2,0:03:20
Oct_21,25/10/2021,Holmes,ROV,Dive_2_T2,46.8,outer_reef,Genicanthus melanospilos,1,Oct_21_44494_Holmes_ROV_Dive_2_T2,0:03:20
Oct_21,25/10/2021,Holmes,ROV,Dive_2_T2,46.8,outer_reef,Hemitaurichthys polylepis,1,Oct_21_44494_Holmes_ROV_Dive_2_T2,0:03:20
Oct_21,25/10/2021,Holmes,ROV,Dive_2_T2,46.8,outer_reef,Hemitaurichthys polylepis,1,Oct_21_44494_Holmes_ROV_Dive_2_T2,0:03:20
Oct_21,25/10/2021,Holmes,ROV,Dive_2_T2,46.8,outer_reef,Thalassoma lunare,1,Oct_21_44494_Holmes_ROV_Dive_2_T2,0:03:20
Oct_21,25/10/2021,Holmes,ROV,Dive_2_T2,46.8,outer_reef,Acanthurus thompsoni,1,Oct_21_44494_Holmes_ROV_Dive_2_T2,0:03:20
Oct_21,25/10/2021,Holmes,ROV,Dive_2_T2,46.8,outer_reef,Forcipiger flavissimus,1,Oct_21_44494_Holmes_ROV_Dive_2_T2,0:03:20
Oct_21,25/10/2021,Holmes,ROV,Dive_2_T2,46.8,outer_reef,Forcipiger flavissimus,1,Oct_21_44494_Holmes_ROV_Dive_2_T2,0:03:20
Oct_21,25/10/2021,Holmes,ROV,Dive_2_T2,46.8,outer_reef,Forcipiger flavissimus,1,Oct_21_44494_Holmes_ROV_Dive_2_T2,0:03:20
Oct_21,25/10/2021,Holmes,ROV,Dive_2_T3,46.8,outer_reef,Scarus rivulatus,1,Oct_21_44494_Holmes_ROV_Dive_2_T3,0:03:20
Oct_21,25/10/2021,Holmes,ROV,Dive_2_T3,41.6,outer_reef,Parupeneus multifasciatus,1,Oct_21_44494_Holmes_ROV_Dive_2_T3,0:03:20
Oct_21,25/10/2021,Holmes,ROV,Dive_2_T3,41.6,outer_reef,Genicanthus melanospilos,1,Oct_21_44494_Holmes_ROV_Dive_2_T3,0:03:20
Oct_21,25/10/2021,Holmes,ROV,Dive_2_T3,41.6,outer_reef,Genicanthus melanospilos,1,Oct_21_44494_Holmes_ROV_Dive_2_T3,0:03:20
Oct_21,25/10/2021,Holmes,ROV,Dive_2_T3,41.6,outer_reef,Genicanthus melanospilos,1,Oct_21_44494_Holmes_ROV_Dive_2_T3,0:03:20
Oct_21,25/10/2021,Holmes,ROV,Dive_2_T3,41.6,outer_reef,Genicanthus melanospilos,1,Oct_21_44494_Holmes_ROV_Dive_2_T3,0:03:20
Oct_21,25/10/2021,Holmes,ROV,Dive_2_T3,41.6,outer_reef,Genicanthus melanospilos,1,Oct_21_44494_Holmes_ROV_Dive_2_T3,0:03:20
Oct_21,25/10/2021,Holmes,ROV,Dive_2_T3,41.6,outer_reef,Genicanthus melanospilos,1,Oct_21_44494_Holmes_ROV_Dive_2_T3,0:03:20
Oct_21,25/10/2021,Holmes,ROV,Dive_2_T3,41.6,outer_reef,Genicanthus melanospilos,1,Oct_21_44494_Holmes_ROV_Dive_2_T3,0:03:20
Oct_21,25/10/2021,Holmes,ROV,Dive_2_T3,41.6,outer_reef,Genicanthus melanospilos,1,Oct_21_44494_Holmes_ROV_Dive_2_T3,0:03:20
Oct_21,25/10/2021,Holmes,ROV,Dive_2_T3,41.6,outer_reef,Centropyge bispinosa,1,Oct_21_44494_Holmes_ROV_Dive_2_T3,0:03:20
Oct_21,25/10/2021,Holmes,ROV,Dive_2_T3,41.6,outer_reef,Genicanthus melanospilos,1,Oct_21_44494_Holmes_ROV_Dive_2_T3,0:03:20
Oct_21,25/10/2021,Holmes,ROV,Dive_2_T3,41.6,outer_reef,Genicanthus melanospilos,1,Oct_21_44494_Holmes_ROV_Dive_2_T3,0:03:20
Oct_21,25/10/2021,Holmes,ROV,Dive_2_T3,41.6,outer_reef,Genicanthus melanospilos,1,Oct_21_44494_Holmes_ROV_Dive_2_T3,0:03:20
Oct_21,25/10/2021,Holmes,ROV,Dive_2_T3,41.6,outer_reef,Genicanthus melanospilos,1,Oct_21_44494_Holmes_ROV_Dive_2_T3,0:03:20
Oct_21,25/10/2021,Holmes,ROV,Dive_2_T3,41.6,outer_reef,Genicanthus melanospilos,1,Oct_21_44494_Holmes_ROV_Dive_2_T3,0:03:20
Oct_21,25/10/2021,Holmes,ROV,Dive_2_T3,41.6,outer_reef,Genicanthus melanospilos,1,Oct_21_44494_Holmes_ROV_Dive_2_T3,0:03:20
Oct_21,25/10/2021,Holmes,ROV,Dive_2_T3,41.6,outer_reef,Genicanthus melanospilos,1,Oct_21_44494_Holmes_ROV_Dive_2_T3,0:03:20
Oct_21,25/10/2021,Holmes,ROV,Dive_2_T3,41.6,outer_reef,Genicanthus melanospilos,1,Oct_21_44494_Holmes_ROV_Dive_2_T3,0:03:20
Oct_21,25/10/2021,Holmes,ROV,Dive_2_T3,41.6,outer_reef,Pseudanthias tuka,1,Oct_21_44494_Holmes_ROV_Dive_2_T3,0:03:20
Oct_21,25/10/2021,Holmes,ROV,Dive_2_T3,41.6,outer_reef,Pseudanthias tuka,1,Oct_21_44494_Holmes_ROV_Dive_2_T3,0:03:20
Oct_21,25/10/2021,Holmes,ROV,Dive_2_T3,41.6,outer_reef,Chromis iomelas,1,Oct_21_44494_Holmes_ROV_Dive_2_T3,0:03:20
Oct_21,25/10/2021,Holmes,ROV,Dive_2_T3,41.6,outer_reef,Chromis iomelas,1,Oct_21_44494_Holmes_ROV_Dive_2_T3,0:03:20
Oct_21,25/10/2021,Holmes,ROV,Dive_2_T3,41.6,outer_reef,Chromis iomelas,1,Oct_21_44494_Holmes_ROV_Dive_2_T3,0:03:20
Oct_21,25/10/2021,Holmes,ROV,Dive_2_T3,41.6,outer_reef,Chromis iomelas,1,Oct_21_44494_Holmes_ROV_Dive_2_T3,0:03:20
Oct_21,25/10/2021,Holmes,ROV,Dive_2_T3,41.6,outer_reef,Pseudanthias tuka,1,Oct_21_44494_Holmes_ROV_Dive_2_T3,0:03:20
Oct_21,25/10/2021,Holmes,ROV,Dive_2_T3,41.6,outer_reef,Genicanthus melanospilos,1,Oct_21_44494_Holmes_ROV_Dive_2_T3,0:03:20
Oct_21,25/10/2021,Holmes,ROV,Dive_2_T3,41.6,outer_reef,Labroides dimidiatus,1,Oct_21_44494_Holmes_ROV_Dive_2_T3,0:03:20
Oct_21,25/10/2021,Holmes,ROV,Dive_2_T3,41.6,outer_reef,Labroides dimidiatus,1,Oct_21_44494_Holmes_ROV_Dive_2_T3,0:03:20
Oct_21,25/10/2021,Holmes,ROV,Dive_2_T3,41.6,outer_reef,Chromis retrofasciata,1,Oct_21_44494_Holmes_ROV_Dive_2_T3,0:03:20
Oct_21,25/10/2021,Holmes,ROV,Dive_2_T3,41.6,outer_reef,Chromis retrofasciata,1,Oct_21_44494_Holmes_ROV_Dive_2_T3,0:03:20
Oct_21,25/10/2021,Holmes,ROV,Dive_2_T3,41.6,outer_reef,Chromis retrofasciata,1,Oct_21_44494_Holmes_ROV_Dive_2_T3,0:03:20
Oct_21,25/10/2021,Holmes,ROV,Dive_2_T3,41.6,outer_reef,Chromis retrofasciata,1,Oct_21_44494_Holmes_ROV_Dive_2_T3,0:03:20
Oct_21,25/10/2021,Holmes,ROV,Dive_2_T3,41.6,outer_reef,Pseudanthias tuka,1,Oct_21_44494_Holmes_ROV_Dive_2_T3,0:03:20
Oct_21,25/10/2021,Holmes,ROV,Dive_2_T3,41.6,outer_reef,Pseudanthias tuka,1,Oct_21_44494_Holmes_ROV_Dive_2_T3,0:03:20
Oct_21,25/10/2021,Holmes,ROV,Dive_2_T3,41.6,outer_reef,Amblyglyphidodon aureus,1,Oct_21_44494_Holmes_ROV_Dive_2_T3,0:03:20
Oct_21,25/10/2021,Holmes,ROV,Dive_2_T3,41.6,outer_reef,Genicanthus melanospilos,1,Oct_21_44494_Holmes_ROV_Dive_2_T3,0:03:20
Oct_21,25/10/2021,Holmes,ROV,Dive_2_T3,41.6,outer_reef,Pseudanthias tuka,1,Oct_21_44494_Holmes_ROV_Dive_2_T3,0:03:20
Oct_21,25/10/2021,Holmes,ROV,Dive_2_T3,41.6,outer_reef,Amblyglyphidodon aureus,1,Oct_21_44494_Holmes_ROV_Dive_2_T3,0:03:20
Oct_21,25/10/2021,Holmes,ROV,Dive_2_T3,41.6,outer_reef,Amblyglyphidodon aureus,1,Oct_21_44494_Holmes_ROV_Dive_2_T3,0:03:20
Oct_21,25/10/2021,Holmes,ROV,Dive_2_T3,41.6,outer_reef,Genicanthus melanospilos,1,Oct_21_44494_Holmes_ROV_Dive_2_T3,0:03:20
Oct_21,25/10/2021,Holmes,ROV,Dive_2_T3,41.6,outer_reef,Genicanthus melanospilos,1,Oct_21_44494_Holmes_ROV_Dive_2_T3,0:03:20
Oct_21,25/10/2021,Holmes,ROV,Dive_2_T3,41.6,outer_reef,Amblyglyphidodon aureus,1,Oct_21_44494_Holmes_ROV_Dive_2_T3,0:03:20
Oct_21,25/10/2021,Holmes,ROV,Dive_2_T3,41.6,outer_reef,Pseudanthias pleurotaenia,1,Oct_21_44494_Holmes_ROV_Dive_2_T3,0:03:20
Oct_21,25/10/2021,Holmes,ROV,Dive_2_T3,41.6,outer_reef,Pseudanthias tuka,1,Oct_21_44494_Holmes_ROV_Dive_2_T3,0:03:20
Oct_21,25/10/2021,Holmes,ROV,Dive_2_T3,41.6,outer_reef,Pseudanthias tuka,1,Oct_21_44494_Holmes_ROV_Dive_2_T3,0:03:20
Oct_21,25/10/2021,Holmes,ROV,Dive_2_T3,41.6,outer_reef,Pseudanthias tuka,1,Oct_21_44494_Holmes_ROV_Dive_2_T3,0:03:20
Oct_21,25/10/2021,Holmes,ROV,Dive_2_T3,41.6,outer_reef,Pseudanthias tuka,1,Oct_21_44494_Holmes_ROV_Dive_2_T3,0:03:20
Oct_21,25/10/2021,Holmes,ROV,Dive_2_T3,41.6,outer_reef,Pseudanthias tuka,1,Oct_21_44494_Holmes_ROV_Dive_2_T3,0:03:20
Oct_21,25/10/2021,Holmes,ROV,Dive_2_T3,41.6,outer_reef,Parupeneus multifasciatus,1,Oct_21_44494_Holmes_ROV_Dive_2_T3,0:03:20
Oct_21,25/10/2021,Holmes,ROV,Dive_2_T3,41.6,outer_reef,Parupeneus multifasciatus,1,Oct_21_44494_Holmes_ROV_Dive_2_T3,0:03:20
Oct_21,25/10/2021,Holmes,ROV,Dive_2_T3,41.6,outer_reef,Chromis iomelas,1,Oct_21_44494_Holmes_ROV_Dive_2_T3,0:03:20
Oct_21,25/10/2021,Holmes,ROV,Dive_2_T3,41.6,outer_reef,Genicanthus melanospilos,1,Oct_21_44494_Holmes_ROV_Dive_2_T3,0:03:20
Oct_21,25/10/2021,Holmes,ROV,Dive_2_T3,41.6,outer_reef,Genicanthus melanospilos,1,Oct_21_44494_Holmes_ROV_Dive_2_T3,0:03:20
Oct_21,25/10/2021,Holmes,ROV,Dive_2_T3,41.6,outer_reef,Genicanthus melanospilos,1,Oct_21_44494_Holmes_ROV_Dive_2_T3,0:03:20
Oct_21,25/10/2021,Holmes,ROV,Dive_2_T3,41.6,outer_reef,Genicanthus melanospilos,1,Oct_21_44494_Holmes_ROV_Dive_2_T3,0:03:20
Oct_21,25/10/2021,Holmes,ROV,Dive_2_T3,41.6,outer_reef,Genicanthus melanospilos,1,Oct_21_44494_Holmes_ROV_Dive_2_T3,0:03:20
Oct_21,25/10/2021,Holmes,ROV,Dive_2_T4,41.6,outer_reef,Genicanthus melanospilos,1,Oct_21_44494_Holmes_ROV_Dive_2_T4,0:03:20
Oct_21,25/10/2021,Holmes,ROV,Dive_2_T4,37.1,outer_reef,Genicanthus melanospilos,1,Oct_21_44494_Holmes_ROV_Dive_2_T4,0:03:20
Oct_21,25/10/2021,Holmes,ROV,Dive_2_T4,37.1,outer_reef,Chromis iomelas,1,Oct_21_44494_Holmes_ROV_Dive_2_T4,0:03:20
Oct_21,25/10/2021,Holmes,ROV,Dive_2_T4,37.1,outer_reef,Amblyglyphidodon aureus,1,Oct_21_44494_Holmes_ROV_Dive_2_T4,0:03:20
Oct_21,25/10/2021,Holmes,ROV,Dive_2_T4,37.1,outer_reef,Genicanthus melanospilos,1,Oct_21_44494_Holmes_ROV_Dive_2_T4,0:03:20
Oct_21,25/10/2021,Holmes,ROV,Dive_2_T4,37.1,outer_reef,Genicanthus melanospilos,1,Oct_21_44494_Holmes_ROV_Dive_2_T4,0:03:20
Oct_21,25/10/2021,Holmes,ROV,Dive_2_T4,37.1,outer_reef,Amblyglyphidodon aureus,1,Oct_21_44494_Holmes_ROV_Dive_2_T4,0:03:20
Oct_21,25/10/2021,Holmes,ROV,Dive_2_T4,37.1,outer_reef,Chromis iomelas,1,Oct_21_44494_Holmes_ROV_Dive_2_T4,0:03:20
Oct_21,25/10/2021,Holmes,ROV,Dive_2_T4,37.1,outer_reef,Chromis iomelas,1,Oct_21_44494_Holmes_ROV_Dive_2_T4,0:03:20
Oct_21,25/10/2021,Holmes,ROV,Dive_2_T4,37.1,outer_reef,Genicanthus melanospilos,1,Oct_21_44494_Holmes_ROV_Dive_2_T4,0:03:20
Oct_21,25/10/2021,Holmes,ROV,Dive_2_T4,37.1,outer_reef,Amblyglyphidodon aureus,1,Oct_21_44494_Holmes_ROV_Dive_2_T4,0:03:20
Oct_21,25/10/2021,Holmes,ROV,Dive_2_T4,37.1,outer_reef,Genicanthus melanospilos,1,Oct_21_44494_Holmes_ROV_Dive_2_T4,0:03:20
Oct_21,25/10/2021,Holmes,ROV,Dive_2_T4,37.1,outer_reef,Pseudanthias tuka,1,Oct_21_44494_Holmes_ROV_Dive_2_T4,0:03:20
Oct_21,25/10/2021,Holmes,ROV,Dive_2_T4,37.1,outer_reef,Pseudanthias tuka,1,Oct_21_44494_Holmes_ROV_Dive_2_T4,0:03:20
Oct_21,25/10/2021,Holmes,ROV,Dive_2_T4,37.1,outer_reef,Pseudanthias tuka,1,Oct_21_44494_Holmes_ROV_Dive_2_T4,0:03:20
Oct_21,25/10/2021,Holmes,ROV,Dive_2_T4,37.1,outer_reef,Pseudanthias tuka,1,Oct_21_44494_Holmes_ROV_Dive_2_T4,0:03:20
Oct_21,25/10/2021,Holmes,ROV,Dive_2_T4,37.1,outer_reef,Chromis iomelas,1,Oct_21_44494_Holmes_ROV_Dive_2_T4,0:03:20
Oct_21,25/10/2021,Holmes,ROV,Dive_2_T4,37.1,outer_reef,Chromis iomelas,1,Oct_21_44494_Holmes_ROV_Dive_2_T4,0:03:20
Oct_21,25/10/2021,Holmes,ROV,Dive_2_T4,37.1,outer_reef,Genicanthus melanospilos,1,Oct_21_44494_Holmes_ROV_Dive_2_T4,0:03:20
Oct_21,25/10/2021,Holmes,ROV,Dive_2_T4,37.1,outer_reef,Pseudanthias tuka,1,Oct_21_44494_Holmes_ROV_Dive_2_T4,0:03:20
Oct_21,25/10/2021,Holmes,ROV,Dive_2_T4,37.1,outer_reef,Pseudanthias tuka,1,Oct_21_44494_Holmes_ROV_Dive_2_T4,0:03:20
Oct_21,25/10/2021,Holmes,ROV,Dive_2_T4,37.1,outer_reef,Pseudanthias tuka,1,Oct_21_44494_Holmes_ROV_Dive_2_T4,0:03:20
Oct_21,25/10/2021,Holmes,ROV,Dive_2_T4,37.1,outer_reef,Pseudanthias tuka,1,Oct_21_44494_Holmes_ROV_Dive_2_T4,0:03:20
Oct_21,25/10/2021,Holmes,ROV,Dive_2_T4,37.1,outer_reef,Pseudanthias tuka,1,Oct_21_44494_Holmes_ROV_Dive_2_T4,0:03:20
Oct_21,25/10/2021,Holmes,ROV,Dive_2_T4,37.1,outer_reef,Pseudanthias tuka,1,Oct_21_44494_Holmes_ROV_Dive_2_T4,0:03:20
Oct_21,25/10/2021,Holmes,ROV,Dive_2_T4,37.1,outer_reef,Amblyglyphidodon aureus,1,Oct_21_44494_Holmes_ROV_Dive_2_T4,0:03:20
Oct_21,25/10/2021,Holmes,ROV,Dive_2_T4,37.1,outer_reef,Amblyglyphidodon aureus,1,Oct_21_44494_Holmes_ROV_Dive_2_T4,0:03:20
Oct_21,25/10/2021,Holmes,ROV,Dive_2_T4,37.1,outer_reef,Genicanthus melanospilos,1,Oct_21_44494_Holmes_ROV_Dive_2_T4,0:03:20
Oct_21,25/10/2021,Holmes,ROV,Dive_2_T4,37.1,outer_reef,Genicanthus melanospilos,1,Oct_21_44494_Holmes_ROV_Dive_2_T4,0:03:20
Oct_21,25/10/2021,Holmes,ROV,Dive_2_T4,37.1,outer_reef,Genicanthus melanospilos,1,Oct_21_44494_Holmes_ROV_Dive_2_T4,0:03:20
Oct_21,25/10/2021,Holmes,ROV,Dive_2_T4,37.1,outer_reef,Genicanthus melanospilos,1,Oct_21_44494_Holmes_ROV_Dive_2_T4,0:03:20
Oct_21,25/10/2021,Holmes,ROV,Dive_2_T4,37.1,outer_reef,Genicanthus melanospilos,1,Oct_21_44494_Holmes_ROV_Dive_2_T4,0:03:20
Oct_21,25/10/2021,Holmes,ROV,Dive_2_T4,37.1,outer_reef,Genicanthus melanospilos,1,Oct_21_44494_Holmes_ROV_Dive_2_T4,0:03:20
Oct_21,25/10/2021,Holmes,ROV,Dive_2_T4,37.1,outer_reef,Genicanthus melanospilos,1,Oct_21_44494_Holmes_ROV_Dive_2_T4,0:03:20
Oct_21,25/10/2021,Holmes,ROV,Dive_2_T4,37.1,outer_reef,Chromis iomelas,1,Oct_21_44494_Holmes_ROV_Dive_2_T4,0:03:20
Oct_21,25/10/2021,Holmes,ROV,Dive_2_T4,37.1,outer_reef,Acreichthys tomentosus,1,Oct_21_44494_Holmes_ROV_Dive_2_T4,0:03:20
Oct_21,25/10/2021,Holmes,ROV,Dive_2_T4,37.1,outer_reef,Stethojulis bandanensis,1,Oct_21_44494_Holmes_ROV_Dive_2_T4,0:03:20
Oct_21,25/10/2021,Holmes,ROV,Dive_2_T4,37.1,outer_reef,Genicanthus melanospilos,1,Oct_21_44494_Holmes_ROV_Dive_2_T4,0:03:20
Oct_21,25/10/2021,Holmes,ROV,Dive_2_T4,37.1,outer_reef,Genicanthus melanospilos,1,Oct_21_44494_Holmes_ROV_Dive_2_T4,0:03:20
Oct_21,25/10/2021,Holmes,ROV,Dive_2_T4,37.1,outer_reef,Genicanthus melanospilos,1,Oct_21_44494_Holmes_ROV_Dive_2_T4,0:03:20
Oct_21,25/10/2021,Holmes,ROV,Dive_2_T4,37.1,outer_reef,Genicanthus melanospilos,1,Oct_21_44494_Holmes_ROV_Dive_2_T4,0:03:20
Oct_21,25/10/2021,Holmes,ROV,Dive_2_T4,37.1,outer_reef,Genicanthus melanospilos,1,Oct_21_44494_Holmes_ROV_Dive_2_T4,0:03:20
Oct_21,25/10/2021,Holmes,ROV,Dive_2_T4,37.1,outer_reef,Genicanthus melanospilos,1,Oct_21_44494_Holmes_ROV_Dive_2_T4,0:03:20
Oct_21,25/10/2021,Holmes,ROV,Dive_2_T4,37.1,outer_reef,Genicanthus melanospilos,1,Oct_21_44494_Holmes_ROV_Dive_2_T4,0:03:20
Oct_21,25/10/2021,Holmes,ROV,Dive_2_T4,37.1,outer_reef,Chromis iomelas,1,Oct_21_44494_Holmes_ROV_Dive_2_T4,0:03:20
Oct_21,25/10/2021,Holmes,ROV,Dive_2_T4,37.1,outer_reef,Chromis iomelas,1,Oct_21_44494_Holmes_ROV_Dive_2_T4,0:03:20
Oct_21,25/10/2021,Holmes,ROV,Dive_2_T4,37.1,outer_reef,Amblyglyphidodon aureus,1,Oct_21_44494_Holmes_ROV_Dive_2_T4,0:03:20
Oct_21,25/10/2021,Holmes,ROV,Dive_2_T4,37.1,outer_reef,Labroides dimidiatus,1,Oct_21_44494_Holmes_ROV_Dive_2_T4,0:03:20
Oct_21,25/10/2021,Holmes,ROV,Dive_2_T4,37.1,outer_reef,Genicanthus melanospilos,1,Oct_21_44494_Holmes_ROV_Dive_2_T4,0:03:20
Oct_21,25/10/2021,Holmes,ROV,Dive_2_T4,37.1,outer_reef,Genicanthus melanospilos,1,Oct_21_44494_Holmes_ROV_Dive_2_T4,0:03:20
Oct_21,25/10/2021,Holmes,ROV,Dive_2_T4,37.1,outer_reef,Genicanthus melanospilos,1,Oct_21_44494_Holmes_ROV_Dive_2_T4,0:03:20
Oct_21,25/10/2021,Holmes,ROV,Dive_2_T4,37.1,outer_reef,Genicanthus melanospilos,1,Oct_21_44494_Holmes_ROV_Dive_2_T4,0:03:20
Oct_21,25/10/2021,Holmes,ROV,Dive_2_T4,37.1,outer_reef,Genicanthus melanospilos,1,Oct_21_44494_Holmes_ROV_Dive_2_T4,0:03:20
Oct_21,25/10/2021,Holmes,ROV,Dive_2_T4,37.1,outer_reef,Genicanthus melanospilos,1,Oct_21_44494_Holmes_ROV_Dive_2_T4,0:03:20
Oct_21,25/10/2021,Holmes,ROV,Dive_2_T4,37.1,outer_reef,Genicanthus melanospilos,1,Oct_21_44494_Holmes_ROV_Dive_2_T4,0:03:20
Oct_21,25/10/2021,Holmes,ROV,Dive_2_T4,37.1,outer_reef,Genicanthus melanospilos,1,Oct_21_44494_Holmes_ROV_Dive_2_T4,0:03:20
Oct_21,25/10/2021,Holmes,ROV,Dive_2_T4,37.1,outer_reef,Genicanthus melanospilos,1,Oct_21_44494_Holmes_ROV_Dive_2_T4,0:03:20
Oct_21,25/10/2021,Holmes,ROV,Dive_2_T4,37.1,outer_reef,Genicanthus melanospilos,1,Oct_21_44494_Holmes_ROV_Dive_2_T4,0:03:20
Oct_21,25/10/2021,Holmes,ROV,Dive_2_T4,37.1,outer_reef,Genicanthus melanospilos,1,Oct_21_44494_Holmes_ROV_Dive_2_T4,0:03:20
Oct_21,25/10/2021,Holmes,ROV,Dive_2_T4,37.1,outer_reef,Genicanthus melanospilos,1,Oct_21_44494_Holmes_ROV_Dive_2_T4,0:03:20
Oct_21,25/10/2021,Holmes,ROV,Dive_2_T4,37.1,outer_reef,Genicanthus melanospilos,1,Oct_21_44494_Holmes_ROV_Dive_2_T4,0:03:20
Oct_21,25/10/2021,Holmes,ROV,Dive_2_T5,37.1,outer_reef,Genicanthus melanospilos,1,Oct_21_44494_Holmes_ROV_Dive_2_T5,0:03:20
Oct_21,25/10/2021,Holmes,ROV,Dive_2_T5,32.2,outer_reef,Amblyglyphidodon aureus,1,Oct_21_44494_Holmes_ROV_Dive_2_T5,0:03:20
Oct_21,25/10/2021,Holmes,ROV,Dive_2_T5,32.2,outer_reef,Parupeneus multifasciatus,1,Oct_21_44494_Holmes_ROV_Dive_2_T5,0:03:20
Oct_21,25/10/2021,Holmes,ROV,Dive_2_T5,32.2,outer_reef,Genicanthus melanospilos,1,Oct_21_44494_Holmes_ROV_Dive_2_T5,0:03:20
Oct_21,25/10/2021,Holmes,ROV,Dive_2_T5,32.2,outer_reef,Genicanthus melanospilos,1,Oct_21_44494_Holmes_ROV_Dive_2_T5,0:03:20
Oct_21,25/10/2021,Holmes,ROV,Dive_2_T5,32.2,outer_reef,Pseudanthias pleurotaenia,1,Oct_21_44494_Holmes_ROV_Dive_2_T5,0:03:20
Oct_21,25/10/2021,Holmes,ROV,Dive_2_T5,32.2,outer_reef,Pseudanthias pleurotaenia,1,Oct_21_44494_Holmes_ROV_Dive_2_T5,0:03:20
Oct_21,25/10/2021,Holmes,ROV,Dive_2_T5,32.2,outer_reef,Chromis iomelas,1,Oct_21_44494_Holmes_ROV_Dive_2_T5,0:03:20
Oct_21,25/10/2021,Holmes,ROV,Dive_2_T5,32.2,outer_reef,Genicanthus melanospilos,1,Oct_21_44494_Holmes_ROV_Dive_2_T5,0:03:20
Oct_21,25/10/2021,Holmes,ROV,Dive_2_T5,32.2,outer_reef,Amblyglyphidodon aureus,1,Oct_21_44494_Holmes_ROV_Dive_2_T5,0:03:20
Oct_21,25/10/2021,Holmes,ROV,Dive_2_T5,32.2,outer_reef,Chromis iomelas,1,Oct_21_44494_Holmes_ROV_Dive_2_T5,0:03:20
Oct_21,25/10/2021,Holmes,ROV,Dive_2_T5,32.2,outer_reef,Chromis iomelas,1,Oct_21_44494_Holmes_ROV_Dive_2_T5,0:03:20
Oct_21,25/10/2021,Holmes,ROV,Dive_2_T5,32.2,outer_reef,Chromis iomelas,1,Oct_21_44494_Holmes_ROV_Dive_2_T5,0:03:20
Oct_21,25/10/2021,Holmes,ROV,Dive_2_T5,32.2,outer_reef,Chromis iomelas,1,Oct_21_44494_Holmes_ROV_Dive_2_T5,0:03:20
Oct_21,25/10/2021,Holmes,ROV,Dive_2_T5,32.2,outer_reef,Chromis iomelas,1,Oct_21_44494_Holmes_ROV_Dive_2_T5,0:03:20
Oct_21,25/10/2021,Holmes,ROV,Dive_2_T5,32.2,outer_reef,Chromis iomelas,1,Oct_21_44494_Holmes_ROV_Dive_2_T5,0:03:20
Oct_21,25/10/2021,Holmes,ROV,Dive_2_T5,32.2,outer_reef,Genicanthus melanospilos,1,Oct_21_44494_Holmes_ROV_Dive_2_T5,0:03:20
Oct_21,25/10/2021,Holmes,ROV,Dive_2_T5,32.2,outer_reef,Genicanthus melanospilos,1,Oct_21_44494_Holmes_ROV_Dive_2_T5,0:03:20
Oct_21,25/10/2021,Holmes,ROV,Dive_2_T5,32.2,outer_reef,Genicanthus melanospilos,1,Oct_21_44494_Holmes_ROV_Dive_2_T5,0:03:20
Oct_21,25/10/2021,Holmes,ROV,Dive_2_T5,32.2,outer_reef,Chromis iomelas,1,Oct_21_44494_Holmes_ROV_Dive_2_T5,0:03:20
Oct_21,25/10/2021,Holmes,ROV,Dive_2_T5,32.2,outer_reef,Genicanthus melanospilos,1,Oct_21_44494_Holmes_ROV_Dive_2_T5,0:03:20
Oct_21,25/10/2021,Holmes,ROV,Dive_2_T5,32.2,outer_reef,Genicanthus melanospilos,1,Oct_21_44494_Holmes_ROV_Dive_2_T5,0:03:20
Oct_21,25/10/2021,Holmes,ROV,Dive_2_T5,32.2,outer_reef,Genicanthus melanospilos,1,Oct_21_44494_Holmes_ROV_Dive_2_T5,0:03:20
Oct_21,25/10/2021,Holmes,ROV,Dive_2_T5,32.2,outer_reef,Acanthurus grammoptilus,1,Oct_21_44494_Holmes_ROV_Dive_2_T5,0:03:20
Oct_21,25/10/2021,Holmes,ROV,Dive_2_T5,32.2,outer_reef,Lutjanus bohar,1,Oct_21_44494_Holmes_ROV_Dive_2_T5,0:03:20
Oct_21,25/10/2021,Holmes,ROV,Dive_2_T5,32.2,outer_reef,Lutjanus bohar,1,Oct_21_44494_Holmes_ROV_Dive_2_T5,0:03:20
Oct_21,25/10/2021,Holmes,ROV,Dive_2_T5,32.2,outer_reef,Pterocaesio pisang,1,Oct_21_44494_Holmes_ROV_Dive_2_T5,0:03:20
Oct_21,25/10/2021,Holmes,ROV,Dive_2_T5,32.2,outer_reef,Amblyglyphidodon aureus,1,Oct_21_44494_Holmes_ROV_Dive_2_T5,0:03:20
Oct_21,25/10/2021,Holmes,ROV,Dive_2_T5,32.2,outer_reef,Pterocaesio pisang,1,Oct_21_44494_Holmes_ROV_Dive_2_T5,0:03:20
Oct_21,25/10/2021,Holmes,ROV,Dive_2_T5,32.2,outer_reef,Lutjanus bohar,1,Oct_21_44494_Holmes_ROV_Dive_2_T5,0:03:20
Oct_21,25/10/2021,Holmes,ROV,Dive_2_T5,32.2,outer_reef,Genicanthus melanospilos,1,Oct_21_44494_Holmes_ROV_Dive_2_T5,0:03:20
Oct_21,25/10/2021,Holmes,ROV,Dive_2_T5,32.2,outer_reef,Chromis iomelas,1,Oct_21_44494_Holmes_ROV_Dive_2_T5,0:03:20
Oct_21,25/10/2021,Holmes,ROV,Dive_2_T5,32.2,outer_reef,Chromis iomelas,1,Oct_21_44494_Holmes_ROV_Dive_2_T5,0:03:20
Oct_21,25/10/2021,Holmes,ROV,Dive_2_T5,32.2,outer_reef,Cheilinus chlorourus,1,Oct_21_44494_Holmes_ROV_Dive_2_T5,0:03:20
Oct_21,25/10/2021,Holmes,ROV,Dive_2_T5,32.2,outer_reef,Genicanthus melanospilos,1,Oct_21_44494_Holmes_ROV_Dive_2_T5,0:03:20
Oct_21,25/10/2021,Holmes,ROV,Dive_2_T5,32.2,outer_reef,Genicanthus melanospilos,1,Oct_21_44494_Holmes_ROV_Dive_2_T5,0:03:20
Oct_21,25/10/2021,Holmes,ROV,Dive_2_T5,32.2,outer_reef,Caranx melampygus,1,Oct_21_44494_Holmes_ROV_Dive_2_T5,0:03:20
Oct_21,25/10/2021,Holmes,ROV,Dive_2_T6,32.2,outer_reef,Caranx melampygus,1,Oct_21_44494_Holmes_ROV_Dive_2_T6,0:03:20
Oct_21,25/10/2021,Holmes,ROV,Dive_2_T6,27.3,outer_reef,Chromis weberi,1,Oct_21_44494_Holmes_ROV_Dive_2_T6,0:03:20
Oct_21,25/10/2021,Holmes,ROV,Dive_2_T6,27.3,outer_reef,Chromis iomelas,1,Oct_21_44494_Holmes_ROV_Dive_2_T6,0:03:20
Oct_21,25/10/2021,Holmes,ROV,Dive_2_T6,27.3,outer_reef,Chromis iomelas,1,Oct_21_44494_Holmes_ROV_Dive_2_T6,0:03:20
Oct_21,25/10/2021,Holmes,ROV,Dive_2_T6,27.3,outer_reef,Chromis iomelas,1,Oct_21_44494_Holmes_ROV_Dive_2_T6,0:03:20
Oct_21,25/10/2021,Holmes,ROV,Dive_2_T6,27.3,outer_reef,Chromis iomelas,1,Oct_21_44494_Holmes_ROV_Dive_2_T6,0:03:20
Oct_21,25/10/2021,Holmes,ROV,Dive_2_T6,27.3,outer_reef,Chromis iomelas,1,Oct_21_44494_Holmes_ROV_Dive_2_T6,0:03:20
Oct_21,25/10/2021,Holmes,ROV,Dive_2_T6,27.3,outer_reef,Amblyglyphidodon aureus,1,Oct_21_44494_Holmes_ROV_Dive_2_T6,0:03:20
Oct_21,25/10/2021,Holmes,ROV,Dive_2_T6,27.3,outer_reef,Genicanthus melanospilos,1,Oct_21_44494_Holmes_ROV_Dive_2_T6,0:03:20
Oct_21,25/10/2021,Holmes,ROV,Dive_2_T6,27.3,outer_reef,Genicanthus melanospilos,1,Oct_21_44494_Holmes_ROV_Dive_2_T6,0:03:20
Oct_21,25/10/2021,Holmes,ROV,Dive_2_T6,27.3,outer_reef,Cetoscarus ocellatus,1,Oct_21_44494_Holmes_ROV_Dive_2_T6,0:03:20
Oct_21,25/10/2021,Holmes,ROV,Dive_2_T6,27.3,outer_reef,Cetoscarus ocellatus,1,Oct_21_44494_Holmes_ROV_Dive_2_T6,0:03:20
Oct_21,25/10/2021,Holmes,ROV,Dive_2_T6,27.3,outer_reef,Genicanthus melanospilos,1,Oct_21_44494_Holmes_ROV_Dive_2_T6,0:03:20
Oct_21,25/10/2021,Holmes,ROV,Dive_2_T6,27.3,outer_reef,Genicanthus melanospilos,1,Oct_21_44494_Holmes_ROV_Dive_2_T6,0:03:20
Oct_21,25/10/2021,Holmes,ROV,Dive_2_T6,27.3,outer_reef,Genicanthus melanospilos,1,Oct_21_44494_Holmes_ROV_Dive_2_T6,0:03:20
Oct_21,25/10/2021,Holmes,ROV,Dive_2_T6,27.3,outer_reef,Genicanthus melanospilos,1,Oct_21_44494_Holmes_ROV_Dive_2_T6,0:03:20
Oct_21,25/10/2021,Holmes,ROV,Dive_2_T6,27.3,outer_reef,Genicanthus melanospilos,1,Oct_21_44494_Holmes_ROV_Dive_2_T6,0:03:20
Oct_21,25/10/2021,Holmes,ROV,Dive_2_T6,27.3,outer_reef,Genicanthus melanospilos,1,Oct_21_44494_Holmes_ROV_Dive_2_T6,0:03:20
Oct_21,25/10/2021,Holmes,ROV,Dive_2_T6,27.3,outer_reef,Genicanthus melanospilos,1,Oct_21_44494_Holmes_ROV_Dive_2_T6,0:03:20
Oct_21,25/10/2021,Holmes,ROV,Dive_2_T6,27.3,outer_reef,Genicanthus melanospilos,1,Oct_21_44494_Holmes_ROV_Dive_2_T6,0:03:20
Oct_21,25/10/2021,Holmes,ROV,Dive_2_T6,27.3,outer_reef,Acanthurus pyroferus,1,Oct_21_44494_Holmes_ROV_Dive_2_T6,0:03:20
Oct_21,25/10/2021,Holmes,ROV,Dive_2_T6,27.3,outer_reef,Genicanthus melanospilos,1,Oct_21_44494_Holmes_ROV_Dive_2_T6,0:03:20
Oct_21,25/10/2021,Holmes,ROV,Dive_2_T6,27.3,outer_reef,Genicanthus melanospilos,1,Oct_21_44494_Holmes_ROV_Dive_2_T6,0:03:20
Oct_21,25/10/2021,Holmes,ROV,Dive_2_T6,27.3,outer_reef,Genicanthus melanospilos,1,Oct_21_44494_Holmes_ROV_Dive_2_T6,0:03:20
Oct_21,25/10/2021,Holmes,ROV,Dive_2_T6,27.3,outer_reef,Acanthurus pyroferus,1,Oct_21_44494_Holmes_ROV_Dive_2_T6,0:03:20
Oct_21,25/10/2021,Holmes,ROV,Dive_2_T6,27.3,outer_reef,Genicanthus melanospilos,1,Oct_21_44494_Holmes_ROV_Dive_2_T6,0:03:20
Oct_21,25/10/2021,Holmes,ROV,Dive_2_T6,27.3,outer_reef,Genicanthus melanospilos,1,Oct_21_44494_Holmes_ROV_Dive_2_T6,0:03:20
Oct_21,25/10/2021,Holmes,ROV,Dive_2_T6,27.3,outer_reef,Myripristis murdjan,1,Oct_21_44494_Holmes_ROV_Dive_2_T6,0:03:20
Oct_21,25/10/2021,Holmes,ROV,Dive_2_T6,27.3,outer_reef,Myripristis murdjan,1,Oct_21_44494_Holmes_ROV_Dive_2_T6,0:03:20
Oct_21,25/10/2021,Holmes,ROV,Dive_2_T6,27.3,outer_reef,Myripristis murdjan,1,Oct_21_44494_Holmes_ROV_Dive_2_T6,0:03:20
Oct_21,25/10/2021,Holmes,ROV,Dive_2_T6,27.3,outer_reef,Genicanthus melanospilos,1,Oct_21_44494_Holmes_ROV_Dive_2_T6,0:03:20
Oct_21,25/10/2021,Holmes,ROV,Dive_2_T6,27.3,outer_reef,Genicanthus melanospilos,1,Oct_21_44494_Holmes_ROV_Dive_2_T6,0:03:20
Oct_21,25/10/2021,Holmes,ROV,Dive_2_T6,27.3,outer_reef,Genicanthus melanospilos,1,Oct_21_44494_Holmes_ROV_Dive_2_T6,0:03:20
Oct_21,25/10/2021,Holmes,ROV,Dive_2_T6,27.3,outer_reef,Hemigymnus fasciatus,1,Oct_21_44494_Holmes_ROV_Dive_2_T6,0:03:20
Oct_21,25/10/2021,Holmes,ROV,Dive_2_T6,27.3,outer_reef,Hemigymnus fasciatus,1,Oct_21_44494_Holmes_ROV_Dive_2_T6,0:03:20
Oct_21,25/10/2021,Holmes,ROV,Dive_2_T6,27.3,outer_reef,Myripristis murdjan,1,Oct_21_44494_Holmes_ROV_Dive_2_T6,0:03:20
Oct_21,25/10/2021,Holmes,ROV,Dive_2_T6,27.3,outer_reef,Myripristis murdjan,1,Oct_21_44494_Holmes_ROV_Dive_2_T6,0:03:20
Oct_21,25/10/2021,Holmes,ROV,Dive_2_T6,27.3,outer_reef,Ctenochaetus striatus,1,Oct_21_44494_Holmes_ROV_Dive_2_T6,0:03:20
Oct_21,25/10/2021,Holmes,ROV,Dive_2_T6,27.3,outer_reef,Genicanthus melanospilos,1,Oct_21_44494_Holmes_ROV_Dive_2_T6,0:03:20
Oct_21,25/10/2021,Holmes,ROV,Dive_2_T6,27.3,outer_reef,Genicanthus melanospilos,1,Oct_21_44494_Holmes_ROV_Dive_2_T6,0:03:20
Oct_21,25/10/2021,Holmes,ROV,Dive_2_T6,27.3,outer_reef,Genicanthus melanospilos,1,Oct_21_44494_Holmes_ROV_Dive_2_T6,0:03:20
Oct_21,25/10/2021,Holmes,ROV,Dive_2_T6,27.3,outer_reef,Genicanthus melanospilos,1,Oct_21_44494_Holmes_ROV_Dive_2_T6,0:03:20
Oct_21,25/10/2021,Holmes,ROV,Dive_2_T6,27.3,outer_reef,Genicanthus melanospilos,1,Oct_21_44494_Holmes_ROV_Dive_2_T6,0:03:20
Oct_21,25/10/2021,Holmes,ROV,Dive_2_T6,27.3,outer_reef,Chromis iomelas,1,Oct_21_44494_Holmes_ROV_Dive_2_T6,0:03:20
Oct_21,25/10/2021,Holmes,ROV,Dive_2_T6,27.3,outer_reef,Chromis iomelas,1,Oct_21_44494_Holmes_ROV_Dive_2_T6,0:03:20
Oct_21,25/10/2021,Holmes,ROV,Dive_2_T6,27.3,outer_reef,Chromis iomelas,1,Oct_21_44494_Holmes_ROV_Dive_2_T6,0:03:20
Oct_21,25/10/2021,Holmes,ROV,Dive_2_T6,27.3,outer_reef,Amblyglyphidodon aureus,1,Oct_21_44494_Holmes_ROV_Dive_2_T6,0:03:20
Oct_21,25/10/2021,Holmes,ROV,Dive_2_T6,27.3,outer_reef,Forcipiger flavissimus,1,Oct_21_44494_Holmes_ROV_Dive_2_T6,0:03:20
Oct_21,25/10/2021,Holmes,ROV,Dive_2_T6,27.3,outer_reef,Myripristis murdjan,1,Oct_21_44494_Holmes_ROV_Dive_2_T6,0:03:20
Oct_21,25/10/2021,Holmes,ROV,Dive_2_T6,27.3,outer_reef,Genicanthus melanospilos,1,Oct_21_44494_Holmes_ROV_Dive_2_T6,0:03:20
Oct_21,25/10/2021,Holmes,ROV,Dive_2_T6,27.3,outer_reef,Chromis iomelas,1,Oct_21_44494_Holmes_ROV_Dive_2_T6,0:03:20
Oct_21,25/10/2021,Holmes,ROV,Dive_2_T6,27.3,outer_reef,Genicanthus melanospilos,1,Oct_21_44494_Holmes_ROV_Dive_2_T6,0:03:20
Oct_21,25/10/2021,Holmes,ROV,Dive_2_T6,27.3,outer_reef,Amblyglyphidodon aureus,1,Oct_21_44494_Holmes_ROV_Dive_2_T6,0:03:20
Oct_21,25/10/2021,Holmes,ROV,Dive_2_T6,27.3,outer_reef,Amblyglyphidodon aureus,1,Oct_21_44494_Holmes_ROV_Dive_2_T6,0:03:20
Oct_21,25/10/2021,Holmes,ROV,Dive_2_T6,27.3,outer_reef,Genicanthus melanospilos,1,Oct_21_44494_Holmes_ROV_Dive_2_T6,0:03:20
Oct_21,25/10/2021,Holmes,ROV,Dive_2_T6,27.3,outer_reef,Genicanthus melanospilos,1,Oct_21_44494_Holmes_ROV_Dive_2_T6,0:03:20
Oct_21,25/10/2021,Holmes,ROV,Dive_2_T7,27.3,outer_reef,Cetoscarus ocellatus,1,Oct_21_44494_Holmes_ROV_Dive_2_T7,0:03:20
Oct_21,25/10/2021,Holmes,ROV,Dive_2_T7,22.4,outer_reef,Chromis iomelas,1,Oct_21_44494_Holmes_ROV_Dive_2_T7,0:03:20
Oct_21,25/10/2021,Holmes,ROV,Dive_2_T7,22.4,outer_reef,Chromis iomelas,1,Oct_21_44494_Holmes_ROV_Dive_2_T7,0:03:20
Oct_21,25/10/2021,Holmes,ROV,Dive_2_T7,22.4,outer_reef,Chromis iomelas,1,Oct_21_44494_Holmes_ROV_Dive_2_T7,0:03:20
Oct_21,25/10/2021,Holmes,ROV,Dive_2_T7,22.4,outer_reef,Chromis iomelas,1,Oct_21_44494_Holmes_ROV_Dive_2_T7,0:03:20
Oct_21,25/10/2021,Holmes,ROV,Dive_2_T7,22.4,outer_reef,Acanthurus nigrofuscus,1,Oct_21_44494_Holmes_ROV_Dive_2_T7,0:03:20
Oct_21,25/10/2021,Holmes,ROV,Dive_2_T7,22.4,outer_reef,Genicanthus melanospilos,1,Oct_21_44494_Holmes_ROV_Dive_2_T7,0:03:20
Oct_21,25/10/2021,Holmes,ROV,Dive_2_T7,22.4,outer_reef,Genicanthus melanospilos,1,Oct_21_44494_Holmes_ROV_Dive_2_T7,0:03:20
Oct_21,25/10/2021,Holmes,ROV,Dive_2_T7,22.4,outer_reef,Genicanthus melanospilos,1,Oct_21_44494_Holmes_ROV_Dive_2_T7,0:03:20
Oct_21,25/10/2021,Holmes,ROV,Dive_2_T7,22.4,outer_reef,Myripristis murdjan,1,Oct_21_44494_Holmes_ROV_Dive_2_T7,0:03:20
Oct_21,25/10/2021,Holmes,ROV,Dive_2_T7,22.4,outer_reef,Amblyglyphidodon aureus,1,Oct_21_44494_Holmes_ROV_Dive_2_T7,0:03:20
Oct_21,25/10/2021,Holmes,ROV,Dive_2_T7,22.4,outer_reef,Chromis iomelas,1,Oct_21_44494_Holmes_ROV_Dive_2_T7,0:03:20
Oct_21,25/10/2021,Holmes,ROV,Dive_2_T7,22.4,outer_reef,Chromis iomelas,1,Oct_21_44494_Holmes_ROV_Dive_2_T7,0:03:20
Oct_21,25/10/2021,Holmes,ROV,Dive_2_T7,22.4,outer_reef,Chromis iomelas,1,Oct_21_44494_Holmes_ROV_Dive_2_T7,0:03:20
Oct_21,25/10/2021,Holmes,ROV,Dive_2_T7,22.4,outer_reef,Hemitaurichthys polylepis,1,Oct_21_44494_Holmes_ROV_Dive_2_T7,0:03:20
Oct_21,25/10/2021,Holmes,ROV,Dive_2_T7,22.4,outer_reef,Chromis weberi,1,Oct_21_44494_Holmes_ROV_Dive_2_T7,0:03:20
Oct_21,25/10/2021,Holmes,ROV,Dive_2_T7,22.4,outer_reef,Acanthurus nigrofuscus,1,Oct_21_44494_Holmes_ROV_Dive_2_T7,0:03:20
Oct_21,25/10/2021,Holmes,ROV,Dive_2_T7,22.4,outer_reef,Acanthurus nigrofuscus,1,Oct_21_44494_Holmes_ROV_Dive_2_T7,0:03:20
Oct_21,25/10/2021,Holmes,ROV,Dive_2_T7,22.4,outer_reef,Acanthurus thompsoni,1,Oct_21_44494_Holmes_ROV_Dive_2_T7,0:03:20
Oct_21,25/10/2021,Holmes,ROV,Dive_2_T7,22.4,outer_reef,Genicanthus melanospilos,1,Oct_21_44494_Holmes_ROV_Dive_2_T7,0:03:20
Oct_21,25/10/2021,Holmes,ROV,Dive_2_T7,22.4,outer_reef,Genicanthus melanospilos,1,Oct_21_44494_Holmes_ROV_Dive_2_T7,0:03:20
Oct_21,25/10/2021,Holmes,ROV,Dive_2_T7,22.4,outer_reef,Genicanthus melanospilos,1,Oct_21_44494_Holmes_ROV_Dive_2_T7,0:03:20
Oct_21,25/10/2021,Holmes,ROV,Dive_2_T7,22.4,outer_reef,Genicanthus melanospilos,1,Oct_21_44494_Holmes_ROV_Dive_2_T7,0:03:20
Oct_21,25/10/2021,Holmes,ROV,Dive_2_T7,22.4,outer_reef,Genicanthus melanospilos,1,Oct_21_44494_Holmes_ROV_Dive_2_T7,0:03:20
Oct_21,25/10/2021,Holmes,ROV,Dive_2_T7,22.4,outer_reef,Amblyglyphidodon aureus,1,Oct_21_44494_Holmes_ROV_Dive_2_T7,0:03:20
Oct_21,25/10/2021,Holmes,ROV,Dive_2_T7,22.4,outer_reef,Forcipiger flavissimus,1,Oct_21_44494_Holmes_ROV_Dive_2_T7,0:03:20
Oct_21,25/10/2021,Holmes,ROV,Dive_2_T7,22.4,outer_reef,Ctenochaetus striatus,1,Oct_21_44494_Holmes_ROV_Dive_2_T7,0:03:20
Oct_21,25/10/2021,Holmes,ROV,Dive_2_T7,22.4,outer_reef,Genicanthus melanospilos,1,Oct_21_44494_Holmes_ROV_Dive_2_T7,0:03:20
Oct_21,25/10/2021,Holmes,ROV,Dive_2_T7,22.4,outer_reef,Genicanthus melanospilos,1,Oct_21_44494_Holmes_ROV_Dive_2_T7,0:03:20
Oct_21,25/10/2021,Holmes,ROV,Dive_2_T7,22.4,outer_reef,Genicanthus melanospilos,1,Oct_21_44494_Holmes_ROV_Dive_2_T7,0:03:20
Oct_21,25/10/2021,Holmes,ROV,Dive_2_T7,22.4,outer_reef,Forcipiger flavissimus,1,Oct_21_44494_Holmes_ROV_Dive_2_T7,0:03:20
Oct_21,25/10/2021,Holmes,ROV,Dive_2_T7,22.4,outer_reef,Hipposcarus longiceps,1,Oct_21_44494_Holmes_ROV_Dive_2_T7,0:03:20
Oct_21,25/10/2021,Holmes,ROV,Dive_2_T7,22.4,outer_reef,Genicanthus melanospilos,1,Oct_21_44494_Holmes_ROV_Dive_2_T7,0:03:20
Oct_21,25/10/2021,Holmes,ROV,Dive_2_T7,22.4,outer_reef,Genicanthus melanospilos,1,Oct_21_44494_Holmes_ROV_Dive_2_T7,0:03:20
Oct_21,25/10/2021,Holmes,ROV,Dive_2_T7,22.4,outer_reef,Genicanthus melanospilos,1,Oct_21_44494_Holmes_ROV_Dive_2_T7,0:03:20
Oct_21,25/10/2021,Holmes,ROV,Dive_2_T7,22.4,outer_reef,Naso hexacanthus,1,Oct_21_44494_Holmes_ROV_Dive_2_T7,0:03:20
Oct_21,25/10/2021,Holmes,ROV,Dive_2_T7,22.4,outer_reef,Naso hexacanthus,1,Oct_21_44494_Holmes_ROV_Dive_2_T7,0:03:20
Oct_21,25/10/2021,Holmes,ROV,Dive_2_T7,22.4,outer_reef,Lethrinus erythracanthus,1,Oct_21_44494_Holmes_ROV_Dive_2_T7,0:03:20
Oct_21,25/10/2021,Holmes,ROV,Dive_2_T7,22.4,outer_reef,Genicanthus melanospilos,1,Oct_21_44494_Holmes_ROV_Dive_2_T7,0:03:20
Oct_21,25/10/2021,Holmes,ROV,Dive_2_T7,22.4,outer_reef,Genicanthus melanospilos,1,Oct_21_44494_Holmes_ROV_Dive_2_T7,0:03:20
Oct_21,25/10/2021,Holmes,ROV,Dive_2_T7,22.4,outer_reef,Ostorhinchus aureus,1,Oct_21_44494_Holmes_ROV_Dive_2_T7,0:03:20
Oct_21,25/10/2021,Holmes,ROV,Dive_2_T7,22.4,outer_reef,Genicanthus melanospilos,1,Oct_21_44494_Holmes_ROV_Dive_2_T7,0:03:20
Oct_21,25/10/2021,Holmes,ROV,Dive_2_T7,22.4,outer_reef,Amblyglyphidodon aureus,1,Oct_21_44494_Holmes_ROV_Dive_2_T7,0:03:20
Oct_21,25/10/2021,Holmes,ROV,Dive_2_T7,22.4,outer_reef,Amblyglyphidodon aureus,1,Oct_21_44494_Holmes_ROV_Dive_2_T7,0:03:20
Oct_21,25/10/2021,Holmes,ROV,Dive_2_T8,22.4,outer_reef,Amblyglyphidodon aureus,1,Oct_21_44494_Holmes_ROV_Dive_2_T8,0:03:20
Oct_21,25/10/2021,Holmes,ROV,Dive_2_T8,18.2,outer_reef,Chromis iomelas,1,Oct_21_44494_Holmes_ROV_Dive_2_T8,0:03:20
Oct_21,25/10/2021,Holmes,ROV,Dive_2_T8,18.2,outer_reef,Acanthurus pyroferus,1,Oct_21_44494_Holmes_ROV_Dive_2_T8,0:03:20
Oct_21,25/10/2021,Holmes,ROV,Dive_2_T8,18.2,outer_reef,Scarus niger,1,Oct_21_44494_Holmes_ROV_Dive_2_T8,0:03:20
Oct_21,25/10/2021,Holmes,ROV,Dive_2_T8,18.2,outer_reef,Triaenodon obesus,1,Oct_21_44494_Holmes_ROV_Dive_2_T8,0:03:20
Oct_21,25/10/2021,Holmes,ROV,Dive_2_T8,18.2,outer_reef,Acanthurus thompsoni,1,Oct_21_44494_Holmes_ROV_Dive_2_T8,0:03:20
Oct_21,25/10/2021,Holmes,ROV,Dive_2_T8,18.2,outer_reef,Scarus niger,1,Oct_21_44494_Holmes_ROV_Dive_2_T8,0:03:20
Oct_21,25/10/2021,Holmes,ROV,Dive_2_T8,18.2,outer_reef,Genicanthus melanospilos,1,Oct_21_44494_Holmes_ROV_Dive_2_T8,0:03:20
Oct_21,25/10/2021,Holmes,ROV,Dive_2_T8,18.2,outer_reef,Genicanthus melanospilos,1,Oct_21_44494_Holmes_ROV_Dive_2_T8,0:03:20
Oct_21,25/10/2021,Holmes,ROV,Dive_2_T8,18.2,outer_reef,Genicanthus melanospilos,1,Oct_21_44494_Holmes_ROV_Dive_2_T8,0:03:20
Oct_21,25/10/2021,Holmes,ROV,Dive_2_T8,18.2,outer_reef,Genicanthus melanospilos,1,Oct_21_44494_Holmes_ROV_Dive_2_T8,0:03:20
Oct_21,25/10/2021,Holmes,ROV,Dive_2_T8,18.2,outer_reef,Acanthurus pyroferus,1,Oct_21_44494_Holmes_ROV_Dive_2_T8,0:03:20
Oct_21,25/10/2021,Holmes,ROV,Dive_2_T8,18.2,outer_reef,Acanthurus pyroferus,1,Oct_21_44494_Holmes_ROV_Dive_2_T8,0:03:20
Oct_21,25/10/2021,Holmes,ROV,Dive_2_T8,18.2,outer_reef,Genicanthus melanospilos,1,Oct_21_44494_Holmes_ROV_Dive_2_T8,0:03:20
Oct_21,25/10/2021,Holmes,ROV,Dive_2_T8,18.2,outer_reef,Chromis iomelas,1,Oct_21_44494_Holmes_ROV_Dive_2_T8,0:03:20
Oct_21,25/10/2021,Holmes,ROV,Dive_2_T8,18.2,outer_reef,Chromis iomelas,1,Oct_21_44494_Holmes_ROV_Dive_2_T8,0:03:20
Oct_21,25/10/2021,Holmes,ROV,Dive_2_T8,18.2,outer_reef,Chromis iomelas,1,Oct_21_44494_Holmes_ROV_Dive_2_T8,0:03:20
Oct_21,25/10/2021,Holmes,ROV,Dive_2_T8,18.2,outer_reef,Chromis iomelas,1,Oct_21_44494_Holmes_ROV_Dive_2_T8,0:03:20
Oct_21,25/10/2021,Holmes,ROV,Dive_2_T8,18.2,outer_reef,Chromis iomelas,1,Oct_21_44494_Holmes_ROV_Dive_2_T8,0:03:20
Oct_21,25/10/2021,Holmes,ROV,Dive_2_T8,18.2,outer_reef,Chromis iomelas,1,Oct_21_44494_Holmes_ROV_Dive_2_T8,0:03:20
Oct_21,25/10/2021,Holmes,ROV,Dive_2_T8,18.2,outer_reef,Chromis iomelas,1,Oct_21_44494_Holmes_ROV_Dive_2_T8,0:03:20
Oct_21,25/10/2021,Holmes,ROV,Dive_2_T8,18.2,outer_reef,Parupeneus multifasciatus,1,Oct_21_44494_Holmes_ROV_Dive_2_T8,0:03:20
Oct_21,25/10/2021,Holmes,ROV,Dive_2_T8,18.2,outer_reef,Ctenochaetus striatus,1,Oct_21_44494_Holmes_ROV_Dive_2_T8,0:03:20
Oct_21,25/10/2021,Holmes,ROV,Dive_2_T8,18.2,outer_reef,Ctenochaetus striatus,1,Oct_21_44494_Holmes_ROV_Dive_2_T8,0:03:20
Oct_21,25/10/2021,Holmes,ROV,Dive_2_T8,18.2,outer_reef,Balistapus undulatus,1,Oct_21_44494_Holmes_ROV_Dive_2_T8,0:03:20
Oct_21,25/10/2021,Holmes,ROV,Dive_2_T8,18.2,outer_reef,Genicanthus melanospilos,1,Oct_21_44494_Holmes_ROV_Dive_2_T8,0:03:20
Oct_21,25/10/2021,Holmes,ROV,Dive_2_T8,18.2,outer_reef,Amblyglyphidodon aureus,1,Oct_21_44494_Holmes_ROV_Dive_2_T8,0:03:20
Oct_21,25/10/2021,Holmes,ROV,Dive_2_T8,18.2,outer_reef,Genicanthus melanospilos,1,Oct_21_44494_Holmes_ROV_Dive_2_T8,0:03:20
Oct_21,25/10/2021,Holmes,ROV,Dive_2_T8,18.2,outer_reef,Chromis iomelas,1,Oct_21_44494_Holmes_ROV_Dive_2_T8,0:03:20
Oct_21,25/10/2021,Holmes,ROV,Dive_2_T8,18.2,outer_reef,Chromis iomelas,1,Oct_21_44494_Holmes_ROV_Dive_2_T8,0:03:20
Oct_21,25/10/2021,Holmes,ROV,Dive_2_T8,18.2,outer_reef,Pseudanthias pleurotaenia,1,Oct_21_44494_Holmes_ROV_Dive_2_T8,0:03:20
Oct_21,25/10/2021,Holmes,ROV,Dive_2_T8,18.2,outer_reef,Pseudanthias pleurotaenia,1,Oct_21_44494_Holmes_ROV_Dive_2_T8,0:03:20
Oct_21,25/10/2021,Holmes,ROV,Dive_2_T8,18.2,outer_reef,Pseudanthias pleurotaenia,1,Oct_21_44494_Holmes_ROV_Dive_2_T8,0:03:20
Oct_21,25/10/2021,Holmes,ROV,Dive_2_T8,18.2,outer_reef,Dascyllus trimaculatus,1,Oct_21_44494_Holmes_ROV_Dive_2_T8,0:03:20
Oct_21,25/10/2021,Holmes,ROV,Dive_2_T8,18.2,outer_reef,Dascyllus trimaculatus,1,Oct_21_44494_Holmes_ROV_Dive_2_T8,0:03:20
Oct_21,25/10/2021,Holmes,ROV,Dive_2_T8,18.2,outer_reef,Scarus niger,1,Oct_21_44494_Holmes_ROV_Dive_2_T8,0:03:20
Oct_21,25/10/2021,Holmes,ROV,Dive_2_T8,18.2,outer_reef,Genicanthus melanospilos,1,Oct_21_44494_Holmes_ROV_Dive_2_T8,0:03:20
Oct_21,25/10/2021,Holmes,ROV,Dive_2_T8,18.2,outer_reef,Genicanthus melanospilos,1,Oct_21_44494_Holmes_ROV_Dive_2_T8,0:03:20
Oct_21,25/10/2021,Holmes,ROV,Dive_2_T8,18.2,outer_reef,Genicanthus melanospilos,1,Oct_21_44494_Holmes_ROV_Dive_2_T8,0:03:20
Oct_21,25/10/2021,Holmes,ROV,Dive_2_T8,18.2,outer_reef,Scarus flavipectoralis,1,Oct_21_44494_Holmes_ROV_Dive_2_T8,0:03:20
Oct_21,25/10/2021,Holmes,ROV,Dive_2_T8,18.2,outer_reef,Scarus flavipectoralis,1,Oct_21_44494_Holmes_ROV_Dive_2_T8,0:03:20
Oct_21,25/10/2021,Holmes,ROV,Dive_2_T8,18.2,outer_reef,Ctenochaetus striatus,1,Oct_21_44494_Holmes_ROV_Dive_2_T8,0:03:20
Oct_21,25/10/2021,Holmes,ROV,Dive_2_T8,18.2,outer_reef,Ctenochaetus striatus,1,Oct_21_44494_Holmes_ROV_Dive_2_T8,0:03:20
Oct_21,25/10/2021,Holmes,ROV,Dive_2_T8,18.2,outer_reef,Chaetodon punctatofasciatus,1,Oct_21_44494_Holmes_ROV_Dive_2_T8,0:03:20
Oct_21,25/10/2021,Holmes,ROV,Dive_2_T8,18.2,outer_reef,Acanthochromis polyacanthus,1,Oct_21_44494_Holmes_ROV_Dive_2_T8,0:03:20
Oct_21,25/10/2021,Holmes,ROV,Dive_2_T8,18.2,outer_reef,Acanthochromis polyacanthus,1,Oct_21_44494_Holmes_ROV_Dive_2_T8,0:03:20
Oct_21,25/10/2021,Holmes,ROV,Dive_2_T9,18.2,outer_reef,Genicanthus melanospilos,1,Oct_21_44494_Holmes_ROV_Dive_2_T9,0:03:20
Oct_21,25/10/2021,Holmes,ROV,Dive_2_T9,12.6,outer_reef,Chromis iomelas,1,Oct_21_44494_Holmes_ROV_Dive_2_T9,0:03:20
Oct_21,25/10/2021,Holmes,ROV,Dive_2_T9,12.6,outer_reef,Chromis iomelas,1,Oct_21_44494_Holmes_ROV_Dive_2_T9,0:03:20
Oct_21,25/10/2021,Holmes,ROV,Dive_2_T9,12.6,outer_reef,Chromis iomelas,1,Oct_21_44494_Holmes_ROV_Dive_2_T9,0:03:20
Oct_21,25/10/2021,Holmes,ROV,Dive_2_T9,12.6,outer_reef,Chromis iomelas,1,Oct_21_44494_Holmes_ROV_Dive_2_T9,0:03:20
Oct_21,25/10/2021,Holmes,ROV,Dive_2_T9,12.6,outer_reef,Chromis iomelas,1,Oct_21_44494_Holmes_ROV_Dive_2_T9,0:03:20
Oct_21,25/10/2021,Holmes,ROV,Dive_2_T9,12.6,outer_reef,Genicanthus melanospilos,1,Oct_21_44494_Holmes_ROV_Dive_2_T9,0:03:20
Oct_21,25/10/2021,Holmes,ROV,Dive_2_T9,12.6,outer_reef,Genicanthus melanospilos,1,Oct_21_44494_Holmes_ROV_Dive_2_T9,0:03:20
Oct_21,25/10/2021,Holmes,ROV,Dive_2_T9,12.6,outer_reef,Halichoeres hortulanus,1,Oct_21_44494_Holmes_ROV_Dive_2_T9,0:03:20
Oct_21,25/10/2021,Holmes,ROV,Dive_2_T9,12.6,outer_reef,Chromis iomelas,1,Oct_21_44494_Holmes_ROV_Dive_2_T9,0:03:20
Oct_21,25/10/2021,Holmes,ROV,Dive_2_T9,12.6,outer_reef,Chromis iomelas,1,Oct_21_44494_Holmes_ROV_Dive_2_T9,0:03:20
Oct_21,25/10/2021,Holmes,ROV,Dive_2_T9,12.6,outer_reef,Zebrasoma scopas,1,Oct_21_44494_Holmes_ROV_Dive_2_T9,0:03:20
Oct_21,25/10/2021,Holmes,ROV,Dive_2_T9,12.6,outer_reef,Chromis iomelas,1,Oct_21_44494_Holmes_ROV_Dive_2_T9,0:03:20
Oct_21,25/10/2021,Holmes,ROV,Dive_2_T9,12.6,outer_reef,Chromis iomelas,1,Oct_21_44494_Holmes_ROV_Dive_2_T9,0:03:20
Oct_21,25/10/2021,Holmes,ROV,Dive_2_T9,12.6,outer_reef,Acanthurus pyroferus,1,Oct_21_44494_Holmes_ROV_Dive_2_T9,0:03:20
Oct_21,25/10/2021,Holmes,ROV,Dive_2_T9,12.6,outer_reef,Acanthurus pyroferus,1,Oct_21_44494_Holmes_ROV_Dive_2_T9,0:03:20
Oct_21,25/10/2021,Holmes,ROV,Dive_2_T9,12.6,outer_reef,Ctenochaetus striatus,1,Oct_21_44494_Holmes_ROV_Dive_2_T9,0:03:20
Oct_21,25/10/2021,Holmes,ROV,Dive_2_T9,12.6,outer_reef,Zebrasoma scopas,1,Oct_21_44494_Holmes_ROV_Dive_2_T9,0:03:20
Oct_21,25/10/2021,Holmes,ROV,Dive_2_T9,12.6,outer_reef,Ctenochaetus striatus,1,Oct_21_44494_Holmes_ROV_Dive_2_T9,0:03:20
Oct_21,25/10/2021,Holmes,ROV,Dive_2_T9,12.6,outer_reef,Genicanthus melanospilos,1,Oct_21_44494_Holmes_ROV_Dive_2_T9,0:03:20
Oct_21,25/10/2021,Holmes,ROV,Dive_2_T9,12.6,outer_reef,Genicanthus melanospilos,1,Oct_21_44494_Holmes_ROV_Dive_2_T9,0:03:20
Oct_21,25/10/2021,Holmes,ROV,Dive_2_T9,12.6,outer_reef,Ctenochaetus striatus,1,Oct_21_44494_Holmes_ROV_Dive_2_T9,0:03:20
Oct_21,25/10/2021,Holmes,ROV,Dive_2_T9,12.6,outer_reef,Chromis iomelas,1,Oct_21_44494_Holmes_ROV_Dive_2_T9,0:03:20
Oct_21,25/10/2021,Holmes,ROV,Dive_2_T9,12.6,outer_reef,Chromis iomelas,1,Oct_21_44494_Holmes_ROV_Dive_2_T9,0:03:20
Oct_21,25/10/2021,Holmes,ROV,Dive_2_T9,12.6,outer_reef,Chromis iomelas,1,Oct_21_44494_Holmes_ROV_Dive_2_T9,0:03:20
Oct_21,25/10/2021,Holmes,ROV,Dive_2_T9,12.6,outer_reef,Amblyglyphidodon aureus,1,Oct_21_44494_Holmes_ROV_Dive_2_T9,0:03:20
Oct_21,25/10/2021,Holmes,ROV,Dive_2_T9,12.6,outer_reef,Chromis iomelas,1,Oct_21_44494_Holmes_ROV_Dive_2_T9,0:03:20
Oct_21,25/10/2021,Holmes,ROV,Dive_2_T9,12.6,outer_reef,Chromis iomelas,1,Oct_21_44494_Holmes_ROV_Dive_2_T9,0:03:20
Oct_21,25/10/2021,Holmes,ROV,Dive_2_T9,12.6,outer_reef,Chromis iomelas,1,Oct_21_44494_Holmes_ROV_Dive_2_T9,0:03:20
Oct_21,25/10/2021,Holmes,ROV,Dive_2_T9,12.6,outer_reef,Chromis iomelas,1,Oct_21_44494_Holmes_ROV_Dive_2_T9,0:03:20
Oct_21,25/10/2021,Holmes,ROV,Dive_2_T9,12.6,outer_reef,Chromis iomelas,1,Oct_21_44494_Holmes_ROV_Dive_2_T9,0:03:20
Oct_21,25/10/2021,Holmes,ROV,Dive_2_T9,12.6,outer_reef,Chromis iomelas,1,Oct_21_44494_Holmes_ROV_Dive_2_T9,0:03:20
Oct_21,25/10/2021,Holmes,ROV,Dive_2_T9,12.6,outer_reef,Chromis iomelas,1,Oct_21_44494_Holmes_ROV_Dive_2_T9,0:03:20
Oct_21,25/10/2021,Holmes,ROV,Dive_2_T9,12.6,outer_reef,Ctenochaetus striatus,1,Oct_21_44494_Holmes_ROV_Dive_2_T9,0:03:20
Oct_21,25/10/2021,Holmes,ROV,Dive_2_T9,12.6,outer_reef,Chromis iomelas,1,Oct_21_44494_Holmes_ROV_Dive_2_T9,0:03:20
Oct_21,25/10/2021,Holmes,ROV,Dive_2_T9,12.6,outer_reef,Chromis iomelas,1,Oct_21_44494_Holmes_ROV_Dive_2_T9,0:03:20
Oct_21,25/10/2021,Holmes,ROV,Dive_2_T9,12.6,outer_reef,Chromis iomelas,1,Oct_21_44494_Holmes_ROV_Dive_2_T9,0:03:20
Oct_21,25/10/2021,Holmes,ROV,Dive_2_T9,12.6,outer_reef,Chromis iomelas,1,Oct_21_44494_Holmes_ROV_Dive_2_T9,0:03:20
Oct_21,25/10/2021,Holmes,ROV,Dive_2_T9,12.6,outer_reef,Chromis iomelas,1,Oct_21_44494_Holmes_ROV_Dive_2_T9,0:03:20
Oct_21,25/10/2021,Holmes,ROV,Dive_2_T9,12.6,outer_reef,Chromis iomelas,1,Oct_21_44494_Holmes_ROV_Dive_2_T9,0:03:20
Oct_21,25/10/2021,Holmes,ROV,Dive_2_T9,12.6,outer_reef,Chromis iomelas,1,Oct_21_44494_Holmes_ROV_Dive_2_T9,0:03:20
Oct_21,25/10/2021,Holmes,ROV,Dive_2_T9,12.6,outer_reef,Ctenochaetus striatus,1,Oct_21_44494_Holmes_ROV_Dive_2_T9,0:03:20
Oct_21,25/10/2021,Holmes,ROV,Dive_2_T9,12.6,outer_reef,Chromis iomelas,1,Oct_21_44494_Holmes_ROV_Dive_2_T9,0:03:20
Oct_21,25/10/2021,Holmes,ROV,Dive_2_T9,12.6,outer_reef,Chromis iomelas,1,Oct_21_44494_Holmes_ROV_Dive_2_T9,0:03:20
Oct_21,25/10/2021,Holmes,ROV,Dive_2_T9,12.6,outer_reef,Chromis iomelas,1,Oct_21_44494_Holmes_ROV_Dive_2_T9,0:03:20
Oct_21,25/10/2021,Holmes,ROV,Dive_2_T9,12.6,outer_reef,Chromis iomelas,1,Oct_21_44494_Holmes_ROV_Dive_2_T9,0:03:20
Oct_21,25/10/2021,Holmes,ROV,Dive_2_T9,12.6,outer_reef,Pomacentrus reidi,1,Oct_21_44494_Holmes_ROV_Dive_2_T9,0:03:20
Oct_21,25/10/2021,Holmes,ROV,Dive_2_T9,12.6,outer_reef,Zebrasoma scopas,1,Oct_21_44494_Holmes_ROV_Dive_2_T9,0:03:20
Oct_21,25/10/2021,Holmes,ROV,Dive_2_T9,12.6,outer_reef,Zanclus cornutus,1,Oct_21_44494_Holmes_ROV_Dive_2_T9,0:03:20
Oct_21,25/10/2021,Holmes,ROV,Dive_2_T9,12.6,outer_reef,Acanthurus thompsoni,1,Oct_21_44494_Holmes_ROV_Dive_2_T9,0:03:20
Oct_21,25/10/2021,Holmes,ROV,Dive_2_T9,12.6,outer_reef,Labroides dimidiatus,1,Oct_21_44494_Holmes_ROV_Dive_2_T9,0:03:20
Oct_21,25/10/2021,Holmes,ROV,Dive_2_T9,12.6,outer_reef,Pomacentrus reidi,1,Oct_21_44494_Holmes_ROV_Dive_2_T9,0:03:20
Oct_21,25/10/2021,Holmes,ROV,Dive_2_T9,12.6,outer_reef,Pomacentrus reidi,1,Oct_21_44494_Holmes_ROV_Dive_2_T9,0:03:20
Oct_21,25/10/2021,Holmes,ROV,Dive_2_T9,12.6,outer_reef,Acanthurus pyroferus,1,Oct_21_44494_Holmes_ROV_Dive_2_T9,0:03:20
Oct_21,25/10/2021,Holmes,ROV,Dive_2_T9,12.6,outer_reef,Scarus niger,1,Oct_21_44494_Holmes_ROV_Dive_2_T9,0:03:20
Oct_21,25/10/2021,Holmes,ROV,Dive_2_T9,12.6,outer_reef,Amblyglyphidodon aureus,1,Oct_21_44494_Holmes_ROV_Dive_2_T9,0:03:20
Oct_21,25/10/2021,Holmes,ROV,Dive_2_T9,12.6,outer_reef,Gymnocranius grandoculis,1,Oct_21_44494_Holmes_ROV_Dive_2_T9,0:03:20
Oct_21,25/10/2021,Holmes,ROV,Dive_2_T9,12.6,outer_reef,Naso lituratus,1,Oct_21_44494_Holmes_ROV_Dive_2_T9,0:03:20
Oct_21,25/10/2021,Holmes,ROV,Dive_2_T9,12.6,outer_reef,Forcipiger flavissimus,1,Oct_21_44494_Holmes_ROV_Dive_2_T9,0:03:20
Oct_21,25/10/2021,Holmes,ROV,Dive_2_T9,12.6,outer_reef,Macolor macularis,1,Oct_21_44494_Holmes_ROV_Dive_2_T9,0:03:20
Oct_21,25/10/2021,Holmes,ROV,Dive_2_T9,12.6,outer_reef,Chromis iomelas,1,Oct_21_44494_Holmes_ROV_Dive_2_T9,0:03:20
Oct_21,25/10/2021,Holmes,ROV,Dive_2_T9,12.6,outer_reef,Chromis iomelas,1,Oct_21_44494_Holmes_ROV_Dive_2_T9,0:03:20
Oct_21,25/10/2021,Holmes,ROV,Dive_2_T9,12.6,outer_reef,Chromis iomelas,1,Oct_21_44494_Holmes_ROV_Dive_2_T9,0:03:20
Oct_21,25/10/2021,Holmes,ROV,Dive_2_T9,12.6,outer_reef,Chromis iomelas,1,Oct_21_44494_Holmes_ROV_Dive_2_T9,0:03:20
Oct_21,25/10/2021,Holmes,ROV,Dive_2_T9,12.6,outer_reef,Chromis iomelas,1,Oct_21_44494_Holmes_ROV_Dive_2_T9,0:03:20
Oct_21,25/10/2021,Holmes,ROV,Dive_2_T9,12.6,outer_reef,Macolor macularis,1,Oct_21_44494_Holmes_ROV_Dive_2_T9,0:03:20
Oct_21,25/10/2021,Holmes,ROV,Dive_2_T9,12.6,outer_reef,Chlorurus sordidus,1,Oct_21_44494_Holmes_ROV_Dive_2_T9,0:03:20
Oct_21,25/10/2021,Holmes,ROV,Dive_2_T9,12.6,outer_reef,Amblyglyphidodon aureus,1,Oct_21_44494_Holmes_ROV_Dive_2_T9,0:03:20
Oct_21,25/10/2021,Holmes,ROV,Dive_2_T9,12.6,outer_reef,Ctenochaetus striatus,1,Oct_21_44494_Holmes_ROV_Dive_2_T9,0:03:20
Oct_21,25/10/2021,Holmes,ROV,Dive_2_T10,12.6,outer_reef,Amblyglyphidodon aureus,1,Oct_21_44494_Holmes_ROV_Dive_2_T10,0:03:20
Oct_21,25/10/2021,Holmes,ROV,Dive_2_T10,9.6,outer_reef,Pomacentrus reidi,1,Oct_21_44494_Holmes_ROV_Dive_2_T10,0:03:20
Oct_21,25/10/2021,Holmes,ROV,Dive_2_T10,9.6,outer_reef,Chromis iomelas,1,Oct_21_44494_Holmes_ROV_Dive_2_T10,0:03:20
Oct_21,25/10/2021,Holmes,ROV,Dive_2_T10,9.6,outer_reef,Chromis iomelas,1,Oct_21_44494_Holmes_ROV_Dive_2_T10,0:03:20
Oct_21,25/10/2021,Holmes,ROV,Dive_2_T10,9.6,outer_reef,Chromis iomelas,1,Oct_21_44494_Holmes_ROV_Dive_2_T10,0:03:20
Oct_21,25/10/2021,Holmes,ROV,Dive_2_T10,9.6,outer_reef,Chromis iomelas,1,Oct_21_44494_Holmes_ROV_Dive_2_T10,0:03:20
Oct_21,25/10/2021,Holmes,ROV,Dive_2_T10,9.6,outer_reef,Chromis iomelas,1,Oct_21_44494_Holmes_ROV_Dive_2_T10,0:03:20
Oct_21,25/10/2021,Holmes,ROV,Dive_2_T10,9.6,outer_reef,Chromis iomelas,1,Oct_21_44494_Holmes_ROV_Dive_2_T10,0:03:20
Oct_21,25/10/2021,Holmes,ROV,Dive_2_T10,9.6,outer_reef,Chromis iomelas,1,Oct_21_44494_Holmes_ROV_Dive_2_T10,0:03:20
Oct_21,25/10/2021,Holmes,ROV,Dive_2_T10,9.6,outer_reef,Chromis iomelas,1,Oct_21_44494_Holmes_ROV_Dive_2_T10,0:03:20
Oct_21,25/10/2021,Holmes,ROV,Dive_2_T10,9.6,outer_reef,Amblyglyphidodon aureus,1,Oct_21_44494_Holmes_ROV_Dive_2_T10,0:03:20
Oct_21,25/10/2021,Holmes,ROV,Dive_2_T10,9.6,outer_reef,Ctenochaetus striatus,1,Oct_21_44494_Holmes_ROV_Dive_2_T10,0:03:20
Oct_21,25/10/2021,Holmes,ROV,Dive_2_T10,9.6,outer_reef,Stethojulis bandanensis,1,Oct_21_44494_Holmes_ROV_Dive_2_T10,0:03:20
Oct_21,25/10/2021,Holmes,ROV,Dive_2_T10,9.6,outer_reef,Scarus niger,1,Oct_21_44494_Holmes_ROV_Dive_2_T10,0:03:20
Oct_21,25/10/2021,Holmes,ROV,Dive_2_T10,9.6,outer_reef,Chromis margaritifer,1,Oct_21_44494_Holmes_ROV_Dive_2_T10,0:03:20
Oct_21,25/10/2021,Holmes,ROV,Dive_2_T10,9.6,outer_reef,Acanthurus pyroferus,1,Oct_21_44494_Holmes_ROV_Dive_2_T10,0:03:20
Oct_21,25/10/2021,Holmes,ROV,Dive_2_T10,9.6,outer_reef,Chromis iomelas,1,Oct_21_44494_Holmes_ROV_Dive_2_T10,0:03:20
Oct_21,25/10/2021,Holmes,ROV,Dive_2_T10,9.6,outer_reef,Chromis iomelas,1,Oct_21_44494_Holmes_ROV_Dive_2_T10,0:03:20
Oct_21,25/10/2021,Holmes,ROV,Dive_2_T10,9.6,outer_reef,Chromis iomelas,1,Oct_21_44494_Holmes_ROV_Dive_2_T10,0:03:20
Oct_21,25/10/2021,Holmes,ROV,Dive_2_T10,9.6,outer_reef,Chromis iomelas,1,Oct_21_44494_Holmes_ROV_Dive_2_T10,0:03:20
Oct_21,25/10/2021,Holmes,ROV,Dive_2_T10,9.6,outer_reef,Chromis iomelas,1,Oct_21_44494_Holmes_ROV_Dive_2_T10,0:03:20
Oct_21,25/10/2021,Holmes,ROV,Dive_2_T10,9.6,outer_reef,Chromis iomelas,1,Oct_21_44494_Holmes_ROV_Dive_2_T10,0:03:20
Oct_21,25/10/2021,Holmes,ROV,Dive_2_T10,9.6,outer_reef,Chromis iomelas,1,Oct_21_44494_Holmes_ROV_Dive_2_T10,0:03:20
Oct_21,25/10/2021,Holmes,ROV,Dive_2_T10,9.6,outer_reef,Naso lituratus,1,Oct_21_44494_Holmes_ROV_Dive_2_T10,0:03:20
Oct_21,25/10/2021,Holmes,ROV,Dive_2_T10,9.6,outer_reef,Chromis iomelas,1,Oct_21_44494_Holmes_ROV_Dive_2_T10,0:03:20
Oct_21,25/10/2021,Holmes,ROV,Dive_2_T10,9.6,outer_reef,Chromis iomelas,1,Oct_21_44494_Holmes_ROV_Dive_2_T10,0:03:20
Oct_21,25/10/2021,Holmes,ROV,Dive_2_T10,9.6,outer_reef,Chromis iomelas,1,Oct_21_44494_Holmes_ROV_Dive_2_T10,0:03:20
Oct_21,25/10/2021,Holmes,ROV,Dive_2_T10,9.6,outer_reef,Chromis iomelas,1,Oct_21_44494_Holmes_ROV_Dive_2_T10,0:03:20
Oct_21,25/10/2021,Holmes,ROV,Dive_2_T10,9.6,outer_reef,Chromis iomelas,1,Oct_21_44494_Holmes_ROV_Dive_2_T10,0:03:20
Oct_21,25/10/2021,Holmes,ROV,Dive_2_T10,9.6,outer_reef,Ctenochaetus striatus,1,Oct_21_44494_Holmes_ROV_Dive_2_T10,0:03:20
Oct_21,25/10/2021,Holmes,ROV,Dive_2_T10,9.6,outer_reef,Ctenochaetus striatus,1,Oct_21_44494_Holmes_ROV_Dive_2_T10,0:03:20
Oct_21,25/10/2021,Holmes,ROV,Dive_2_T10,9.6,outer_reef,Amblyglyphidodon aureus,1,Oct_21_44494_Holmes_ROV_Dive_2_T10,0:03:20
Oct_21,25/10/2021,Holmes,ROV,Dive_2_T10,9.6,outer_reef,Naso lituratus,1,Oct_21_44494_Holmes_ROV_Dive_2_T10,0:03:20
Oct_21,25/10/2021,Holmes,ROV,Dive_2_T10,9.6,outer_reef,Chromis margaritifer,1,Oct_21_44494_Holmes_ROV_Dive_2_T10,0:03:20
Oct_21,25/10/2021,Holmes,ROV,Dive_2_T10,9.6,outer_reef,Chromis margaritifer,1,Oct_21_44494_Holmes_ROV_Dive_2_T10,0:03:20
Oct_21,25/10/2021,Holmes,ROV,Dive_2_T10,9.6,outer_reef,Chromis iomelas,1,Oct_21_44494_Holmes_ROV_Dive_2_T10,0:03:20
Oct_21,25/10/2021,Holmes,ROV,Dive_2_T10,9.6,outer_reef,Chromis iomelas,1,Oct_21_44494_Holmes_ROV_Dive_2_T10,0:03:20
Oct_21,25/10/2021,Holmes,ROV,Dive_2_T10,9.6,outer_reef,Chromis iomelas,1,Oct_21_44494_Holmes_ROV_Dive_2_T10,0:03:20
Oct_21,25/10/2021,Holmes,ROV,Dive_2_T10,9.6,outer_reef,Chromis iomelas,1,Oct_21_44494_Holmes_ROV_Dive_2_T10,0:03:20
Oct_21,25/10/2021,Holmes,ROV,Dive_2_T10,9.6,outer_reef,Chromis iomelas,1,Oct_21_44494_Holmes_ROV_Dive_2_T10,0:03:20
Oct_21,25/10/2021,Holmes,ROV,Dive_2_T10,9.6,outer_reef,Chromis iomelas,1,Oct_21_44494_Holmes_ROV_Dive_2_T10,0:03:20
Oct_21,25/10/2021,Holmes,ROV,Dive_2_T10,9.6,outer_reef,Zanclus cornutus,1,Oct_21_44494_Holmes_ROV_Dive_2_T10,0:03:20
Oct_21,25/10/2021,Holmes,ROV,Dive_2_T10,9.6,outer_reef,Chromis iomelas,1,Oct_21_44494_Holmes_ROV_Dive_2_T10,0:03:20
Oct_21,25/10/2021,Holmes,ROV,Dive_2_T10,9.6,outer_reef,Chromis iomelas,1,Oct_21_44494_Holmes_ROV_Dive_2_T10,0:03:20
Oct_21,25/10/2021,Holmes,ROV,Dive_2_T10,9.6,outer_reef,Chromis iomelas,1,Oct_21_44494_Holmes_ROV_Dive_2_T10,0:03:20
Oct_21,25/10/2021,Holmes,ROV,Dive_2_T10,9.6,outer_reef,Chromis iomelas,1,Oct_21_44494_Holmes_ROV_Dive_2_T10,0:03:20
Oct_21,25/10/2021,Holmes,ROV,Dive_2_T10,9.6,outer_reef,Chromis iomelas,1,Oct_21_44494_Holmes_ROV_Dive_2_T10,0:03:20
Oct_21,25/10/2021,Holmes,ROV,Dive_2_T10,9.6,outer_reef,Chromis iomelas,1,Oct_21_44494_Holmes_ROV_Dive_2_T10,0:03:20
Oct_21,25/10/2021,Holmes,ROV,Dive_2_T10,9.6,outer_reef,Chromis iomelas,1,Oct_21_44494_Holmes_ROV_Dive_2_T10,0:03:20
Oct_21,25/10/2021,Holmes,ROV,Dive_2_T10,9.6,outer_reef,Chromis iomelas,1,Oct_21_44494_Holmes_ROV_Dive_2_T10,0:03:20
Oct_21,25/10/2021,Holmes,ROV,Dive_2_T10,9.6,outer_reef,Chromis iomelas,1,Oct_21_44494_Holmes_ROV_Dive_2_T10,0:03:20
Oct_21,25/10/2021,Holmes,ROV,Dive_2_T10,9.6,outer_reef,Chromis iomelas,1,Oct_21_44494_Holmes_ROV_Dive_2_T10,0:03:20
Oct_21,25/10/2021,Holmes,ROV,Dive_2_T10,9.6,outer_reef,Chromis iomelas,1,Oct_21_44494_Holmes_ROV_Dive_2_T10,0:03:20
Oct_21,25/10/2021,Holmes,ROV,Dive_2_T10,9.6,outer_reef,Chromis iomelas,1,Oct_21_44494_Holmes_ROV_Dive_2_T10,0:03:20
Oct_21,25/10/2021,Holmes,ROV,Dive_2_T10,9.6,outer_reef,Parupeneus trifasciatus,1,Oct_21_44494_Holmes_ROV_Dive_2_T10,0:03:20
Oct_21,25/10/2021,Holmes,ROV,Dive_2_T10,9.6,outer_reef,Naso lituratus,1,Oct_21_44494_Holmes_ROV_Dive_2_T10,0:03:20
Oct_21,25/10/2021,Holmes,ROV,Dive_2_T10,9.6,outer_reef,Cetoscarus ocellatus,1,Oct_21_44494_Holmes_ROV_Dive_2_T10,0:03:20
Oct_21,25/10/2021,Holmes,ROV,Dive_2_T10,9.6,outer_reef,Cetoscarus ocellatus,1,Oct_21_44494_Holmes_ROV_Dive_2_T10,0:03:20
Oct_21,25/10/2021,Holmes,ROV,Dive_2_T10,9.6,outer_reef,Cetoscarus ocellatus,1,Oct_21_44494_Holmes_ROV_Dive_2_T10,0:03:20
Oct_21,25/10/2021,Holmes,ROV,Dive_2_T10,9.6,outer_reef,Chlorurus sordidus,1,Oct_21_44494_Holmes_ROV_Dive_2_T10,0:03:20
Oct_21,25/10/2021,Holmes,ROV,Dive_2_T10,9.6,outer_reef,Parupeneus multifasciatus,1,Oct_21_44494_Holmes_ROV_Dive_2_T10,0:03:20
Oct_21,25/10/2021,Holmes,ROV,Dive_2_T10,9.6,outer_reef,Chromis iomelas,1,Oct_21_44494_Holmes_ROV_Dive_2_T10,0:03:20
Oct_21,25/10/2021,Holmes,ROV,Dive_2_T10,9.6,outer_reef,Chromis iomelas,1,Oct_21_44494_Holmes_ROV_Dive_2_T10,0:03:20
Oct_21,25/10/2021,Holmes,ROV,Dive_2_T10,9.6,outer_reef,Chromis iomelas,1,Oct_21_44494_Holmes_ROV_Dive_2_T10,0:03:20
Oct_21,25/10/2021,Holmes,ROV,Dive_2_T10,9.6,outer_reef,Chromis iomelas,1,Oct_21_44494_Holmes_ROV_Dive_2_T10,0:03:20
Oct_21,25/10/2021,Holmes,ROV,Dive_2_T10,9.6,outer_reef,Chromis iomelas,1,Oct_21_44494_Holmes_ROV_Dive_2_T10,0:03:20
Oct_21,25/10/2021,Holmes,ROV,Dive_2_T10,9.6,outer_reef,Ctenochaetus striatus,1,Oct_21_44494_Holmes_ROV_Dive_2_T10,0:03:20
Oct_21,25/10/2021,Holmes,ROV,Dive_2_T10,9.6,outer_reef,Chromis iomelas,1,Oct_21_44494_Holmes_ROV_Dive_2_T10,0:03:20
Oct_21,25/10/2021,Holmes,ROV,Dive_2_T10,9.6,outer_reef,Chromis iomelas,1,Oct_21_44494_Holmes_ROV_Dive_2_T10,0:03:20
Oct_21,25/10/2021,Holmes,ROV,Dive_2_T10,9.6,outer_reef,Chlorurus sordidus,1,Oct_21_44494_Holmes_ROV_Dive_2_T10,0:03:20
Oct_21,25/10/2021,Holmes,ROV,Dive_2_T10,9.6,outer_reef,Chromis iomelas,1,Oct_21_44494_Holmes_ROV_Dive_2_T10,0:03:20
Oct_21,25/10/2021,Holmes,ROV,Dive_2_T10,9.6,outer_reef,Halichoeres hortulanus,1,Oct_21_44494_Holmes_ROV_Dive_2_T10,0:03:20
Oct_21,25/10/2021,Holmes,ROV,Dive_2_T10,9.6,outer_reef,Ctenochaetus striatus,1,Oct_21_44494_Holmes_ROV_Dive_2_T10,0:03:20
Oct_21,25/10/2021,Holmes,ROV,Dive_2_T10,9.6,outer_reef,Ctenochaetus striatus,1,Oct_21_44494_Holmes_ROV_Dive_2_T10,0:03:20
Oct_21,25/10/2021,Holmes,ROV,Dive_2_T10,9.6,outer_reef,Amblyglyphidodon aureus,1,Oct_21_44494_Holmes_ROV_Dive_2_T10,0:03:20
Oct_21,25/10/2021,Holmes,ROV,Dive_2_T10,9.6,outer_reef,Chromis iomelas,1,Oct_21_44494_Holmes_ROV_Dive_2_T10,0:03:20
Oct_21,25/10/2021,Holmes,ROV,Dive_2_T10,9.6,outer_reef,Chromis iomelas,1,Oct_21_44494_Holmes_ROV_Dive_2_T10,0:03:20
Oct_21,25/10/2021,Holmes,ROV,Dive_2_T10,9.6,outer_reef,Chromis iomelas,1,Oct_21_44494_Holmes_ROV_Dive_2_T10,0:03:20
Oct_21,25/10/2021,Holmes,ROV,Dive_2_T10,9.6,outer_reef,Chromis iomelas,1,Oct_21_44494_Holmes_ROV_Dive_2_T10,0:03:20
Oct_21,25/10/2021,Holmes,ROV,Dive_2_T11,9.6,outer_reef,Ctenochaetus striatus,1,Oct_21_44494_Holmes_ROV_Dive_2_T11,0:03:20
Oct_21,25/10/2021,Holmes,ROV,Dive_2_T11,2.3,outer_reef,Ctenochaetus striatus,1,Oct_21_44494_Holmes_ROV_Dive_2_T11,0:03:20
Oct_21,25/10/2021,Holmes,ROV,Dive_2_T11,2.3,outer_reef,Ctenochaetus striatus,1,Oct_21_44494_Holmes_ROV_Dive_2_T11,0:03:20
Oct_21,25/10/2021,Holmes,ROV,Dive_2_T11,2.3,outer_reef,Ctenochaetus striatus,1,Oct_21_44494_Holmes_ROV_Dive_2_T11,0:03:20
Oct_21,25/10/2021,Holmes,ROV,Dive_2_T11,2.3,outer_reef,Ctenochaetus striatus,1,Oct_21_44494_Holmes_ROV_Dive_2_T11,0:03:20
Oct_21,25/10/2021,Holmes,ROV,Dive_2_T11,2.3,outer_reef,Ctenochaetus striatus,1,Oct_21_44494_Holmes_ROV_Dive_2_T11,0:03:20
Oct_21,25/10/2021,Holmes,ROV,Dive_2_T11,2.3,outer_reef,Ctenochaetus striatus,1,Oct_21_44494_Holmes_ROV_Dive_2_T11,0:03:20
Oct_21,25/10/2021,Holmes,ROV,Dive_2_T11,2.3,outer_reef,Ctenochaetus striatus,1,Oct_21_44494_Holmes_ROV_Dive_2_T11,0:03:20
Oct_21,25/10/2021,Holmes,ROV,Dive_2_T11,2.3,outer_reef,Ctenochaetus striatus,1,Oct_21_44494_Holmes_ROV_Dive_2_T11,0:03:20
Oct_21,25/10/2021,Holmes,ROV,Dive_2_T11,2.3,outer_reef,Ctenochaetus striatus,1,Oct_21_44494_Holmes_ROV_Dive_2_T11,0:03:20
Oct_21,25/10/2021,Holmes,ROV,Dive_2_T11,2.3,outer_reef,Ctenochaetus striatus,1,Oct_21_44494_Holmes_ROV_Dive_2_T11,0:03:20
Oct_21,25/10/2021,Holmes,ROV,Dive_2_T11,2.3,outer_reef,Coris gaimard,1,Oct_21_44494_Holmes_ROV_Dive_2_T11,0:03:20
Oct_21,25/10/2021,Holmes,ROV,Dive_2_T11,2.3,outer_reef,Diploprion bifasciatum,1,Oct_21_44494_Holmes_ROV_Dive_2_T11,0:03:20
Oct_21,25/10/2021,Holmes,ROV,Dive_2_T11,2.3,outer_reef,Diploprion bifasciatum,1,Oct_21_44494_Holmes_ROV_Dive_2_T11,0:03:20
Oct_21,25/10/2021,Holmes,ROV,Dive_2_T11,2.3,outer_reef,Ctenochaetus striatus,1,Oct_21_44494_Holmes_ROV_Dive_2_T11,0:03:20
Oct_21,25/10/2021,Holmes,ROV,Dive_2_T11,2.3,outer_reef,Ctenochaetus striatus,1,Oct_21_44494_Holmes_ROV_Dive_2_T11,0:03:20
Oct_21,25/10/2021,Holmes,ROV,Dive_2_T11,2.3,outer_reef,Ctenochaetus striatus,1,Oct_21_44494_Holmes_ROV_Dive_2_T11,0:03:20
Oct_21,25/10/2021,Holmes,ROV,Dive_2_T11,2.3,outer_reef,Ctenochaetus striatus,1,Oct_21_44494_Holmes_ROV_Dive_2_T11,0:03:20
Oct_21,25/10/2021,Holmes,ROV,Dive_2_T11,2.3,outer_reef,Ctenochaetus striatus,1,Oct_21_44494_Holmes_ROV_Dive_2_T11,0:03:20
Oct_21,25/10/2021,Holmes,ROV,Dive_2_T11,2.3,outer_reef,Sargocentron spiniferum,1,Oct_21_44494_Holmes_ROV_Dive_2_T11,0:03:20
Oct_21,25/10/2021,Holmes,ROV,Dive_2_T11,2.3,outer_reef,Ctenochaetus striatus,1,Oct_21_44494_Holmes_ROV_Dive_2_T11,0:03:20
Oct_21,25/10/2021,Holmes,ROV,Dive_2_T11,2.3,outer_reef,Ctenochaetus striatus,1,Oct_21_44494_Holmes_ROV_Dive_2_T11,0:03:20
Oct_21,25/10/2021,Holmes,ROV,Dive_2_T11,2.3,outer_reef,Ctenochaetus striatus,1,Oct_21_44494_Holmes_ROV_Dive_2_T11,0:03:20
Oct_21,25/10/2021,Holmes,ROV,Dive_2_T11,2.3,outer_reef,Ctenochaetus striatus,1,Oct_21_44494_Holmes_ROV_Dive_2_T11,0:03:20
Oct_21,25/10/2021,Holmes,ROV,Dive_2_T11,2.3,outer_reef,Ctenochaetus striatus,1,Oct_21_44494_Holmes_ROV_Dive_2_T11,0:03:20
Oct_21,25/10/2021,Holmes,ROV,Dive_2_T11,2.3,outer_reef,Ctenochaetus striatus,1,Oct_21_44494_Holmes_ROV_Dive_2_T11,0:03:20
Oct_21,25/10/2021,Holmes,ROV,Dive_2_T11,2.3,outer_reef,Ctenochaetus striatus,1,Oct_21_44494_Holmes_ROV_Dive_2_T11,0:03:20
Oct_21,25/10/2021,Holmes,ROV,Dive_2_T11,2.3,outer_reef,Ctenochaetus striatus,1,Oct_21_44494_Holmes_ROV_Dive_2_T11,0:03:20
Oct_21,25/10/2021,Holmes,ROV,Dive_2_T11,2.3,outer_reef,Ctenochaetus striatus,1,Oct_21_44494_Holmes_ROV_Dive_2_T11,0:03:20
Oct_21,25/10/2021,Holmes,ROV,Dive_2_T11,2.3,outer_reef,Ctenochaetus striatus,1,Oct_21_44494_Holmes_ROV_Dive_2_T11,0:03:20
Oct_21,25/10/2021,Holmes,ROV,Dive_2_T11,2.3,outer_reef,Ctenochaetus striatus,1,Oct_21_44494_Holmes_ROV_Dive_2_T11,0:03:20
Oct_21,25/10/2021,Holmes,ROV,Dive_2_T11,2.3,outer_reef,Ctenochaetus striatus,1,Oct_21_44494_Holmes_ROV_Dive_2_T11,0:03:20
Oct_21,25/10/2021,Holmes,ROV,Dive_2_T11,2.3,outer_reef,Acanthurus lineatus,1,Oct_21_44494_Holmes_ROV_Dive_2_T11,0:03:20
Oct_21,25/10/2021,Holmes,ROV,Dive_2_T11,2.3,outer_reef,Kyphosus vaigiensis,1,Oct_21_44494_Holmes_ROV_Dive_2_T11,0:03:20
Oct_21,25/10/2021,Holmes,ROV,Dive_2_T11,2.3,outer_reef,Ctenochaetus striatus,1,Oct_21_44494_Holmes_ROV_Dive_2_T11,0:03:20
Oct_21,25/10/2021,Holmes,ROV,Dive_2_T11,2.3,outer_reef,Ctenochaetus striatus,1,Oct_21_44494_Holmes_ROV_Dive_2_T11,0:03:20
Oct_21,25/10/2021,Holmes,ROV,Dive_2_T11,2.3,outer_reef,Ctenochaetus striatus,1,Oct_21_44494_Holmes_ROV_Dive_2_T11,0:03:20
Oct_21,25/10/2021,Holmes,ROV,Dive_2_T11,2.3,outer_reef,Plectropomus laevis,1,Oct_21_44494_Holmes_ROV_Dive_2_T11,0:03:20
Oct_21,25/10/2021,Holmes,ROV,Dive_2_T11,2.3,outer_reef,Thalassoma hardwicke,1,Oct_21_44494_Holmes_ROV_Dive_2_T11,0:03:20
Oct_21,25/10/2021,Holmes,ROV,Dive_2_T11,2.3,outer_reef,Ctenochaetus striatus,1,Oct_21_44494_Holmes_ROV_Dive_2_T11,0:03:20
Oct_21,25/10/2021,Holmes,ROV,Dive_2_T11,2.3,outer_reef,Ctenochaetus striatus,1,Oct_21_44494_Holmes_ROV_Dive_2_T11,0:03:20
Oct_21,25/10/2021,Holmes,ROV,Dive_2_T11,2.3,outer_reef,Ctenochaetus striatus,1,Oct_21_44494_Holmes_ROV_Dive_2_T11,0:03:20
Oct_21,25/10/2021,Holmes,ROV,Dive_2_T11,2.3,outer_reef,Ctenochaetus striatus,1,Oct_21_44494_Holmes_ROV_Dive_2_T11,0:03:20
Oct_21,25/10/2021,Holmes,ROV,Dive_2_T11,2.3,outer_reef,Ctenochaetus striatus,1,Oct_21_44494_Holmes_ROV_Dive_2_T11,0:03:20
Oct_21,25/10/2021,Holmes,ROV,Dive_2_T11,2.3,outer_reef,Ctenochaetus striatus,1,Oct_21_44494_Holmes_ROV_Dive_2_T11,0:03:20
Oct_21,25/10/2021,Holmes,ROV,Dive_2_T11,2.3,outer_reef,Chlorurus capistratoides,1,Oct_21_44494_Holmes_ROV_Dive_2_T11,0:03:20
Oct_21,25/10/2021,Holmes,ROV,Dive_2_T11,2.3,outer_reef,Diploprion bifasciatum,1,Oct_21_44494_Holmes_ROV_Dive_2_T11,0:03:20
Oct_21,25/10/2021,Holmes,ROV,Dive_2_T11,2.3,outer_reef,Chaetodon auriga,1,Oct_21_44494_Holmes_ROV_Dive_2_T11,0:03:20
Oct_21,25/10/2021,Holmes,ROV,Dive_2_T11,2.3,outer_reef,Parupeneus multifasciatus,1,Oct_21_44494_Holmes_ROV_Dive_2_T11,0:03:20
Oct_21,25/10/2021,Holmes,ROV,Dive_2_T11,2.3,outer_reef,Ctenochaetus striatus,1,Oct_21_44494_Holmes_ROV_Dive_2_T11,0:03:20
Oct_21,25/10/2021,Holmes,ROV,Dive_2_T11,2.3,outer_reef,Ctenochaetus striatus,1,Oct_21_44494_Holmes_ROV_Dive_2_T11,0:03:20
Oct_21,25/10/2021,Holmes,ROV,Dive_2_T11,2.3,outer_reef,Ctenochaetus striatus,1,Oct_21_44494_Holmes_ROV_Dive_2_T11,0:03:20
Oct_21,25/10/2021,Holmes,ROV,Dive_2_T11,2.3,outer_reef,Ctenochaetus striatus,1,Oct_21_44494_Holmes_ROV_Dive_2_T11,0:03:20
Oct_21,25/10/2021,Holmes,ROV,Dive_2_T11,2.3,outer_reef,Ctenochaetus striatus,1,Oct_21_44494_Holmes_ROV_Dive_2_T11,0:03:20
Oct_21,25/10/2021,Holmes,ROV,Dive_2_T11,2.3,outer_reef,Ctenochaetus striatus,1,Oct_21_44494_Holmes_ROV_Dive_2_T11,0:03:20
Oct_21,25/10/2021,Holmes,ROV,Dive_2_T11,2.3,outer_reef,Ctenochaetus striatus,1,Oct_21_44494_Holmes_ROV_Dive_2_T11,0:03:20
Oct_21,25/10/2021,Holmes,ROV,Dive_2_T11,2.3,outer_reef,Acanthurus lineatus,1,Oct_21_44494_Holmes_ROV_Dive_2_T11,0:03:20
Oct_21,25/10/2021,Holmes,ROV,Dive_2_T11,2.3,outer_reef,Hemigymnus fasciatus,1,Oct_21_44494_Holmes_ROV_Dive_2_T11,0:03:20
Oct_21,25/10/2021,Holmes,ROV,Dive_2_T11,2.3,outer_reef,Hemigymnus fasciatus,1,Oct_21_44494_Holmes_ROV_Dive_2_T11,0:03:20
Oct_21,25/10/2021,Holmes,ROV,Dive_2_T11,2.3,outer_reef,Chlorurus capistratoides,1,Oct_21_44494_Holmes_ROV_Dive_2_T11,0:03:20
Oct_21,25/10/2021,Holmes,ROV,Dive_2_T11,2.3,outer_reef,Chlorurus capistratoides,1,Oct_21_44494_Holmes_ROV_Dive_2_T11,0:03:20
Oct_21,25/10/2021,Holmes,ROV,Dive_2_T11,2.3,outer_reef,Coris gaimard,1,Oct_21_44494_Holmes_ROV_Dive_2_T11,0:03:20
Oct_21,25/10/2021,Holmes,ROV,Dive_2_T11,2.3,outer_reef,Ctenochaetus striatus,1,Oct_21_44494_Holmes_ROV_Dive_2_T11,0:03:20
Oct_21,25/10/2021,Holmes,ROV,Dive_2_T11,2.3,outer_reef,Chlorurus bleekeri,1,Oct_21_44494_Holmes_ROV_Dive_2_T11,0:03:20
Oct_21,25/10/2021,Holmes,ROV,Dive_2_T11,2.3,outer_reef,Ctenochaetus striatus,1,Oct_21_44494_Holmes_ROV_Dive_2_T11,0:03:20
Oct_21,25/10/2021,Holmes,ROV,Dive_2_T11,2.3,outer_reef,Acanthurus lineatus,1,Oct_21_44494_Holmes_ROV_Dive_2_T11,0:03:20
Oct_21,25/10/2021,Holmes,ROV,Dive_2_T11,2.3,outer_reef,Ctenochaetus striatus,1,Oct_21_44494_Holmes_ROV_Dive_2_T11,0:03:20
Oct_21,25/10/2021,Holmes,ROV,Dive_2_T11,2.3,outer_reef,Chlorurus capistratoides,1,Oct_21_44494_Holmes_ROV_Dive_2_T11,0:03:20
Oct_21,25/10/2021,Holmes,ROV,Dive_2_T11,2.3,outer_reef,Acanthurus leucocheilus,1,Oct_21_44494_Holmes_ROV_Dive_2_T11,0:03:20
Oct_21,25/10/2021,Holmes,ROV,Dive_2_T11,2.3,outer_reef,Thalassoma hardwicke,1,Oct_21_44494_Holmes_ROV_Dive_2_T11,0:03:20
Oct_21,25/10/2021,Holmes,ROV,Dive_2_T11,2.3,outer_reef,Ctenochaetus striatus,1,Oct_21_44494_Holmes_ROV_Dive_2_T11,0:03:20
Oct_21,25/10/2021,Holmes,ROV,Dive_2_T11,2.3,outer_reef,Scarus chameleon,1,Oct_21_44494_Holmes_ROV_Dive_2_T11,0:03:20